date,sector,global_mean,global_std,global_count
2019-01-01,단기자금,-0.09060000379880269,0.7411567911417599,3
2019-01-02,단기자금,-0.07663237452507018,0.5024558107065658,10
2019-01-03,단기자금,-0.3006076739790539,0.5145235215139475,12
2019-01-04,단기자금,-0.21210215712587038,0.3142286020241789,15
2019-01-05,단기자금,-0.039416203275322914,0.2690769576938383,8
2019-01-06,단기자금,-0.2786983315917579,0.4411995698216533,11
2019-01-07,단기자금,-0.10671746945725037,0.41515864900407323,13
2019-01-08,단기자금,0.0705764852464199,0.39354553912910956,8
2019-01-09,단기자금,-0.20718385021273905,0.25849991378984355,13
2019-01-10,단기자금,-0.3021987889789873,0.44713330573078186,27
2019-01-11,단기자금,-0.20233674068003893,0.4803104788503307,20
2019-01-12,단기자금,-0.18664130102843046,0.2931055209709566,4
2019-01-13,단기자금,-0.033933425632615886,0.13417264371852294,6
2019-01-14,단기자금,-0.16838382237723895,0.4995762465341187,14
2019-01-15,단기자금,-0.07629181403252813,0.3554620275315667,9
2019-01-16,단기자금,-0.03659075032919645,0.46179832750066296,8
2019-01-17,단기자금,0.026275448873639105,0.4356391476412692,10
2019-01-18,단기자금,-0.11553825810551643,0.4670672292274045,14
2019-01-19,단기자금,-0.45660583674907684,0.38515346747651547,3
2019-01-20,단기자금,-0.27179229632019997,0.4136506179879897,5
2019-01-21,단기자금,-0.2806639124949773,0.49410257192205925,6
2019-01-22,단기자금,0.09881370794028044,0.146899112102704,10
2019-01-23,단기자금,-0.3895518947392702,0.4879387708919347,8
2019-01-24,단기자금,-0.2029368244111538,0.3966447646561569,9
2019-01-25,단기자금,-0.32509386858769823,0.3967384866911228,14
2019-01-26,단기자금,-0.0440250807441771,0.39855861119713537,8
2019-01-27,단기자금,-0.16240349571619714,0.22918918574281757,7
2019-01-28,단기자금,-0.2145195874170615,0.45749754735355996,13
2019-01-29,단기자금,-0.23324009072449473,0.36414190407291697,9
2019-01-30,단기자금,-0.11550790931169803,0.514314072576035,13
2019-01-31,단기자금,-0.2594647204503417,0.38955149327525096,10
2019-02-01,단기자금,-0.16268968731164932,0.3228577884588093,15
2019-02-02,단기자금,0.1130641058087349,0.15260336716203,5
2019-02-03,단기자금,0.17366883251816034,0.45592938083804263,4
2019-02-04,단기자금,-0.07846868990196122,0.18584530261352344,9
2019-02-05,단기자금,0.01672654057090933,0.18430738445074563,11
2019-02-06,단기자금,-0.00448860926553607,0.2658792525462316,8
2019-02-07,단기자금,0.11103341329310622,0.5946668093815708,7
2019-02-08,단기자금,-0.15841055810451507,0.431577041511763,15
2019-02-09,단기자금,-0.3397839665412903,0.2919115173036657,2
2019-02-10,단기자금,-0.17165977973490953,0.4566989260047099,4
2019-02-11,단기자금,-0.1503932388499379,0.2885122547280681,10
2019-02-12,단기자금,-0.13165005831979215,0.37184436795641024,16
2019-02-13,단기자금,-0.1305819364885489,0.343774907802913,9
2019-02-14,단기자금,-0.10030154107759397,0.37120175884533685,12
2019-02-15,단기자금,-0.0375146153382957,0.3265689626450999,16
2019-02-16,단기자금,-0.331554140150547,0.5136028804886197,5
2019-02-17,단기자금,0.2858590396742026,0.3829020517874095,3
2019-02-18,단기자금,-0.09008131315931678,0.21257056016571982,4
2019-02-19,단기자금,-0.20082156918942928,0.34689173977492604,8
2019-02-20,단기자금,-0.01709246411919594,0.41073067628063703,10
2019-02-21,단기자금,-0.19285984616726637,0.299329675706004,8
2019-02-22,단기자금,-0.16168143626834666,0.34764055282377904,14
2019-02-23,단기자금,-0.03916420042514801,0.22957395689663884,6
2019-02-24,단기자금,0.032010527700185774,0.05235416140836797,5
2019-02-25,단기자금,0.060288369241687984,0.10789129667655804,9
2019-02-26,단기자금,-0.1020941681095532,0.38542327722457204,7
2019-02-27,단기자금,-0.06006723525933921,0.16752538179422793,8
2019-02-28,단기자금,-0.12084598715106647,0.49440268212118,9
2019-08-01,단기자금,-0.394095146159331,0.40884643994202446,15
2019-08-02,단기자금,-0.15141023522508995,0.4190324306493438,14
2019-08-03,단기자금,-0.2335060959060987,0.44375567853577896,3
2019-08-04,단기자금,-0.2526372941210866,0.8093311792219486,4
2019-08-05,단기자금,-0.3466686831255044,0.40343494192986884,14
2019-08-06,단기자금,-0.2485890290276571,0.3235883481756279,11
2019-08-07,단기자금,-0.3336622373899445,0.41470532756109424,16
2019-08-08,단기자금,-0.26624077916718447,0.5251125070440165,13
2019-08-09,단기자금,-0.1645291866734624,0.32959528750322076,12
2019-08-10,단기자금,-0.15764240827411413,0.3938649459537473,4
2019-08-11,단기자금,-0.007032738998532295,0.03457560708364325,2
2019-08-12,단기자금,-0.2254507810705238,0.5301487722428287,9
2019-08-13,단기자금,-0.04639448660115401,0.30892348139910764,12
2019-08-14,단기자금,-0.42199597768485547,0.4542115264996029,10
2019-08-15,단기자금,-0.1791834779741133,0.49820197915629644,17
2019-08-16,단기자금,-0.27870137865344685,0.3986697799300663,12
2019-08-17,단기자금,-0.3144471809267998,0.22974452307116502,5
2019-08-18,단기자금,-0.5312325518046107,0.44966285246806414,7
2019-08-19,단기자금,-0.17111591781888688,0.40746795851144085,7
2019-08-20,단기자금,0.02050822600722313,0.10799130610001811,5
2019-08-21,단기자금,-0.04698907313021747,0.48339595039506317,11
2019-08-22,단기자금,-0.17036410953317369,0.47559792734431977,14
2019-08-23,단기자금,-0.19459903364380202,0.3978711374286377,15
2019-08-24,단기자금,-0.02579331903585366,0.37726265722159946,7
2019-08-25,단기자금,-0.2520845293998718,0.48757385078032983,5
2019-08-26,단기자금,-0.04061264491506985,0.11732236628027749,7
2019-08-27,단기자금,-0.22852134721522982,0.44558060814565026,11
2019-08-28,단기자금,-0.19075489602982998,0.3844682585239944,10
2019-08-29,단기자금,-0.22733718984656864,0.3784690926077056,9
2019-08-30,단기자금,-0.29585963984330493,0.4499321755183838,9
2019-08-31,단기자금,-0.12817676631467684,0.39688870668476306,7
2019-10-01,단기자금,-0.017108406043714948,0.45244729485202434,9
2019-10-02,단기자금,-0.23357896796531147,0.3503304151430605,9
2019-10-03,단기자금,-0.13630334780152356,0.44953032984623553,14
2019-10-04,단기자금,-0.186808102365051,0.4113132417386488,7
2019-10-06,단기자금,-0.11806049197912216,0.3702943993463265,5
2019-10-07,단기자금,-0.31032484327442944,0.39437465198198285,16
2019-10-08,단기자금,-0.2575028942754635,0.5215397788449616,13
2019-10-09,단기자금,-0.48427542032940046,0.6695809777852324,7
2019-10-10,단기자금,-0.14283090271055698,0.34749496044656275,10
2019-10-11,단기자금,0.00019353477714153437,0.3912362564094275,26
2019-10-12,단기자금,0.1292538233101368,0.23577135987551306,5
2019-10-13,단기자금,0.03212917037308216,0.056068060546464474,6
2019-10-14,단기자금,-0.09089990918125425,0.23479560971192961,7
2019-10-15,단기자금,-0.196626846678555,0.4083064804036075,12
2019-10-16,단기자금,0.0016262439581064077,0.26398010812847517,13
2019-10-17,단기자금,-0.17200709929068883,0.4331146927823672,15
2019-10-18,단기자금,-0.11252275481820107,0.3166326767964075,8
2019-10-19,단기자금,-0.29108657967299223,0.4375439275475629,4
2019-10-20,단기자금,-0.2111805807799101,0.2159264908850707,3
2019-10-21,단기자금,-0.17862020220075334,0.4400456736033678,7
2019-10-22,단기자금,-0.21663628789511594,0.5185291634792897,11
2019-10-23,단기자금,-0.04434378114011553,0.49106769651886417,9
2019-10-24,단기자금,-0.22345365066495207,0.44221859427826393,18
2019-10-25,단기자금,-0.1273411586880684,0.38299116841615255,19
2019-10-26,단기자금,0.18556195603949682,0.30915547078241656,7
2019-10-27,단기자금,-0.6143179535865784,0.4245610630884023,3
2019-10-28,단기자금,-0.1316993609070778,0.231494902725454,10
2019-10-29,단기자금,-0.06699368171393871,0.3081444310766502,12
2019-10-30,단기자금,-0.09233706931655224,0.46428545395297055,13
2019-10-31,단기자금,-0.1826499844590823,0.3687524908257506,15
2019-11-01,단기자금,-0.17261778542564976,0.5263099943616676,18
2019-11-02,단기자금,0.0198128629475832,0.030309445807716436,5
2019-11-03,단기자금,-0.2767124624612431,0.42586194125824833,12
2019-11-04,단기자금,-0.14077784651173994,0.45694152346863637,13
2019-11-05,단기자금,-0.18228695568229472,0.3840522653948312,7
2019-11-06,단기자금,-0.2859297023387626,0.41957487619671663,16
2019-11-07,단기자금,-0.266601518727839,0.3497592727296805,8
2019-11-08,단기자금,-0.14408919861649766,0.46632005268020593,17
2019-11-09,단기자금,0.004358875565230846,0.079260825470549,4
2019-11-10,단기자금,-0.0427408612200192,0.17938352250019507,7
2019-11-11,단기자금,0.032844084625442825,0.07957765476752753,6
2019-11-12,단기자금,-0.25975092417664,0.3274356595440171,9
2019-11-13,단기자금,-0.2227155702188611,0.38164055818674425,10
2019-11-14,단기자금,0.061790772928641394,0.21053892730535156,13
2019-11-15,단기자금,-0.22332643860807785,0.35588903275072575,13
2019-11-16,단기자금,-0.02501751482486725,0.21082001139118983,2
2019-11-17,단기자금,-0.23142300248146058,0.39868819053244764,5
2019-11-18,단기자금,-0.19599822275340556,0.4320358250052479,10
2019-11-19,단기자금,-0.11578698083758354,0.5292864059514948,8
2019-11-20,단기자금,-0.10057831602171063,0.42851470085602633,12
2019-11-21,단기자금,-0.4006110606715083,0.3262708304424271,8
2019-11-22,단기자금,-0.08354843611066992,0.3251847008227155,11
2019-11-23,단기자금,-0.5213466435670853,0.4715098387409857,2
2019-11-24,단기자금,-0.010613718070089817,0.0011210995849447014,2
2019-11-25,단기자금,0.25912138766476084,0.4267909466483668,7
2019-11-26,단기자금,-0.20686411972229296,0.44613631255843983,13
2019-11-27,단기자금,-0.18972600597356046,0.42217739493179113,7
2019-11-28,단기자금,-0.026494300613800686,0.15812089779277583,3
2019-11-29,단기자금,-0.024829180911183357,0.0535855445909788,6
2019-11-30,단기자금,-0.20311884054293236,0.25560772691214906,6
2019-12-01,단기자금,0.48635733500123024,0.5674910412473069,2
2019-12-02,단기자금,-0.1205788425036839,0.3911045456323587,7
2019-12-03,단기자금,0.02041281345817778,0.28553615571904317,9
2019-12-04,단기자금,-0.10368249352489199,0.111539955178602,7
2019-12-05,단기자금,-0.006983870773443154,0.4161814753164088,14
2019-12-06,단기자금,-0.12264783544973894,0.4496664168289685,11
2019-12-07,단기자금,-0.07204020768404007,0.0,1
2019-12-08,단기자금,-0.21553310379385948,0.32822022186514915,8
2019-12-09,단기자금,-0.1950932121835649,0.31930226917893706,8
2019-12-10,단기자금,-0.25360044662375003,0.34232064619640756,16
2019-12-11,단기자금,-0.1357542051884689,0.4212549896427298,19
2019-12-12,단기자금,-0.03261793376161502,0.4948521753252175,13
2019-12-13,단기자금,0.02404148131608963,0.3630886102694385,13
2019-12-14,단기자금,-0.055721320004926786,0.41254909381012994,9
2019-12-15,단기자금,-0.12428420595824718,0.5800644106307394,4
2019-12-16,단기자금,0.03349387231800291,0.4109528618158513,9
2019-12-17,단기자금,-0.26237139229973155,0.549528084499758,12
2019-12-18,단기자금,-0.030780669301748276,0.22319240766341397,7
2019-12-19,단기자금,-0.0856490028090775,0.17381377357137653,8
2019-12-20,단기자금,-0.15985983548065028,0.30270928842735956,6
2019-12-21,단기자금,-0.5106867502133051,0.5472746545023168,6
2019-12-22,단기자금,-0.41666996479034424,0.6808777293343246,4
2019-12-23,단기자금,-0.31703061583851067,0.4013200334681775,7
2019-12-24,단기자금,-0.09501577354967594,0.3210371123100158,6
2019-12-25,단기자금,-0.2882845737040043,0.47529675723206644,4
2019-12-26,단기자금,-0.09274740144610405,0.0931986700202674,5
2019-12-27,단기자금,0.07124793314589904,0.3191303314882812,13
2019-12-28,단기자금,0.07250212629636128,0.06449555708615697,3
2019-12-29,단기자금,0.19285102002322674,0.7601775595997599,4
2019-12-30,단기자금,-0.30098420415412297,0.40254876909081944,11
2019-12-31,단기자금,-0.13104413491156366,0.2519200348649139,9
2022-01-01,단기자금,-0.1803501844406128,0.0,1
2022-01-02,단기자금,-0.02539163703719775,0.15022312625749382,3
2022-01-03,단기자금,-0.3840416951311959,0.4984041528180834,9
2022-01-04,단기자금,-0.24104128976662953,0.4758332503309945,15
2022-01-05,단기자금,0.08415911181105508,0.4453587209731621,9
2022-01-06,단기자금,-0.1761988466605544,0.35825194680661304,12
2022-01-07,단기자금,-0.319871106185019,0.5791938222657715,12
2022-01-08,단기자금,-0.11002205312252045,0.10910303900266498,2
2022-01-10,단기자금,-0.12207480147480965,0.5474913088588033,8
2022-01-11,단기자금,0.06986369032944952,0.6605477753926886,7
2022-01-12,단기자금,-0.10953866764903068,0.47931058197153803,10
2022-01-13,단기자금,-0.14062202484770256,0.5657366930904298,11
2022-01-14,단기자금,-0.27443861133522457,0.5860922868771482,18
2022-01-15,단기자금,-0.30031782388687134,0.5088115469015939,4
2022-01-16,단기자금,-0.3991208076477051,0.37846165381514096,4
2022-01-17,단기자금,-0.16466030105948448,0.407757221066526,4
2022-01-18,단기자금,-0.20340638894301194,0.5243373901242264,13
2022-01-19,단기자금,-0.11156727746129036,0.33426839075403775,11
2022-01-20,단기자금,-0.0590153688734228,0.4009437252513615,11
2022-01-21,단기자금,-0.35104857521752514,0.3999953337147606,15
2022-01-22,단기자금,-0.398386940980951,0.45099203677074856,6
2022-01-23,단기자금,-0.24595555663108826,0.4261775166858322,4
2022-01-24,단기자금,-0.31473188133289415,0.47249129113317134,6
2022-01-25,단기자금,-0.4703665245324373,0.4091542658187689,10
2022-01-26,단기자금,-0.11636639271791165,0.4377281574558563,13
2022-01-27,단기자금,-0.36988578074508244,0.44126992463834885,9
2022-01-28,단기자금,-0.088289984036237,0.3274112823826901,12
2022-01-29,단기자금,-0.3547331549227238,0.3345540646736641,5
2022-01-30,단기자금,0.08803258650004864,0.40234319761764664,4
2022-01-31,단기자금,-0.06357905856118752,0.383355063539142,13
2022-02-01,단기자금,0.03431692375586583,0.5320109751888997,13
2022-02-02,단기자금,-0.1993300225585699,0.7271215775151812,8
2022-02-03,단기자금,0.12810851057822054,0.5110834037716396,11
2022-02-04,단기자금,-0.07414232722173135,0.6224957325736676,12
2022-02-05,단기자금,-0.2190636588881413,0.3373367299378705,3
2022-02-06,단기자금,0.3090374345580737,0.47844589543938143,3
2022-02-07,단기자금,-0.05963571079903179,0.5310990619841467,9
2022-02-08,단기자금,-0.4220288200303912,0.4421615902922726,12
2022-02-09,단기자금,-0.1111704981462522,0.3012854431324814,11
2022-02-10,단기자금,-0.18702694130214778,0.5298964072629051,11
2022-02-11,단기자금,-0.1584572084248066,0.4768741764619148,13
2022-02-12,단기자금,0.2608741447329521,0.3391116697027599,5
2022-02-13,단기자금,-0.35660653514787555,0.34767171115382595,4
2022-02-14,단기자금,-0.23338285254107582,0.4362960930498278,9
2022-02-15,단기자금,-0.3521752912551165,0.43815328820292365,10
2022-02-16,단기자금,-0.06957202777266502,0.258792078935528,11
2022-02-17,단기자금,-0.13264938242112598,0.5034640365179399,12
2022-02-18,단기자금,-0.27161966373815255,0.366004277586409,17
2022-02-19,단기자금,-0.09174162521958351,0.4525207321476833,6
2022-02-20,단기자금,0.09494410455226898,0.21254312207228496,2
2022-02-21,단기자금,-0.3575678877532482,0.3178538900083615,4
2022-02-22,단기자금,-0.38775983618365395,0.34335713347891333,18
2022-02-23,단기자금,-0.29429456281165284,0.4307442174250702,12
2022-02-24,단기자금,-0.37058093872937287,0.4377916368367599,11
2022-02-25,단기자금,-0.39679745899943203,0.3745755052052623,13
2022-02-26,단기자금,-0.16595945826598577,0.28987078275152406,7
2022-02-27,단기자금,-0.8767890930175781,0.0,1
2022-02-28,단기자금,-0.3637526638128541,0.38283830511081296,11
2022-08-01,단기자금,-0.24573839286511595,0.3116770593641562,11
2022-08-02,단기자금,-0.4715326444970237,0.4799663366032206,9
2022-08-03,단기자금,-0.1645801360718906,0.6434514948336777,8
2022-08-04,단기자금,-0.048014954974253975,0.35266574698045666,12
2022-08-05,단기자금,-0.04341594292782247,0.5608047469782653,16
2022-08-06,단기자금,-0.003460405394434929,0.10393159800086613,4
2022-08-07,단기자금,-0.07082312414422631,0.605611612512059,4
2022-08-08,단기자금,-0.3299184925854206,0.45850743923137566,4
2022-08-09,단기자금,-0.1625083051621914,0.313958648532535,6
2022-08-10,단기자금,0.011620368601547347,0.5680249359975106,9
2022-08-11,단기자금,-0.29529545787307954,0.41209459901867396,9
2022-08-12,단기자금,-0.01958977182706197,0.49027871855058625,9
2022-08-13,단기자금,0.002462890206111802,0.07789370026520485,9
2022-08-14,단기자금,0.23600940108299256,0.600166114455423,5
2022-08-15,단기자금,-0.21830792766478327,0.6072517252025988,9
2022-08-16,단기자금,-0.1966158054355118,0.40751957778965203,9
2022-08-17,단기자금,-0.045410478860139845,0.5700862151462336,10
2022-08-18,단기자금,-0.46748735507329303,0.4177295775176386,9
2022-08-19,단기자금,-0.02436739467084408,0.301205827250008,10
2022-08-20,단기자금,-0.1374336861073971,0.25284612939115453,5
2022-08-21,단기자금,-0.4523570351302624,0.6310240752397351,2
2022-08-22,단기자금,-0.29570436477661133,0.5657963721010962,5
2022-08-23,단기자금,-0.28944995685014874,0.41490578201227707,16
2022-08-24,단기자금,-0.12648856182667342,0.5513988514159914,11
2022-08-25,단기자금,-0.18522918762432206,0.41572306291436817,9
2022-08-26,단기자금,0.0234023234496514,0.4209571616132502,15
2022-08-27,단기자금,-0.5307137177636226,0.4792535730945621,3
2022-08-28,단기자금,0.07015702724456788,0.14338443347656538,5
2022-08-29,단기자금,-0.05682719312608242,0.20680154640802204,12
2022-08-30,단기자금,-0.21818775435288748,0.48291021922032223,6
2022-08-31,단기자금,0.30054647102952003,0.5146341407691776,3
2022-10-01,단기자금,-0.19738170504570007,0.6054841963613979,3
2022-10-02,단기자금,-0.12275376878678798,0.629084136169129,5
2022-10-03,단기자금,-0.1670963503420353,0.369455391963312,11
2022-10-04,단기자금,-0.32278342042118313,0.5076033045421895,10
2022-10-05,단기자금,-0.30963685394575197,0.5422695953804829,12
2022-10-06,단기자금,-0.02404009159654379,0.19061465046415713,10
2022-10-07,단기자금,-0.11475715718486092,0.5173894436105317,11
2022-10-08,단기자금,-0.03275869662563006,0.06592403469292656,3
2022-10-09,단기자금,-0.25402114105721313,0.22176162835149157,6
2022-10-10,단기자금,-0.05000742586950461,0.2638590390520644,12
2022-10-11,단기자금,-0.06643590650388173,0.2556462564497691,7
2022-10-12,단기자금,-0.12085577566176653,0.5128969527611288,16
2022-10-13,단기자금,-0.2511361247914679,0.4777481728907916,17
2022-10-14,단기자금,-0.37883953247219326,0.41067183493798853,20
2022-10-15,단기자금,-0.32377393171191216,0.5278081779259207,6
2022-10-16,단기자금,-0.05446386039257049,0.5760001006984364,5
2022-10-17,단기자금,-0.1665156881014506,0.4874980381322577,12
2022-10-18,단기자금,0.0006136807302633921,0.5363591786106585,9
2022-10-19,단기자금,-0.22833731554840742,0.4784008095221656,19
2022-10-20,단기자금,-0.2629843324733277,0.3236703154677983,12
2022-10-21,단기자금,-0.21885946424057087,0.34840132845759386,18
2022-10-22,단기자금,-0.021628816798329353,0.5997510830698518,5
2022-10-23,단기자금,-0.11152916667716843,0.41618422926598536,7
2022-10-24,단기자금,-0.17639294954446647,0.523070496025728,13
2022-10-25,단기자금,-0.1776257206431844,0.39669370156780603,11
2022-10-26,단기자금,-0.3425819536840374,0.4443198533683812,11
2022-10-27,단기자금,0.1715406176487082,0.5413742615266951,19
2022-10-28,단기자금,-0.08211466826890644,0.4167927491621862,19
2022-10-29,단기자금,-0.6382647554079691,0.2696754728842778,3
2022-10-30,단기자금,-0.030550519625345867,0.17245791933473467,3
2022-10-31,단기자금,-0.09759867750108242,0.31271347127181215,8
2022-11-01,단기자금,0.22062222729437053,0.41192117925463034,8
2022-11-02,단기자금,-0.20673567069073517,0.3830276201649825,15
2022-11-03,단기자금,-0.0911035103989499,0.5024723232283141,14
2022-11-04,단기자금,-0.08742334600538015,0.5373738068905832,14
2022-11-05,단기자금,-0.24892848506569862,0.3046681924691066,5
2022-11-06,단기자금,-0.00748105812817812,0.31839124941112223,8
2022-11-07,단기자금,-0.14866712730791834,0.4324602489142653,9
2022-11-08,단기자금,-0.13414724950085988,0.33703150890987815,11
2022-11-09,단기자금,-0.1927064240656116,0.4443987669267545,11
2022-11-10,단기자금,-0.22508381276081005,0.4328361357684936,18
2022-11-11,단기자금,-0.40105562599805683,0.5421058478097553,13
2022-11-12,단기자금,-0.0642172268902262,0.5095199037072135,6
2022-11-13,단기자금,-0.10610228431011949,0.5899522708926597,7
2022-11-14,단기자금,-0.2238836482167244,0.42822274320364867,5
2022-11-15,단기자금,0.022456481479681455,0.3585496427660698,13
2022-11-16,단기자금,-0.0991486765976463,0.392235454483645,14
2022-11-17,단기자금,-0.16654435141632953,0.5637412621243747,12
2022-11-18,단기자금,-0.32301858961582186,0.37464461427870277,15
2022-11-19,단기자금,-0.267020246013999,0.4004084165595052,6
2022-11-20,단기자금,-0.07281525965247836,0.2941821133279527,7
2022-11-21,단기자금,0.14770737886428834,0.23916784915050554,5
2022-11-22,단기자금,-0.3408581489189105,0.4877621142654658,11
2022-11-23,단기자금,-0.2130832685665651,0.38919023798964514,11
2022-11-24,단기자금,-0.46138750296086073,0.6696197053691751,2
2022-11-25,단기자금,-0.049482650640938014,0.4468063331436243,9
2022-11-26,단기자금,0.0883135013282299,0.417598986284799,7
2022-11-27,단기자금,-0.2721131671220064,0.5184492722082367,10
2022-11-28,단기자금,-0.3438429233751127,0.44382413430199397,7
2022-11-29,단기자금,-0.1572413376222054,0.3642155445782663,9
2022-11-30,단기자금,-0.10241981985216791,0.5511683234906242,11
2022-12-01,단기자금,-0.011750744500507912,0.4380679854582289,12
2022-12-02,단기자금,-0.07442042492330074,0.5426809675760507,15
2022-12-03,단기자금,-0.8544058402379354,0.05932449005488901,3
2022-12-04,단기자금,-0.18697179188685759,0.38451740907372,7
2022-12-05,단기자금,-0.2596489592558808,0.5065158691992047,9
2022-12-06,단기자금,-0.2153180569410324,0.3773947812540761,10
2022-12-07,단기자금,-0.11940107494592667,0.39008116562276823,10
2022-12-08,단기자금,-0.21980186365544796,0.3777074014169997,11
2022-12-09,단기자금,-0.2677251690855393,0.7780283566036994,13
2022-12-10,단기자금,-0.10363970200220744,0.34761654119001506,3
2022-12-11,단기자금,-0.32950318563315606,0.29655475293399913,9
2022-12-12,단기자금,-0.19030130485242064,0.44647515171515545,11
2022-12-13,단기자금,0.04504200680689378,0.4800112504482289,11
2022-12-14,단기자금,-0.2770253613591194,0.4400184300596427,10
2022-12-15,단기자금,-0.15571636773113692,0.5280458148790895,14
2022-12-16,단기자금,-0.23350343165489343,0.35180079419146726,13
2022-12-17,단기자금,0.04688270315527916,0.1258917376732267,5
2022-12-18,단기자금,0.09519162277380626,0.3972590775607189,9
2022-12-19,단기자금,-0.22442303597927094,0.28139997348542173,6
2022-12-20,단기자금,0.011920908895822672,0.30921977412467466,13
2022-12-21,단기자금,-0.20291522201150655,0.2909644739335879,10
2022-12-22,단기자금,-0.3149685861542821,0.44865113206763196,10
2022-12-23,단기자금,-0.38087133531059536,0.5360197368440487,7
2022-12-24,단기자금,-0.009066242724657059,0.037107312955953986,2
2022-12-25,단기자금,0.15384615026414394,0.23560943108361126,2
2022-12-26,단기자금,-0.016760505735874176,0.28766717136018577,4
2022-12-27,단기자금,-0.1211381514689752,0.5083755453536286,7
2022-12-28,단기자금,-0.5377400939663252,0.43218739294687725,3
2022-12-29,단기자금,-0.08426888510584832,0.2705468395074596,10
2022-12-30,단기자금,-0.2780297224720319,0.5038576520982185,6
2022-12-31,단기자금,-0.08790207623193662,0.19071470311990296,6
2023-01-01,단기자금,0.03217124162862698,0.07537661145547389,6
2023-01-02,단기자금,0.013073604553937912,0.7283830978543632,4
2023-01-03,단기자금,-0.47093140789204174,0.3768526187830485,9
2023-01-04,단기자금,-0.34950196991364163,0.5750284013474776,12
2023-01-05,단기자금,-0.4657391272485256,0.4346128256725044,3
2023-01-06,단기자금,-0.1346855160187591,0.43630545757042816,11
2023-01-07,단기자금,-0.4041202651957671,0.356946921107728,6
2023-01-08,단기자금,-0.5800300588210424,0.5013570844550115,3
2023-01-09,단기자금,-0.5125250904820859,0.5071504103508144,8
2023-01-10,단기자금,-0.009609216079115867,0.0802474685414576,5
2023-01-11,단기자금,0.10155601631850004,0.3156747564331294,10
2023-01-12,단기자금,-0.019366125265757244,0.6034757562547685,12
2023-01-13,단기자금,-0.193235782161355,0.37000214540182375,15
2023-01-14,단기자금,-0.04274841398000717,0.5172712758556046,6
2023-01-15,단기자금,-0.2674117751419544,0.4608490554589466,5
2023-01-16,단기자금,-0.55271663410323,0.42298986865367366,7
2023-01-17,단기자금,-0.3943821107968688,0.336527741754199,14
2023-01-18,단기자금,-0.12503858727331346,0.41447542834684303,13
2023-01-19,단기자금,-0.07473385310731828,0.22993670976934305,16
2023-01-20,단기자금,-0.2077264249091968,0.39139186347236254,16
2023-01-21,단기자금,-0.08896239288151264,0.20695408424509745,5
2023-01-22,단기자금,-0.384480994194746,0.48358487396086436,2
2023-01-23,단기자금,-0.1364289321936667,0.3731099441410113,12
2023-01-24,단기자금,-0.14441718890642127,0.28379307303541157,12
2023-01-25,단기자금,-0.2698326861219747,0.48341988462555563,7
2023-01-26,단기자금,0.10695776374389727,0.4657809114309477,12
2023-01-27,단기자금,-0.3586503276601434,0.510231004779718,8
2023-01-28,단기자금,-0.19760035226742426,0.35260060471129573,6
2023-01-29,단기자금,-0.5071425372734666,0.439181880481979,4
2023-01-30,단기자금,0.04414739222689108,0.4220002135130202,11
2023-01-31,단기자금,0.02628404942030708,0.5139900865541566,12
2023-02-01,단기자금,-0.2020087859282891,0.47307484289216134,15
2023-02-02,단기자금,-0.07923172121601445,0.572477713864316,14
2023-02-03,단기자금,-0.12664409128851012,0.4789860607572506,19
2023-02-04,단기자금,-0.1603856235742569,0.5492970613447274,5
2023-02-05,단기자금,0.4333330728113651,0.5691269711722572,2
2023-02-06,단기자금,-0.006379801986946,0.16122478702786347,9
2023-02-07,단기자금,-0.07552338484674692,0.35568653803383293,10
2023-02-08,단기자금,-0.0828548197944959,0.42168430390507217,6
2023-02-09,단기자금,-0.23114741841952005,0.5301817209360994,12
2023-02-10,단기자금,-0.2705892523129781,0.4904837948854128,9
2023-02-11,단기자금,-0.3598767779767513,0.3665634293520124,7
2023-02-12,단기자금,0.07402136735618114,0.14230676031943432,4
2023-02-13,단기자금,-0.46599639845745905,0.3999176743070864,7
2023-02-14,단기자금,-0.3408528580847714,0.429867447886925,9
2023-02-15,단기자금,-0.22342934256250208,0.6393812363275363,11
2023-02-16,단기자금,0.06260422989726067,0.2586038770250498,5
2023-02-17,단기자금,-0.2876832311352094,0.40709622736317985,9
2023-02-18,단기자금,-0.3892333209514618,0.0,1
2023-02-19,단기자금,-0.20034966431558132,0.46687565579509427,4
2023-02-20,단기자금,0.0818493515253067,0.09284006637543311,2
2023-02-21,단기자금,0.12020760541781783,0.4034024469360343,8
2023-02-22,단기자금,-0.10503186319362033,0.4683048744512646,11
2023-02-23,단기자금,-0.047459627687931064,0.5655006352212238,5
2023-02-24,단기자금,-0.12094418704509735,0.46426242521966293,5
2023-02-25,단기자금,-0.3021328349908193,0.4101466725629618,9
2023-02-26,단기자금,-0.28609591846664745,0.36096358280494495,6
2023-02-27,단기자금,-0.09067184918306091,0.43856314450353023,11
2023-02-28,단기자금,-0.1610153941437602,0.3487831922900139,12
2023-08-01,단기자금,-0.2936871708370745,0.35050331639097104,8
2023-08-02,단기자금,-0.2766833893954754,0.33632924853654556,5
2023-08-03,단기자금,-0.040650296956300735,0.3267347376655939,11
2023-08-04,단기자금,-0.17908777906136078,0.4375559699438294,11
2023-08-05,단기자금,-0.16417302563786507,0.5178523582287414,7
2023-08-06,단기자금,-0.010128706693649292,0.04013903636666963,3
2023-08-07,단기자금,-0.2793804315539698,0.4809940039931165,12
2023-08-08,단기자금,-0.24536308397849402,0.36068274393491184,3
2023-08-09,단기자금,-0.35318222032351926,0.4250222120087785,11
2023-08-10,단기자금,-0.10126841555421169,0.4774377282074916,13
2023-08-11,단기자금,-0.15043244681631526,0.49002533256143105,12
2023-08-12,단기자금,-0.20680580474436283,0.40820331174264046,4
2023-08-13,단기자금,-0.06280420844753583,0.10433423818364483,3
2023-08-14,단기자금,-0.08918034962632439,0.44312090223221223,11
2023-08-15,단기자금,-0.3019846927685042,0.47001503534105643,12
2023-08-16,단기자금,-0.2225311058262984,0.46715416883345945,15
2023-08-17,단기자금,-0.13564659021794795,0.393960883654083,10
2023-08-18,단기자금,-0.043148292435540095,0.6242599986252274,9
2023-08-19,단기자금,-0.05774320475757122,0.1576243467437115,4
2023-08-20,단기자금,-0.3165663418670495,0.43542767655262193,6
2023-08-21,단기자금,-0.23086332263691084,0.39682827562548456,14
2023-08-22,단기자금,-0.11364823766052723,0.15160265400141718,2
2023-08-23,단기자금,0.15519247204065323,0.5118767726115653,5
2023-08-24,단기자금,-0.02302437275648117,0.4959992088838585,7
2023-08-25,단기자금,-0.09283092183371384,0.5152780286251171,12
2023-08-26,단기자금,-0.06230930984020233,0.30161468836225214,5
2023-08-27,단기자금,0.2272987412288785,0.4179310092325058,4
2023-08-28,단기자금,-0.28994691371917725,0.4841024202812445,6
2023-08-29,단기자금,-0.5262772484372059,0.38554719411795074,6
2023-08-30,단기자금,-0.18522562003797954,0.4023392171770456,9
2023-08-31,단기자금,0.13201282090610927,0.519241955429009,9
2023-10-01,단기자금,-0.28415808733552694,0.5127910846067928,6
2023-10-02,단기자금,-0.30289343297481536,0.3922403661689575,5
2023-10-03,단기자금,-0.5258840036888918,0.450127459957656,9
2023-10-04,단기자금,-0.29650267759958904,0.3980768876431114,15
2023-10-05,단기자금,-0.34582897290014303,0.43190135140815256,13
2023-10-06,단기자금,0.01203887847562631,0.5359190979786801,12
2023-10-07,단기자금,-0.39702802523970604,0.46140682583526604,5
2023-10-08,단기자금,-0.01877521350979805,0.13464724732138636,4
2023-10-09,단기자금,-0.30412745165328187,0.37616318009588695,6
2023-10-10,단기자금,-0.34359436695064816,0.45459317223955326,7
2023-10-11,단기자금,-0.07492556422948837,0.26436962680103054,8
2023-10-12,단기자금,-0.16288367186028224,0.4606275813788133,13
2023-10-13,단기자금,0.051278695153693356,0.43554130758311194,12
2023-10-14,단기자금,-0.4485315568745136,0.6096252667770719,2
2023-10-15,단기자금,-0.2347079947590828,0.43034243601530625,5
2023-10-16,단기자금,-0.19273157743737102,0.557633404740707,8
2023-10-17,단기자금,-0.22738769060621658,0.3657714320452144,12
2023-10-18,단기자금,-0.3465650665263335,0.3082339073817369,6
2023-10-19,단기자금,-0.22552818494538465,0.4496806804491832,12
2023-10-20,단기자금,-0.16920594157030186,0.4757101376174648,12
2023-10-21,단기자금,-0.08197719138115644,0.20312643270552005,4
2023-10-22,단기자금,-0.25409839674830437,0.32974757492466594,5
2023-10-23,단기자금,-0.4996844056993723,0.43691895925609037,5
2023-10-24,단기자금,-0.172215880995447,0.48441576157744287,11
2023-10-25,단기자금,-0.31184001490473745,0.3924478543164632,5
2023-10-26,단기자금,-0.25941368099302053,0.3496105115175193,10
2023-10-27,단기자금,-0.04246712988242507,0.3014529606385351,8
2023-10-28,단기자금,-0.27679117023944855,0.44816020815669677,3
2023-10-29,단기자금,-0.11677051583925883,0.46999121731918747,3
2023-10-30,단기자금,-0.10905591481261784,0.6553958227840783,9
2023-10-31,단기자금,-0.09009577929973603,0.42876947585604097,10
2023-11-01,단기자금,-0.15549262213919843,0.2829842193275862,14
2023-11-02,단기자금,-0.07752907140688463,0.5107326184345504,11
2023-11-03,단기자금,-0.08788081770762801,0.6165231108223022,8
2023-11-04,단기자금,-0.3502059665819009,0.518176651770079,3
2023-11-05,단기자금,-0.18073416948318483,0.2656700368369503,5
2023-11-06,단기자금,0.026238282676786184,0.13643464403862565,8
2023-11-07,단기자금,-0.021316849316159885,0.6092303610231716,6
2023-11-08,단기자금,-0.104408110068603,0.501282734207438,11
2023-11-09,단기자금,-0.4895460456609726,0.5269639388042482,11
2023-11-10,단기자금,-0.19729482701846532,0.3151761951250571,7
2023-11-11,단기자금,-0.3523738781611125,0.4687117299906189,3
2023-11-12,단기자금,-0.16177380084991455,0.0,1
2023-11-13,단기자금,-0.38639003464153837,0.4449129303680789,7
2023-11-14,단기자금,-0.03518829308450222,0.5641926476472846,10
2023-11-15,단기자금,-0.28915692812630106,0.43064217875475963,7
2023-11-16,단기자금,-0.32627080877621967,0.4244297744149711,6
2023-11-17,단기자금,-0.07272196840494871,0.6592926032431238,4
2023-11-18,단기자금,-0.18136914943655333,0.15119267285714202,3
2023-11-19,단기자금,-0.17258356728901467,0.2977129305486052,6
2023-11-20,단기자금,-0.239729106426239,0.254268028757698,5
2023-11-21,단기자금,-0.14027347043156624,0.40437351455720477,9
2023-11-22,단기자금,-0.2659263857640326,0.37573347817179886,8
2023-11-23,단기자금,-0.3828400522470474,0.6139683136648444,5
2023-11-24,단기자금,0.02919975407421589,0.17468711496868355,10
2023-11-25,단기자금,-0.025073591619729996,0.0,1
2023-11-26,단기자금,0.010632060468196869,0.0,1
2023-11-27,단기자금,-0.09085900017193385,0.16283742773999205,7
2023-11-28,단기자금,-0.015153283998370171,0.18511552484513696,10
2023-11-29,단기자금,-0.3380289127429326,0.2592391407218212,3
2023-11-30,단기자금,-0.09050551864008109,0.3308179504590756,12
2023-12-01,단기자금,0.030137804709374903,0.3242124372396364,10
2023-12-02,단기자금,-0.02719667972996831,0.05635713658792149,4
2023-12-03,단기자금,0.07935231338654246,0.49003126483429077,7
2023-12-04,단기자금,-0.17948648100718856,0.5259409952955408,8
2023-12-05,단기자금,-0.34364011883735657,0.40819490547220033,13
2023-12-06,단기자금,-0.23522896048697559,0.4117222269439589,11
2023-12-07,단기자금,-0.4199857721105218,0.6226412765924331,8
2023-12-08,단기자금,-0.1722059732096063,0.537130038979806,9
2023-12-09,단기자금,-0.20003017120891148,0.3230338421887522,9
2023-12-10,단기자금,-0.12096983354006495,0.32490587257025566,7
2023-12-11,단기자금,-0.22914960150691596,0.38359623694198225,11
2023-12-12,단기자금,-0.08786393929686812,0.40970868339785405,9
2023-12-13,단기자금,-0.1146822642873634,0.4268641784904805,11
2023-12-14,단기자금,-0.23770141694694757,0.5036395993933881,10
2023-12-15,단기자금,-0.10634480603039265,0.5999373091653527,8
2023-12-16,단기자금,-0.4303408238504614,0.3959346081626294,7
2023-12-17,단기자금,-0.5684545040130615,0.0,1
2023-12-18,단기자금,-0.2575837355107069,0.5757854831153922,9
2023-12-19,단기자금,-0.3416815876132912,0.3933005845079914,9
2023-12-20,단기자금,-0.10679249123980601,0.43452240178007767,12
2023-12-21,단기자금,-0.10261480241186088,0.4358905330945111,9
2023-12-22,단기자금,0.14861886482685804,0.30893660114883154,8
2023-12-23,단기자금,-0.31936096865683794,0.3654326298867274,6
2023-12-24,단기자금,-0.6127309054136276,0.4079976147550096,2
2023-12-25,단기자금,-0.025315710653861363,0.0543718072012546,3
2023-12-26,단기자금,-0.21565372124314308,0.7605284793714037,4
2023-12-27,단기자금,-0.33461993336677553,0.464311944599127,5
2023-12-28,단기자금,-0.1491162497550249,0.35309418671185305,4
2023-12-29,단기자금,-0.2910937830805779,0.4550613885508837,5
2023-12-30,단기자금,-0.13448371039703488,0.33456186665894394,8
2023-12-31,단기자금,0.029251020401716232,0.28431762139445826,4
2024-01-01,단기자금,-0.25801055654883387,0.4632869409999921,5
2024-01-02,단기자금,-0.506376322824508,0.3959209203602093,8
2024-01-03,단기자금,0.056558286771178246,0.07340102289955902,4
2024-01-04,단기자금,-0.254939628764987,0.39101388677029236,6
2024-01-05,단기자금,0.12650053974773204,0.5770511063701519,7
2024-01-06,단기자금,-0.08560484275221825,0.23589839902109347,5
2024-01-07,단기자금,0.11174897849559784,0.5790883694094293,4
2024-01-08,단기자금,-0.02336132200434804,0.21556522016699187,8
2024-01-09,단기자금,-0.5095343217253685,0.5006391512113436,3
2024-01-10,단기자금,-0.21136453239755196,0.4813934162749117,11
2024-01-11,단기자금,-0.17144474959267036,0.41162271326904,14
2024-01-12,단기자금,0.029079808957046933,0.06179570122292351,9
2024-01-13,단기자금,-0.17674962431192398,0.34707173509495254,4
2024-01-14,단기자금,-0.22914277017116547,0.5601640761976407,3
2024-01-15,단기자금,-0.15385323762893677,0.7699286657509395,4
2024-01-16,단기자금,0.0328484196215868,0.42506361348772526,12
2024-01-17,단기자금,0.059554573976331286,0.46011592014610614,9
2024-01-18,단기자금,-0.23489650711417198,0.1017341089379654,4
2024-01-19,단기자금,-0.11798814574585241,0.47288868105162474,17
2024-01-20,단기자금,-0.19806260677675405,0.34146670643979193,6
2024-01-21,단기자금,-0.054958898574113846,0.14218481162693433,2
2024-01-22,단기자금,-0.018729368845621746,0.5800904607253572,6
2024-01-23,단기자금,-0.20795325422659516,0.506790700372185,8
2024-01-24,단기자금,-0.09195322319865226,0.5540155053548914,5
2024-01-25,단기자금,-0.20492740534245968,0.6356311855328961,8
2024-01-26,단기자금,-0.22257319875061513,0.4276221827789507,10
2024-01-27,단기자금,-0.3608905017375946,0.4646496502618407,5
2024-01-28,단기자금,-0.28245757333934307,0.46018357451523073,6
2024-01-29,단기자금,0.11344588610033195,0.3851675249060908,6
2024-01-30,단기자금,-0.2333203429977099,0.42742929675905567,18
2024-01-31,단기자금,-0.28958710256431786,0.33824051760937707,14
2024-02-01,단기자금,-0.09505951404571533,0.46920069953881793,13
2024-02-02,단기자금,-0.061004095814294286,0.5860370752564683,18
2024-02-03,단기자금,-0.3168031331151724,0.40528254179140527,4
2024-02-04,단기자금,0.019215961918234825,0.08136498062797469,4
2024-02-05,단기자금,0.08778261819056102,0.4576478024826152,7
2024-02-06,단기자금,-0.25902973785996436,0.4974761681179899,10
2024-02-07,단기자금,-0.0055817109532654285,0.6569137586558194,8
2024-02-08,단기자금,-0.1464952387743526,0.5734981166331391,9
2024-02-09,단기자금,-0.04574950825836924,0.3201177759375959,9
2024-02-10,단기자금,-0.06373805180191994,0.09493924167141679,5
2024-02-11,단기자금,-0.04226284225781759,0.10845566598131182,3
2024-02-12,단기자금,-0.246735705062747,0.37416790421704393,4
2024-02-13,단기자금,-0.12474112372313227,0.3826636485687758,7
2024-02-14,단기자금,-0.04900183193385601,0.3185902652854879,10
2024-02-15,단기자금,-0.08170803429351912,0.5779766307866161,9
2024-02-16,단기자금,-0.11558564119040966,0.22763168556927424,10
2024-02-17,단기자금,-0.07303138263523579,0.0838914140507589,4
2024-02-18,단기자금,-0.16561746336519717,0.36664479830337693,5
2024-02-19,단기자금,0.08637734005848567,0.7914793350880841,3
2024-02-20,단기자금,-0.14765043929219246,0.3831084538103466,12
2024-02-21,단기자금,-0.01824661095937093,0.14838793759223498,9
2024-02-22,단기자금,0.04051276048024496,0.5817416200824709,9
2024-02-23,단기자금,-0.1390461701899767,0.4764735367608233,10
2024-02-24,단기자금,0.0873465321958065,0.4011881479174552,5
2024-02-25,단기자금,-0.01168368011713028,0.09676859937906385,3
2024-02-26,단기자금,-0.27753510922193525,0.45181888207135074,5
2024-02-27,단기자금,0.16233283514156938,0.5541881263231354,8
2024-02-28,단기자금,-0.1830793602599038,0.34735596915039957,9
2024-02-29,단기자금,-0.24340434074401857,0.46093668660107834,10
2024-08-01,단기자금,-0.06097632223232226,0.5151019558823242,11
2024-08-02,단기자금,-0.28375328847995174,0.4934706777181271,13
2024-08-03,단기자금,-0.2409578450024128,0.4470179911818162,4
2024-08-04,단기자금,0.059402806063493095,0.045488885981053835,3
2024-08-05,단기자금,-0.457389271394773,0.4169379703202889,11
2024-08-06,단기자금,-0.22578972075134515,0.3225922628404457,10
2024-08-07,단기자금,-0.18582906167615543,0.4420646297006987,11
2024-08-08,단기자금,-0.19721661545336247,0.35994347988106534,10
2024-08-09,단기자금,-0.045286542425553,0.21675568554589272,9
2024-08-10,단기자금,0.13021123595535755,0.27745725870060717,4
2024-08-11,단기자금,0.00405865628272295,0.004502206700363674,2
2024-08-12,단기자금,-0.2739009087284406,0.3953507159387911,3
2024-08-13,단기자금,-0.20513742097786494,0.21921843369483499,7
2024-08-14,단기자금,-0.014674001506396703,0.6383159386932595,7
2024-08-15,단기자금,-0.11641626618802547,0.309455643388518,8
2024-08-16,단기자금,-0.16164484433829784,0.1930314324873828,8
2024-08-17,단기자금,-0.21010148401061693,0.3921392685451549,3
2024-08-18,단기자금,-0.22257870559891066,0.43624966070140114,6
2024-08-19,단기자금,0.05361229702830315,0.4089429711098797,10
2024-08-20,단기자금,-0.021912345290184022,0.3239949309685171,5
2024-08-21,단기자금,-0.34790094615891576,0.3569460055660812,8
2024-08-22,단기자금,-0.3465133011341095,0.3523272094820257,10
2024-08-23,단기자금,-0.34021743821601075,0.3804662162438864,9
2024-08-24,단기자금,-0.0755668261221477,0.2967805883226681,7
2024-08-25,단기자금,-0.23113619722425938,0.45222279857296055,3
2024-08-26,단기자금,-0.32099866680800915,0.4242826653606116,4
2024-08-27,단기자금,-0.001815642463043332,0.14608407512019578,8
2024-08-28,단기자금,-0.24149505261863982,0.31583362599930537,7
2024-08-29,단기자금,-0.2455716384574771,0.4986106262088673,8
2024-08-30,단기자금,-0.2009915260391103,0.31182891207148694,9
2024-08-31,단기자금,-0.42693982273340225,0.4426649666854375,4
2024-10-01,단기자금,-0.06470032036304474,0.19462967230556918,5
2024-10-02,단기자금,-0.18438617512583733,0.6142502209273485,8
2024-10-03,단기자금,-0.16693881433457136,0.380133304885198,12
2024-10-04,단기자금,-0.08087174668908119,0.6464412880411569,10
2024-10-05,단기자금,-0.3330773053069909,0.36726410469057275,6
2024-10-07,단기자금,-0.13182187154889108,0.5190478347893858,10
2024-10-08,단기자금,-0.150823968462646,0.48520513048265196,8
2024-10-09,단기자금,-0.027316094734347783,0.15196273833800814,13
2024-10-10,단기자금,-0.0005221550042430559,0.4878517673460483,12
2024-10-11,단기자금,-0.1862833111236493,0.6153138531035929,15
2024-10-12,단기자금,0.21668775410701832,0.35774556731715806,6
2024-10-13,단기자금,-0.029793201635281246,0.03625811024992112,3
2024-10-14,단기자금,-0.014492227137088776,0.49460573457323437,5
2024-10-15,단기자금,0.0694572538137436,0.34950412892523697,10
2024-10-16,단기자금,-0.12398029565811157,0.4147566551506292,5
2024-10-17,단기자금,-0.3876223750412464,0.632949633129088,8
2024-10-18,단기자금,-0.08233102317899466,0.364060031720886,12
2024-10-19,단기자금,-0.28260197800894576,0.35062819708845416,6
2024-10-20,단기자금,-0.19602364177505174,0.3717027992408895,3
2024-10-21,단기자금,-0.15947077897461978,0.3589253134110055,11
2024-10-22,단기자금,-0.18345743914445242,0.6144866150559886,9
2024-10-23,단기자금,-0.15384589721049582,0.325870063409246,7
2024-10-24,단기자금,-0.08299347985949782,0.1995572817533947,9
2024-10-25,단기자금,-0.011599462945014238,0.34568075256107034,12
2024-10-26,단기자금,-0.26116377274904934,0.4713410962428943,7
2024-10-27,단기자금,-0.350232127122581,0.4253150327512551,4
2024-10-28,단기자금,-0.134445832325862,0.34922257791281985,13
2024-10-29,단기자금,-0.002226939797401428,0.4611202864196951,15
2024-10-30,단기자금,0.05825881256411473,0.2876287571810727,12
2024-10-31,단기자금,-0.15485823066795573,0.3355318200440634,17
2024-11-01,단기자금,-0.13250222670681336,0.41288955712076,17
2024-11-02,단기자금,-0.23726812856537954,0.42313758221028763,7
2024-11-03,단기자금,0.26595983902613324,0.5920317941439754,3
2024-11-04,단기자금,-0.3602505661547184,0.4055451262046611,7
2024-11-05,단기자금,-0.1065723157953471,0.5533513557471618,8
2024-11-06,단기자금,-0.04684032034128904,0.23879282460916418,12
2024-11-07,단기자금,-0.09182905914882819,0.3793452129973269,15
2024-11-08,단기자금,-0.03679796795432384,0.4584921913746174,13
2024-11-09,단기자금,-0.2464717070106417,0.3500276807947678,8
2024-11-10,단기자금,0.036501288414001465,0.0,1
2024-11-11,단기자금,-0.0979192682674953,0.4060164611095559,7
2024-11-12,단기자금,0.029004642739892006,0.4228240947761412,10
2024-11-13,단기자금,-0.17012101577387917,0.45418741139492436,9
2024-11-14,단기자금,-0.105109134895934,0.367292493892121,9
2024-11-15,단기자금,-0.174742731731385,0.40735329280147814,8
2024-11-16,단기자금,-0.10743042528629303,0.2297971139123178,5
2024-11-17,단기자금,-0.21920862942934036,0.27541926866849853,5
2024-11-18,단기자금,-0.008912749588489532,0.061306795382834185,10
2024-11-19,단기자금,-0.14535821974277496,0.4469781080449974,12
2024-11-20,단기자금,-0.1343169914824622,0.27550445101106363,7
2024-11-21,단기자금,-0.2391322577993075,0.3950693874963125,9
2024-11-22,단기자금,-0.006686762471993764,0.4130216338562347,15
2024-11-23,단기자금,-6.46449625492096e-05,0.014851687796638622,3
2024-11-24,단기자금,-0.13841803105814116,0.573012823917983,7
2024-11-25,단기자금,-0.10734777450561524,0.43723455422884633,10
2024-11-26,단기자금,-0.10349508694240026,0.5248990095272222,14
2024-11-27,단기자금,-0.11055058427155018,0.44635345309055297,10
2024-11-28,단기자금,-0.1351692516888891,0.33267642540794945,7
2024-11-29,단기자금,0.006353379227221012,0.04912525007192306,4
2024-11-30,단기자금,0.09132742136716843,0.32177077965080925,4
2024-12-01,단기자금,-0.02679267463584741,0.39274598096780605,6
2024-12-02,단기자금,-0.1401822343468666,0.4900846480796506,9
2024-12-03,단기자금,-0.4437998836593969,0.4571370627199957,7
2024-12-04,단기자금,0.0992826120211528,0.3844617686255971,13
2024-12-05,단기자금,-0.0923410071991384,0.41502246564747947,8
2024-12-06,단기자금,-0.08108406513929367,0.4187307144455884,7
2024-12-07,단기자금,-0.16044397869457802,0.36807096475329815,6
2024-12-08,단기자금,0.02115813549607992,0.013501357013383225,2
2024-12-09,단기자금,-0.46238024077481693,0.4789883059839032,9
2024-12-10,단기자금,-0.13943942050848687,0.3117843162379309,7
2024-12-11,단기자금,0.13405350781977177,0.2697517534202181,12
2024-12-12,단기자금,-0.1635392386127602,0.39850370745282904,11
2024-12-13,단기자금,-0.1952370930124413,0.43535692871829657,11
2024-12-14,단기자금,0.024183578168352444,0.11071497638217313,3
2024-12-15,단기자금,-0.7349481880664825,0.28720493658360563,2
2024-12-16,단기자금,-0.20254030865099695,0.3147051776143763,9
2024-12-17,단기자금,0.028155974705110897,0.3393808125362503,11
2024-12-18,단기자금,-0.2745301181760927,0.3577094192794528,12
2024-12-19,단기자금,-0.25098364579025656,0.3890376902380175,16
2024-12-20,단기자금,-0.02922909090725275,0.26104356613222324,13
2024-12-21,단기자금,0.0010158922523260117,0.04057997356305075,2
2024-12-22,단기자금,-0.18576841615140438,0.4265324130723173,5
2024-12-23,단기자금,0.07003793958574533,0.7518359082283489,4
2024-12-24,단기자금,-0.1377259244521459,0.14172168611784589,3
2024-12-25,단기자금,-0.05466509362061819,0.11601451242005507,3
2024-12-26,단기자금,-0.17540352642536164,0.24860006863180653,5
2024-12-27,단기자금,-0.047826264053583145,0.2580474906343774,8
2024-12-28,단기자금,0.1793687343597412,0.3069673831161213,2
2024-12-29,단기자금,-0.16460307389497758,0.4723610569136583,5
2024-12-30,단기자금,0.09140515451629956,0.10127118578762281,3
2024-12-31,단기자금,-0.12385040601449353,0.7142644413099906,7
2025-01-01,단기자금,-0.020454712212085724,0.0,1
2025-01-02,단기자금,-0.3306598924100399,0.46332751911489944,6
2025-01-03,단기자금,-0.2808806113898754,0.5911812223199815,6
2025-01-04,단기자금,0.08163265278562903,0.19272259580818227,4
2025-01-05,단기자금,-0.6372710218032202,0.4321882966380765,3
2025-01-06,단기자금,-0.12277970556169748,0.625537373247104,4
2025-01-07,단기자금,-0.02600740393002828,0.4392710782229924,6
2025-01-08,단기자금,-0.28930554538965225,0.4016290835202945,11
2025-01-09,단기자금,0.19038457689540728,0.49297832740795394,7
2025-01-10,단기자금,-0.21675632963888347,0.46297836883321275,16
2025-01-11,단기자금,-0.11318892240524292,0.11922783012865196,6
2025-01-12,단기자금,0.24225351819768548,0.448228398543754,4
2025-01-13,단기자금,-0.06639509337643783,0.2439002104890954,6
2025-01-14,단기자금,-0.2562238654265037,0.38722742097973406,13
2025-01-15,단기자금,0.09261753511699763,0.18157399654977358,11
2025-01-16,단기자금,0.05238376422361894,0.5971824627484628,11
2025-01-17,단기자금,-0.13120171826864993,0.3974378495717627,14
2025-01-18,단기자금,-0.06090459558698866,0.3074785094400548,9
2025-01-19,단기자금,0.11712168157100677,0.5906407300421961,7
2025-01-20,단기자금,0.11191619001328945,0.09270343651422665,6
2025-01-21,단기자금,-0.48784054975424496,0.34133936886396826,7
2025-01-22,단기자금,-0.12290007453411818,0.3285396132710027,10
2025-01-23,단기자금,-0.04050218015909195,0.6786128657466795,10
2025-01-24,단기자금,0.2177242516643471,0.3999609440355155,9
2025-01-25,단기자금,-0.06743039430252143,0.3408243642073821,7
2025-01-26,단기자금,0.0034525692462921143,0.0,1
2025-01-27,단기자금,-0.13332486232476576,0.4500071185184557,14
2025-01-28,단기자금,-0.22321069054305553,0.41493425684568047,20
2025-01-29,단기자금,-0.16238963923283986,0.33061554975644275,21
2025-01-30,단기자금,-0.3639635588042438,0.47117161967940946,12
2025-01-31,단기자금,-0.06104703123370806,0.27191332938515805,15
2025-02-01,단기자금,-0.2260309106537274,0.41084057869001217,7
2025-02-02,단기자금,-0.33685589507222174,0.39264070066297163,5
2025-02-03,단기자금,-0.057313742116093636,0.23299416858158367,8
2025-02-04,단기자금,-0.3074997524646195,0.44817338212752006,11
2025-02-05,단기자금,-0.30575002590194345,0.2533257923194803,8
2025-02-06,단기자금,-0.38976651802659035,0.3458027599221737,9
2025-02-07,단기자금,-0.28981016898019746,0.38020573305876487,11
2025-02-08,단기자금,0.07466008824606736,0.30988817079680203,9
2025-02-09,단기자금,-0.3407924345561436,0.46722294563632205,7
2025-02-10,단기자금,-0.1520149209536612,0.28614403970416313,8
2025-02-11,단기자금,-0.105503025982115,0.5780590760856017,9
2025-02-12,단기자금,-0.17341026943176985,0.3468220195274293,16
2025-02-13,단기자금,8.466715614000957e-05,0.3553880257121803,12
2025-02-14,단기자금,-0.21741213540857038,0.35888764682280977,12
2025-02-15,단기자금,-0.2328115627169609,0.4707981518159627,6
2025-02-16,단기자금,-0.21053246541747025,0.22703481121362099,7
2025-02-17,단기자금,-0.1278954860754311,0.3991698566598443,8
2025-02-18,단기자금,-0.06012352398381783,0.3862884203429903,13
2025-02-19,단기자금,-0.13432533278440437,0.4009435575672182,12
2025-02-20,단기자금,-0.13621565103530883,0.46045042298867506,10
2025-02-21,단기자금,-0.3185104550793767,0.4464171619119688,8
2025-02-22,단기자금,0.2901917255173127,0.3925828007070585,6
2025-02-23,단기자금,-0.11308163901170094,0.18335235329384328,3
2025-02-24,단기자금,-0.0526129649952054,0.41604126750375553,12
2025-02-25,단기자금,-0.4432312746842702,0.5243278010496557,6
2025-02-26,단기자금,0.01181038934737444,0.47755703458542603,12
2025-02-27,단기자금,-0.17553275786340236,0.45738712867349435,10
2025-02-28,단기자금,-0.29039524567241853,0.4802502561034497,13
2025-08-01,단기자금,-0.3855683458968997,0.5411783180285609,12
2025-08-02,단기자금,-0.14295387268066406,0.3737417455192884,8
2025-08-03,단기자금,-0.24764861507962146,0.3694584142855614,6
2025-08-04,단기자금,-0.13885954916477203,0.39481797622503906,15
2025-08-05,단기자금,-0.12436779751442373,0.548520419129968,8
2025-08-06,단기자금,-0.25991454241531237,0.6607271339117395,7
2025-08-07,단기자금,-0.20992141589522362,0.5919174266675119,9
2025-08-08,단기자금,-0.2433232790125268,0.4312545327157087,7
2025-08-09,단기자금,-0.16974378377199173,0.2982219994077479,9
2025-08-10,단기자금,-0.01241037187476953,0.4593081941161787,6
2025-08-11,단기자금,-0.0864964233711362,0.2954536750415212,10
2025-08-12,단기자금,-0.13182638697326182,0.43771075880696597,10
2025-08-13,단기자금,-0.23785012268594333,0.4596612067681672,7
2025-08-14,단기자금,-0.132651496339928,0.20257028807887584,11
2025-08-15,단기자금,-0.03228028636011812,0.30207509499058705,9
2025-08-16,단기자금,0.060215371527842114,0.18817781828557875,7
2025-08-17,단기자금,0.14881178177893162,0.1887323261596683,3
2025-08-18,단기자금,0.17617041524499655,0.4348213884029398,4
2025-08-19,단기자금,0.014819319463438459,0.2552273142275994,9
2025-08-20,단기자금,-0.1698753653715054,0.28813411656617627,12
2025-08-21,단기자금,-0.18834706209599972,0.3509135144775662,12
2025-08-22,단기자금,-0.16600334427009025,0.4477391979544928,12
2025-08-23,단기자금,-0.18664704422865594,0.2123049545381502,7
2025-08-24,단기자금,-0.5458121299743652,0.0,1
2025-08-25,단기자금,-0.31810434100528556,0.5104687943251653,12
2025-08-26,단기자금,-0.4625034492749434,0.3631490363510294,13
2025-08-27,단기자금,-0.05370240963318131,0.4875507039638875,11
2025-08-28,단기자금,-0.3117221141500132,0.38914261870602584,7
2025-08-29,단기자금,-0.05648545040325685,0.33626107042425574,11
2025-08-30,단기자금,-0.1960962787270546,0.30130785161451784,2
2025-08-31,단기자금,-0.32872066721320153,0.450804149657925,5
2025-10-01,단기자금,-0.37408463071499554,0.4281683689162031,14
2025-10-02,단기자금,-0.47153108613565564,0.39320257295436123,8
2025-10-03,단기자금,-0.3169187493622303,0.4745952720964786,4
2025-10-04,단기자금,0.018164698034524918,0.07195105361361423,5
2025-10-05,단기자금,-0.31731439914022175,0.32358352348094643,7
2025-10-06,단기자금,-0.37708962501751053,0.4536941754770758,9
2025-10-07,단기자금,0.07685236943264802,0.49758586808321104,6
2025-10-08,단기자금,-0.2657243510087331,0.6608667883223315,6
2025-10-09,단기자금,-0.08619800152686927,0.2909482109722511,13
2025-10-10,단기자금,-0.2080033253878355,0.4100658629848243,12
2025-10-11,단기자금,-0.16261060851124617,0.3480627422951795,13
2025-10-12,단기자금,-0.1888570412993431,0.3289954958331212,4
2025-10-13,단기자금,-0.17206986248493195,0.6531374847033005,3
2025-10-14,단기자금,-0.18961092586127612,0.47061325015796507,13
2025-10-15,단기자금,-0.14262412819597456,0.17952091074183996,9
2025-10-16,단기자금,-0.25758905549134525,0.4308707017739165,7
2025-10-17,단기자금,-0.4045742214657366,0.41625458038961144,8
2025-10-18,단기자금,-0.1842698324471712,0.27244679131920646,8
2025-10-19,단기자금,-0.3299018867313862,0.5184771550110753,5
2025-10-20,단기자금,-0.267366386950016,0.45553801324726656,7
2025-10-21,단기자금,-0.14173220563679934,0.5874718561213587,12
2025-10-22,단기자금,-0.3394039496779442,0.36879891271350607,11
2025-10-23,단기자금,-0.27052085517960434,0.357298965397734,17
2025-10-24,단기자금,-0.08135663717985153,0.33509648401490394,9
2025-10-25,단기자금,-0.1764087975025177,0.33597712727396273,6
2025-10-26,단기자금,-0.09069314066852842,0.523767846754717,7
2025-10-27,단기자금,0.11436990329197474,0.6179521815694644,7
2025-10-28,단기자금,-0.24198478992496217,0.4007216286234936,7
2025-10-29,단기자금,0.0009446042988981519,0.4689503194443647,14
2025-10-30,단기자금,-0.0306919811723324,0.47131175985682255,13
2025-10-31,단기자금,-0.31679017543792726,0.6110466577151538,10
2025-11-01,단기자금,-0.22392782121896743,0.3963469372843742,10
2025-11-02,단기자금,-0.7196386277675628,0.20582780892945618,5
2025-11-03,단기자금,-0.013844880896310011,0.2650948694838522,12
2025-11-04,단기자금,-0.08422477543354034,0.4450058155852539,11
2025-11-05,단기자금,0.04216358996927738,0.17891400175807784,4
2025-11-06,단기자금,-0.22172936995824177,0.39376741547144917,15
2025-11-07,단기자금,-0.35365592253704864,0.5214309023979866,12
2025-11-08,단기자금,-0.08680439988772075,0.3318823904368318,6
2025-11-09,단기자금,-0.1708006008217732,0.3560677466027166,6
2025-11-10,단기자금,-0.12763654006024203,0.40385434214534544,12
2025-11-11,단기자금,-0.13046001891295114,0.19513683552118322,3
2025-11-12,단기자금,-0.02768215040365855,0.3245771234900123,9
2025-11-13,단기자금,0.01174874073610856,0.36522866892702927,13
2025-11-14,단기자금,-0.2273363684071228,0.3696943266019193,16
2025-11-15,단기자금,-0.4223971635103226,0.3069043138583634,5
2025-11-16,단기자금,-0.41758596276243526,0.44675132555732017,6
2025-11-17,단기자금,-0.2214665667020849,0.42539274868782245,14
2025-11-18,단기자금,0.008242756904413303,0.2147557150079247,12
2025-11-19,단기자금,-0.21443094462156295,0.48464578527151436,10
2025-11-20,단기자금,-0.17260292661376297,0.3885720975207,8
2025-11-21,단기자금,0.12143386290831999,0.4262364992548568,11
2025-11-22,단기자금,-0.1690328855599676,0.47104013261334676,7
2025-11-23,단기자금,-0.06294185668230057,0.18884826236890273,5
2025-11-24,단기자금,-0.1531768562272191,0.36897585260885046,8
2025-11-25,단기자금,-0.27492959877210005,0.33313525788547393,7
2025-11-26,단기자금,0.015202721580862999,0.43332299077641107,8
2025-11-27,단기자금,-0.28902558982372284,0.1746963057807149,2
2025-11-28,단기자금,-0.4381649107672274,0.4841397620230258,4
2025-11-29,단기자금,0.013005013267199198,0.1541061565777542,3
2025-11-30,단기자금,0.3441222757101059,0.26556689207208245,2
2025-12-01,단기자금,-0.10133911456380572,0.48927864634377677,7
2025-12-02,단기자금,-0.19979099474019474,0.4556194059926547,9
2025-12-03,단기자금,-0.00942172615655831,0.46899597295566714,14
2025-12-04,단기자금,-0.0035974538574616113,0.34390909438633954,12
2025-12-05,단기자금,-0.08526525497436524,0.486496931215979,10
2025-12-06,단기자금,-0.1406108047813177,0.2431414538545158,4
2025-12-07,단기자금,0.0016720835119485855,0.581577608044789,6
2025-12-08,단기자금,-0.037379881367087364,0.4137355284928968,12
2025-12-09,단기자금,0.13817058570150817,0.2987149403091391,14
2025-12-10,단기자금,-0.27668172035079736,0.4041328192398171,13
2025-12-11,단기자금,-0.07918487259974846,0.41141861284940046,13
2025-12-12,단기자금,-0.09221772388800194,0.3865007498002502,19
2025-12-13,단기자금,-0.34427383840084075,0.38872160327884103,5
2025-12-14,단기자금,-0.18373703490942717,0.34092595758745203,8
2025-12-15,단기자금,0.13941244089177676,0.20514531034803266,7
2025-12-16,단기자금,-0.1228747195140882,0.3136745876779575,11
2025-12-17,단기자금,-0.08842697760297193,0.41036094181933036,9
2025-12-18,단기자금,0.1422861313017515,0.41223884645952624,13
2025-12-19,단기자금,-0.1404825427702495,0.24444192413702598,7
2025-12-20,단기자금,-0.053775666281580925,0.45983200699258236,7
2025-12-21,단기자금,-0.21601403939227262,0.4169284073046808,6
2025-12-22,단기자금,0.03398591776688894,0.5114661040616144,6
2025-12-23,단기자금,-0.028178361968861684,0.42293318736078045,9
2025-12-24,단기자금,0.024513192707672715,0.4423409332023302,8
2025-12-25,단기자금,0.0008105337619781494,0.0,1
2025-12-26,단기자금,0.2020327796538671,0.48750140815794907,6
2025-12-27,단기자금,0.03417222807183862,0.042724708289060886,4
2025-12-28,단기자금,0.0006413149336973826,0.0395427902862463,3
2025-12-29,단기자금,-0.36304795948995483,0.4792099621428038,9
2025-12-30,단기자금,-0.30497923990090686,0.5132413656793742,3
2025-12-31,단기자금,0.14676628932356833,0.4358925651487013,5
