date,usd_krw
2018-12-31,1116.300048828125
2019-01-01,1112.5
2019-01-02,1113.800048828125
2019-01-03,1122.1800537109375
2019-01-04,1124.1199951171875
2019-01-07,1114.4000244140625
2019-01-08,1116.4000244140625
2019-01-09,1121.050048828125
2019-01-10,1118.6700439453125
2019-01-11,1116.550048828125
2019-01-14,1118.5999755859375
2019-01-15,1122.0
2019-01-16,1122.4000244140625
2019-01-17,1118.77001953125
2019-01-18,1120.550048828125
2019-01-21,1125.7900390625
2019-01-22,1132.3699951171875
2019-01-23,1130.1500244140625
2019-01-24,1125.3299560546875
2019-01-25,1126.75
2019-01-28,1118.010009765625
2019-01-29,1119.699951171875
2019-01-30,1117.8699951171875
2019-01-31,1109.0
2019-02-01,1111.550048828125
2019-02-04,1118.300048828125
2019-02-05,1121.0999755859375
2019-02-06,1118.699951171875
2019-02-07,1121.6300048828125
2019-02-08,1123.75
2019-02-11,1122.8800048828125
2019-02-12,1125.02001953125
2019-02-13,1120.300048828125
2019-02-14,1123.719970703125
2019-02-15,1128.300048828125
2019-02-18,1125.31005859375
2019-02-19,1124.280029296875
2019-02-20,1121.4200439453125
2019-02-21,1121.719970703125
2019-02-22,1124.1500244140625
2019-02-25,1122.31005859375
2019-02-26,1117.199951171875
2019-02-27,1114.300048828125
2019-02-28,1115.0999755859375
2019-03-01,1124.219970703125
2019-03-04,1126.81005859375
2019-03-05,1128.1500244140625
2019-03-06,1126.199951171875
2019-03-07,1127.0
2019-03-08,1133.0699462890625
2019-03-11,1134.06005859375
2019-03-12,1130.77001953125
2019-03-13,1127.27001953125
2019-03-14,1129.5899658203125
2019-03-15,1135.4200439453125
2019-03-18,1132.72998046875
2019-03-19,1131.199951171875
2019-03-20,1129.719970703125
2019-03-21,1125.0
2019-03-22,1127.77001953125
2019-03-25,1135.1400146484375
2019-03-26,1133.8499755859375
2019-03-27,1133.9300537109375
2019-03-28,1138.5
2019-03-29,1134.3199462890625
2019-03-31,1136.699951171875
2019-04-01,1132.6700439453125
2019-04-02,1136.3900146484375
2019-04-03,1133.530029296875
2019-04-04,1134.300048828125
2019-04-07,1136.68994140625
2019-04-08,1141.1099853515625
2019-04-09,1140.0999755859375
2019-04-10,1135.9000244140625
2019-04-11,1140.989990234375
2019-04-14,1133.4300537109375
2019-04-15,1133.199951171875
2019-04-16,1135.699951171875
2019-04-17,1130.199951171875
2019-04-18,1136.1099853515625
2019-04-21,1134.5
2019-04-22,1140.0400390625
2019-04-23,1142.0
2019-04-24,1155.260009765625
2019-04-25,1159.0
2019-04-28,1157.72998046875
2019-04-29,1158.7900390625
2019-04-30,1163.260009765625
2019-05-01,1164.6700439453125
2019-05-02,1166.1099853515625
2019-05-05,1163.3299560546875
2019-05-06,1168.050048828125
2019-05-07,1171.300048828125
2019-05-08,1172.18994140625
2019-05-09,1179.18994140625
2019-05-12,1174.4200439453125
2019-05-13,1187.1800537109375
2019-05-14,1186.9300537109375
2019-05-15,1186.0400390625
2019-05-16,1190.489990234375
2019-05-19,1193.8299560546875
2019-05-20,1193.3299560546875
2019-05-21,
2019-05-22,1188.800048828125
2019-05-23,1188.800048828125
2019-05-26,1185.0
2019-05-27,1182.31005859375
2019-05-28,1187.5799560546875
2019-05-29,1192.2099609375
2019-05-30,1188.3800048828125
2019-06-02,1187.8699951171875
2019-06-03,1178.3499755859375
2019-06-04,1176.050048828125
2019-06-05,1178.739990234375
2019-06-06,1177.0
2019-06-09,1180.760009765625
2019-06-10,1182.0999755859375
2019-06-11,1177.97998046875
2019-06-12,1183.4300537109375
2019-06-13,1181.0799560546875
2019-06-16,1185.8900146484375
2019-06-17,1185.3499755859375
2019-06-18,1173.5799560546875
2019-06-19,1170.300048828125
2019-06-20,1157.2099609375
2019-06-23,1158.31005859375
2019-06-24,1152.469970703125
2019-06-25,1155.7099609375
2019-06-26,1152.5
2019-06-27,1155.510009765625
2019-06-30,1155.5999755859375
2019-07-01,1159.75
2019-07-02,1165.5799560546875
2019-07-03,1168.8699951171875
2019-07-04,1167.1300048828125
2019-07-07,1174.02001953125
2019-07-08,1179.8499755859375
2019-07-09,1181.47998046875
2019-07-10,1175.530029296875
2019-07-11,1174.0799560546875
2019-07-14,1176.4100341796875
2019-07-15,1178.4300537109375
2019-07-16,1177.8800048828125
2019-07-17,1178.68994140625
2019-07-18,1170.77001953125
2019-07-21,1175.1099853515625
2019-07-22,1174.760009765625
2019-07-23,1176.800048828125
2019-07-24,1176.550048828125
2019-07-25,1182.3900146484375
2019-07-28,1183.3499755859375
2019-07-29,1181.8499755859375
2019-07-30,1180.6500244140625
2019-07-31,1186.31005859375
2019-08-01,1194.75
2019-08-04,1203.93994140625
2019-08-05,1216.6500244140625
2019-08-06,1212.530029296875
2019-08-07,1212.22998046875
2019-08-08,1207.030029296875
2019-08-11,1213.199951171875
2019-08-12,1217.6300048828125
2019-08-13,1204.72998046875
2019-08-14,1215.6400146484375
2019-08-15,1211.5
2019-08-18,1207.489990234375
2019-08-19,1210.530029296875
2019-08-20,1205.280029296875
2019-08-21,1201.3199462890625
2019-08-22,1208.56005859375
2019-08-25,1212.6500244140625
2019-08-26,1210.72998046875
2019-08-27,1210.760009765625
2019-08-28,1211.3699951171875
2019-08-29,1207.1600341796875
2019-09-01,1209.1500244140625
2019-09-02,1212.77001953125
2019-09-03,1210.47998046875
2019-09-04,1202.68994140625
2019-09-05,1196.0
2019-09-08,1191.6199951171875
2019-09-09,1190.8599853515625
2019-09-10,1189.5
2019-09-11,1189.800048828125
2019-09-12,1180.75
2019-09-15,1178.719970703125
2019-09-16,1183.2900390625
2019-09-17,1185.6500244140625
2019-09-18,1189.550048828125
2019-09-19,1193.8599853515625
2019-09-22,1193.1300048828125
2019-09-23,1193.010009765625
2019-09-24,1193.93994140625
2019-09-25,1197.8900146484375
2019-09-26,1198.6300048828125
2019-09-29,1201.9100341796875
2019-09-30,1198.0
2019-10-01,1201.68994140625
2019-10-02,1203.5699462890625
2019-10-03,1200.0799560546875
2019-10-06,1191.3299560546875
2019-10-07,1195.760009765625
2019-10-08,1198.3699951171875
2019-10-09,1196.780029296875
2019-10-10,1188.81005859375
2019-10-13,1182.489990234375
2019-10-14,1182.300048828125
2019-10-15,1183.9300537109375
2019-10-16,1184.8299560546875
2019-10-17,1177.27001953125
2019-10-20,1178.0799560546875
2019-10-21,1171.4000244140625
2019-10-22,1171.260009765625
2019-10-23,1169.699951171875
2019-10-24,1174.25
2019-10-28,1170.8199462890625
2019-10-29,1166.760009765625
2019-10-30,1165.75
2019-10-31,1163.699951171875
2019-11-01,1168.550048828125
2019-11-04,1163.800048828125
2019-11-05,1161.81005859375
2019-11-06,1155.199951171875
2019-11-07,1160.0799560546875
2019-11-08,1158.5999755859375
2019-11-11,1158.5999755859375
2019-11-12,1163.9000244140625
2019-11-13,1164.949951171875
2019-11-14,1169.8599853515625
2019-11-15,1167.52001953125
2019-11-18,1162.3299560546875
2019-11-19,1165.68994140625
2019-11-20,1165.8199462890625
2019-11-21,1168.260009765625
2019-11-22,1175.22998046875
2019-11-25,1179.489990234375
2019-11-26,1172.4100341796875
2019-11-27,1172.5999755859375
2019-11-28,1175.3599853515625
2019-11-29,1177.010009765625
2019-12-02,1181.469970703125
2019-12-03,1183.7900390625
2019-12-04,1187.6300048828125
2019-12-05,1189.4599609375
2019-12-06,1187.97998046875
2019-12-09,1186.1099853515625
2019-12-10,1188.6800537109375
2019-12-11,1189.0699462890625
2019-12-12,1187.9300537109375
2019-12-13,1169.5899658203125
2019-12-16,1172.530029296875
2019-12-17,1167.4599609375
2019-12-18,1162.780029296875
2019-12-19,1164.3599853515625
2019-12-20,1161.06005859375
2019-12-23,1159.300048828125
2019-12-24,1161.5699462890625
2019-12-25,1162.22998046875
2019-12-26,1159.75
2019-12-27,1161.199951171875
2019-12-30,1160.6800537109375
2019-12-31,1156.3499755859375
2020-01-01,1153.75
2020-01-02,1153.969970703125
2020-01-03,1157.1500244140625
2020-01-06,1165.8499755859375
2020-01-07,1167.4200439453125
2020-01-08,1166.4599609375
2020-01-09,1161.260009765625
2020-01-10,1157.81005859375
2020-01-13,1156.9300537109375
2020-01-14,1153.93994140625
2020-01-15,1157.050048828125
2020-01-16,1156.780029296875
2020-01-17,1158.77001953125
2020-01-20,1160.3599853515625
2020-01-21,1157.5699462890625
2020-01-22,1168.739990234375
2020-01-23,1163.72998046875
2020-01-24,1167.5999755859375
2020-01-27,1169.1500244140625
2020-01-28,1176.72998046875
2020-01-29,1174.280029296875
2020-01-30,1178.0799560546875
2020-01-31,1187.1199951171875
2020-02-03,1194.8699951171875
2020-02-04,1189.3599853515625
2020-02-05,1182.47998046875
2020-02-06,1183.4599609375
2020-02-07,1184.25
2020-02-10,1191.0899658203125
2020-02-11,1185.6300048828125
2020-02-12,1180.719970703125
2020-02-13,1177.9599609375
2020-02-14,1183.469970703125
2020-02-17,1182.1800537109375
2020-02-18,1183.81005859375
2020-02-19,1189.9300537109375
2020-02-20,1191.3699951171875
2020-02-21,1204.4000244140625
2020-02-24,1205.77001953125
2020-02-25,1217.6500244140625
2020-02-26,1214.550048828125
2020-02-27,1211.3599853515625
2020-02-28,1211.31005859375
2020-03-02,1200.0999755859375
2020-03-03,1188.280029296875
2020-03-04,1186.3399658203125
2020-03-05,1183.6800537109375
2020-03-06,1187.469970703125
2020-03-09,1187.699951171875
2020-03-10,1199.9599609375
2020-03-11,1184.699951171875
2020-03-12,1189.3900146484375
2020-03-13,1209.969970703125
2020-03-16,1210.800048828125
2020-03-17,1232.0400390625
2020-03-18,1237.989990234375
2020-03-19,1255.3499755859375
2020-03-20,1256.8800048828125
2020-03-23,1253.949951171875
2020-03-24,1262.9300537109375
2020-03-25,1228.5999755859375
2020-03-26,1231.0799560546875
2020-03-27,1212.18994140625
2020-03-29,1211.6300048828125
2020-03-30,1222.699951171875
2020-03-31,1216.6600341796875
2020-04-01,1234.72998046875
2020-04-02,1226.8499755859375
2020-04-05,1235.800048828125
2020-04-06,1223.0999755859375
2020-04-07,1215.31005859375
2020-04-08,1214.75
2020-04-09,1209.510009765625
2020-04-12,1211.0400390625
2020-04-13,1213.9000244140625
2020-04-14,1212.3800048828125
2020-04-15,1222.550048828125
2020-04-16,1226.6400146484375
2020-04-19,1215.260009765625
2020-04-20,1218.0999755859375
2020-04-21,1230.8499755859375
2020-04-22,1231.3800048828125
2020-04-23,1232.449951171875
2020-04-26,1229.5
2020-04-27,1220.8699951171875
2020-04-28,1220.4000244140625
2020-04-29,1210.7900390625
2020-04-30,1212.9599609375
2020-05-03,1223.780029296875
2020-05-04,1222.449951171875
2020-05-05,1221.25
2020-05-06,1228.530029296875
2020-05-07,1218.6300048828125
2020-05-10,1218.699951171875
2020-05-11,1222.4000244140625
2020-05-12,1225.6500244140625
2020-05-13,1226.550048828125
2020-05-14,1225.4599609375
2020-05-17,1232.0899658203125
2020-05-18,1224.199951171875
2020-05-19,1224.3199462890625
2020-05-20,1226.550048828125
2020-05-21,1233.3900146484375
2020-05-24,1239.550048828125
2020-05-25,1240.02001953125
2020-05-26,1230.8699951171875
2020-05-27,1238.300048828125
2020-05-28,1237.97998046875
2020-05-31,1230.469970703125
2020-06-01,1222.989990234375
2020-06-02,1219.1400146484375
2020-06-03,1215.8199462890625
2020-06-04,1215.3800048828125
2020-06-07,1201.1099853515625
2020-06-08,1195.72998046875
2020-06-09,1197.300048828125
2020-06-10,1189.739990234375
2020-06-11,1204.760009765625
2020-06-14,1202.6099853515625
2020-06-15,1206.9000244140625
2020-06-16,1211.1500244140625
2020-06-17,1214.3499755859375
2020-06-18,1211.3599853515625
2020-06-21,1210.8900146484375
2020-06-22,1208.0
2020-06-23,1207.949951171875
2020-06-24,1205.25
2020-06-25,1201.52001953125
2020-06-28,1202.6300048828125
2020-06-29,1198.489990234375
2020-06-30,1198.3900146484375
2020-07-01,1200.699951171875
2020-07-02,1198.1700439453125
2020-07-05,1198.5
2020-07-06,1190.9300537109375
2020-07-07,1195.699951171875
2020-07-08,1192.02001953125
2020-07-09,1195.77001953125
2020-07-12,1199.52001953125
2020-07-13,1203.780029296875
2020-07-14,1203.97998046875
2020-07-15,1200.469970703125
2020-07-16,1204.22998046875
2020-07-19,1202.530029296875
2020-07-20,1200.030029296875
2020-07-21,1192.739990234375
2020-07-22,1197.22998046875
2020-07-23,1200.93994140625
2020-07-26,1200.489990234375
2020-07-27,1195.9200439453125
2020-07-28,1199.3699951171875
2020-07-29,1190.72998046875
2020-07-30,1189.56005859375
2020-08-02,1193.3900146484375
2020-08-03,1191.760009765625
2020-08-04,1192.25
2020-08-05,1185.1800537109375
2020-08-06,1183.1700439453125
2020-08-09,1188.1500244140625
2020-08-10,1185.18994140625
2020-08-11,1184.97998046875
2020-08-12,1182.75
2020-08-13,1184.1199951171875
2020-08-16,1186.0400390625
2020-08-17,1183.0999755859375
2020-08-18,1183.6400146484375
2020-08-19,1181.2099609375
2020-08-20,1184.2900390625
2020-08-23,1191.199951171875
2020-08-24,1188.25
2020-08-25,1186.4599609375
2020-08-26,1183.8499755859375
2020-08-27,1186.5799560546875
2020-08-30,1179.5899658203125
2020-08-31,1187.0400390625
2020-09-01,1184.9200439453125
2020-09-02,1188.6500244140625
2020-09-03,1190.780029296875
2020-09-06,1186.4200439453125
2020-09-07,1186.81005859375
2020-09-08,1189.239990234375
2020-09-09,1184.3800048828125
2020-09-10,1187.22998046875
2020-09-13,1186.969970703125
2020-09-14,1180.8399658203125
2020-09-15,1179.25
2020-09-16,1172.0699462890625
2020-09-17,1168.6500244140625
2020-09-20,1163.989990234375
2020-09-21,1163.8499755859375
2020-09-22,1162.5
2020-09-23,1169.72998046875
2020-09-24,1168.5
2020-09-27,1173.43994140625
2020-09-28,1166.4100341796875
2020-09-29,1167.8599853515625
2020-09-30,1163.780029296875
2020-10-01,1161.97998046875
2020-10-04,1165.3599853515625
2020-10-05,1156.0899658203125
2020-10-06,1163.8900146484375
2020-10-07,1156.5
2020-10-08,1150.3599853515625
2020-10-11,1142.6500244140625
2020-10-12,1146.4000244140625
2020-10-13,1147.8900146484375
2020-10-14,1146.31005859375
2020-10-15,1144.1300048828125
2020-10-18,1141.1800537109375
2020-10-19,1137.0
2020-10-20,1136.0
2020-10-21,1132.030029296875
2020-10-22,1134.1500244140625
2020-10-26,1127.760009765625
2020-10-27,1131.6400146484375
2020-10-28,1128.22998046875
2020-10-29,1134.1800537109375
2020-10-30,1129.52001953125
2020-11-02,1135.6099853515625
2020-11-03,1132.1400146484375
2020-11-04,1130.3299560546875
2020-11-05,1129.739990234375
2020-11-06,1122.6300048828125
2020-11-09,1121.1500244140625
2020-11-10,1118.68994140625
2020-11-11,1116.0799560546875
2020-11-12,1111.449951171875
2020-11-13,1114.9100341796875
2020-11-16,1107.760009765625
2020-11-17,1106.0899658203125
2020-11-18,1104.949951171875
2020-11-19,1105.9000244140625
2020-11-20,1114.1400146484375
2020-11-23,1113.8299560546875
2020-11-24,1113.0799560546875
2020-11-25,1109.7099609375
2020-11-26,1104.489990234375
2020-11-27,1105.56005859375
2020-11-30,1104.3299560546875
2020-12-01,1108.510009765625
2020-12-02,1106.280029296875
2020-12-03,1099.3800048828125
2020-12-04,1091.3199462890625
2020-12-07,1083.780029296875
2020-12-08,1083.6800537109375
2020-12-09,1084.8599853515625
2020-12-10,1086.3599853515625
2020-12-11,1086.3699951171875
2020-12-14,1091.5799560546875
2020-12-15,1092.06005859375
2020-12-16,1088.2099609375
2020-12-17,1091.6500244140625
2020-12-18,1092.1600341796875
2020-12-21,1098.97998046875
2020-12-22,1101.8599853515625
2020-12-23,1107.97998046875
2020-12-24,1104.800048828125
2020-12-25,1099.9100341796875
2020-12-28,1099.0899658203125
2020-12-29,1095.0
2020-12-30,1092.6199951171875
2020-12-31,1086.4200439453125
2021-01-01,1084.6500244140625
2021-01-04,1084.72998046875
2021-01-05,1086.6199951171875
2021-01-06,1086.449951171875
2021-01-07,1086.949951171875
2021-01-08,1093.0699462890625
2021-01-11,1092.8199462890625
2021-01-12,1096.449951171875
2021-01-13,1093.5400390625
2021-01-14,1097.1099853515625
2021-01-15,1094.9000244140625
2021-01-18,1102.9599609375
2021-01-19,1103.0999755859375
2021-01-20,1100.989990234375
2021-01-21,1096.25
2021-01-22,1099.9000244140625
2021-01-25,1104.6400146484375
2021-01-26,1101.72998046875
2021-01-27,1101.0
2021-01-28,1107.5
2021-01-29,1112.2900390625
2021-02-01,1117.4300537109375
2021-02-02,1116.8800048828125
2021-02-03,1113.6099853515625
2021-02-04,1113.1500244140625
2021-02-05,1119.1300048828125
2021-02-08,1116.8499755859375
2021-02-09,1116.3299560546875
2021-02-10,1110.0
2021-02-11,1103.97998046875
2021-02-12,1102.219970703125
2021-02-15,1103.3699951171875
2021-02-16,1102.239990234375
2021-02-17,1106.4599609375
2021-02-18,1104.550048828125
2021-02-19,1106.219970703125
2021-02-22,1103.93994140625
2021-02-23,1110.6700439453125
2021-02-24,1109.31005859375
2021-02-25,1107.2099609375
2021-02-26,1119.1300048828125
2021-03-01,1123.3699951171875
2021-03-02,1101.8299560546875
2021-03-03,1124.3299560546875
2021-03-04,1129.5
2021-03-05,1133.3499755859375
2021-03-08,1127.489990234375
2021-03-09,1140.22998046875
2021-03-10,1134.9100341796875
2021-03-11,1136.010009765625
2021-03-12,1129.6400146484375
2021-03-15,1134.5
2021-03-16,1131.3900146484375
2021-03-17,1129.8399658203125
2021-03-18,1121.1300048828125
2021-03-19,1126.1099853515625
2021-03-22,1127.47998046875
2021-03-23,1125.1199951171875
2021-03-24,1133.199951171875
2021-03-25,1134.47998046875
2021-03-26,1134.2099609375
2021-03-28,1127.9599609375
2021-03-29,1131.6500244140625
2021-03-30,1132.3199462890625
2021-03-31,1127.199951171875
2021-04-01,1128.06005859375
2021-04-04,1128.7900390625
2021-04-05,1124.1099853515625
2021-04-06,1117.5
2021-04-07,1117.8599853515625
2021-04-08,1115.8399658203125
2021-04-11,1122.06005859375
2021-04-12,1124.449951171875
2021-04-13,1120.68994140625
2021-04-14,1116.1099853515625
2021-04-15,1115.6700439453125
2021-04-18,1115.6500244140625
2021-04-19,1114.469970703125
2021-04-20,1116.1099853515625
2021-04-21,1115.6600341796875
2021-04-22,1118.5899658203125
2021-04-25,1114.1300048828125
2021-04-26,1109.22998046875
2021-04-27,1112.1500244140625
2021-04-28,1108.6600341796875
2021-04-29,1106.6300048828125
2021-05-02,1116.760009765625
2021-05-03,1120.4000244140625
2021-05-04,1124.9100341796875
2021-05-05,1123.989990234375
2021-05-06,1119.3900146484375
2021-05-09,1111.969970703125
2021-05-10,1115.5400390625
2021-05-11,1118.22998046875
2021-05-12,1131.5999755859375
2021-05-13,1125.699951171875
2021-05-16,1125.530029296875
2021-05-17,1135.510009765625
2021-05-18,1127.1400146484375
2021-05-19,1130.3699951171875
2021-05-20,1127.050048828125
2021-05-23,1126.7900390625
2021-05-24,1122.18994140625
2021-05-25,1121.3800048828125
2021-05-26,1115.52001953125
2021-05-27,1117.300048828125
2021-05-30,1112.8499755859375
2021-05-31,1106.97998046875
2021-06-01,1107.2099609375
2021-06-02,1109.8800048828125
2021-06-03,1115.43994140625
2021-06-06,1109.6800537109375
2021-06-07,1109.3199462890625
2021-06-08,1116.8900146484375
2021-06-09,1116.4100341796875
2021-06-10,1111.260009765625
2021-06-13,1115.550048828125
2021-06-14,1116.3199462890625
2021-06-15,1116.030029296875
2021-06-16,1131.949951171875
2021-06-17,1133.5400390625
2021-06-20,1134.25
2021-06-21,1130.3399658203125
2021-06-22,1132.510009765625
2021-06-23,1132.6099853515625
2021-06-24,1130.800048828125
2021-06-27,1125.3399658203125
2021-06-28,1129.0400390625
2021-06-29,1130.510009765625
2021-06-30,1129.5999755859375
2021-07-01,1132.4100341796875
2021-07-04,1129.77001953125
2021-07-05,1129.43994140625
2021-07-06,1135.47998046875
2021-07-07,1140.52001953125
2021-07-08,1146.280029296875
2021-07-11,1144.31005859375
2021-07-12,1141.0999755859375
2021-07-13,1148.699951171875
2021-07-14,1143.4100341796875
2021-07-15,1140.1199951171875
2021-07-18,1141.5
2021-07-19,1150.0699462890625
2021-07-20,1147.47998046875
2021-07-21,1148.68994140625
2021-07-22,1149.9100341796875
2021-07-25,1151.1199951171875
2021-07-26,1151.760009765625
2021-07-27,1153.56005859375
2021-07-28,1149.4100341796875
2021-07-29,1142.1199951171875
2021-08-01,1150.9300537109375
2021-08-02,1149.56005859375
2021-08-03,1148.5799560546875
2021-08-04,1144.06005859375
2021-08-05,1143.1199951171875
2021-08-08,1144.9200439453125
2021-08-09,1145.8900146484375
2021-08-10,1152.47998046875
2021-08-11,1152.8499755859375
2021-08-12,1162.06005859375
2021-08-15,1161.3800048828125
2021-08-16,1164.5
2021-08-17,1176.449951171875
2021-08-18,1169.6800537109375
2021-08-19,1175.3900146484375
2021-08-22,1174.239990234375
2021-08-23,1167.6099853515625
2021-08-24,1163.469970703125
2021-08-25,1163.3299560546875
2021-08-26,1170.0
2021-08-29,1161.3299560546875
2021-08-30,1165.510009765625
2021-08-31,1158.4100341796875
2021-09-01,1155.280029296875
2021-09-02,1157.1300048828125
2021-09-05,1154.75
2021-09-06,1155.5400390625
2021-09-07,1161.0
2021-09-08,1166.489990234375
2021-09-09,1169.1300048828125
2021-09-12,1169.3800048828125
2021-09-13,1171.1099853515625
2021-09-14,1170.800048828125
2021-09-15,1165.219970703125
2021-09-16,1174.4200439453125
2021-09-19,1181.1099853515625
2021-09-20,1186.3199462890625
2021-09-21,1182.9200439453125
2021-09-22,1181.030029296875
2021-09-23,1174.699951171875
2021-09-26,1179.199951171875
2021-09-27,1176.9599609375
2021-09-28,1186.8900146484375
2021-09-29,1187.4300537109375
2021-09-30,1183.719970703125
2021-10-03,1180.0
2021-10-04,1183.780029296875
2021-10-05,1187.1700439453125
2021-10-06,1191.3800048828125
2021-10-07,1191.1500244140625
2021-10-10,1195.5799560546875
2021-10-11,1195.800048828125
2021-10-12,1196.8900146484375
2021-10-13,1186.7099609375
2021-10-14,1182.1300048828125
2021-10-17,1181.7900390625
2021-10-18,1185.6800537109375
2021-10-19,1175.6500244140625
2021-10-20,1174.5899658203125
2021-10-21,1176.550048828125
2021-10-24,1176.5400390625
2021-10-25,1167.06005859375
2021-10-26,1167.3299560546875
2021-10-27,1172.1700439453125
2021-10-28,1167.3699951171875
2021-11-01,1174.3800048828125
2021-11-02,1176.5699462890625
2021-11-03,1178.0400390625
2021-11-04,1179.3399658203125
2021-11-05,1185.8299560546875
2021-11-08,1180.5
2021-11-09,1199.8599853515625
2021-11-10,1177.5
2021-11-11,1184.1400146484375
2021-11-12,1183.1099853515625
2021-11-15,1179.1099853515625
2021-11-16,1183.510009765625
2021-11-17,1184.050048828125
2021-11-18,1181.22998046875
2021-11-19,1182.9000244140625
2021-11-22,1191.6300048828125
2021-11-23,1189.5
2021-11-24,1189.949951171875
2021-11-25,1187.8800048828125
2021-11-26,1190.219970703125
2021-11-29,1194.6099853515625
2021-11-30,1190.739990234375
2021-12-01,1182.8599853515625
2021-12-02,1177.1099853515625
2021-12-03,1176.77001953125
2021-12-06,1183.1400146484375
2021-12-07,1180.56005859375
2021-12-08,1176.8399658203125
2021-12-09,1172.56005859375
2021-12-10,1177.3299560546875
2021-12-13,1178.969970703125
2021-12-14,1185.0999755859375
2021-12-15,1184.22998046875
2021-12-16,1184.4000244140625
2021-12-17,1186.1500244140625
2021-12-20,1186.3900146484375
2021-12-21,1190.1199951171875
2021-12-22,1191.27001953125
2021-12-23,1187.77001953125
2021-12-24,1185.5
2021-12-27,1185.9200439453125
2021-12-28,1185.6500244140625
2021-12-29,1187.8499755859375
2021-12-30,1183.6700439453125
2021-12-31,1189.8900146484375
2022-01-03,1187.780029296875
2022-01-04,1194.6800537109375
2022-01-05,1196.5
2022-01-06,1199.25
2022-01-07,1205.780029296875
2022-01-10,1196.8800048828125
2022-01-11,1198.0899658203125
2022-01-12,1189.4300537109375
2022-01-13,1185.8800048828125
2022-01-14,1186.6099853515625
2022-01-17,1188.9599609375
2022-01-18,1190.06005859375
2022-01-19,1192.97998046875
2022-01-20,1188.1600341796875
2022-01-21,1192.4300537109375
2022-01-24,1191.5
2022-01-25,1195.6600341796875
2022-01-26,1196.0999755859375
2022-01-27,1200.6300048828125
2022-01-28,1203.4599609375
2022-01-31,1207.7099609375
2022-02-01,1205.1199951171875
2022-02-02,1202.5
2022-02-03,1199.9599609375
2022-02-04,1200.3299560546875
2022-02-07,1197.0899658203125
2022-02-08,1196.8499755859375
2022-02-09,1196.3599853515625
2022-02-10,1194.030029296875
2022-02-11,1199.3499755859375
2022-02-14,1199.239990234375
2022-02-15,1197.3599853515625
2022-02-16,1196.8299560546875
2022-02-17,1196.75
2022-02-18,1198.6600341796875
2022-02-21,1195.0699462890625
2022-02-22,1194.6800537109375
2022-02-23,1192.6800537109375
2022-02-24,1192.4000244140625
2022-02-25,1206.0
2022-02-28,1197.5899658203125
2022-03-01,1200.9300537109375
2022-03-02,1205.3699951171875
2022-03-03,1203.1500244140625
2022-03-04,1205.989990234375
2022-03-07,1216.7099609375
2022-03-08,1232.300048828125
2022-03-09,1233.1099853515625
2022-03-10,1223.22998046875
2022-03-11,1228.5999755859375
2022-03-14,1236.8900146484375
2022-03-15,1242.050048828125
2022-03-16,1241.6800537109375
2022-03-17,1223.0
2022-03-18,1210.3299560546875
2022-03-21,1210.3699951171875
2022-03-22,1219.780029296875
2022-03-23,1214.949951171875
2022-03-24,1218.010009765625
2022-03-25,1217.550048828125
2022-03-27,1224.3800048828125
2022-03-28,1223.6600341796875
2022-03-29,1209.1300048828125
2022-03-30,1210.43994140625
2022-03-31,1214.5
2022-04-03,1218.780029296875
2022-04-04,1213.9000244140625
2022-04-05,1218.75
2022-04-06,1217.5999755859375
2022-04-07,1222.6600341796875
2022-04-10,1228.239990234375
2022-04-11,1235.050048828125
2022-04-12,1228.5999755859375
2022-04-13,1223.1199951171875
2022-04-14,1230.0999755859375
2022-04-17,1228.0899658203125
2022-04-18,1235.3499755859375
2022-04-19,1239.5999755859375
2022-04-20,1234.0899658203125
2022-04-21,1242.489990234375
2022-04-24,1243.1600341796875
2022-04-25,1249.2099609375
2022-04-26,1260.7099609375
2022-04-27,1266.280029296875
2022-04-28,1272.2900390625
2022-05-01,1262.530029296875
2022-05-02,1266.75
2022-05-03,1261.06005859375
2022-05-04,1251.5
2022-05-05,1268.699951171875
2022-05-08,1270.1300048828125
2022-05-09,1274.8599853515625
2022-05-10,1276.550048828125
2022-05-11,1278.1500244140625
2022-05-12,1290.75
2022-05-15,1277.5699462890625
2022-05-16,1279.8499755859375
2022-05-17,1266.6600341796875
2022-05-18,1275.5799560546875
2022-05-19,1263.550048828125
2022-05-22,1273.2099609375
2022-05-23,1258.8199462890625
2022-05-24,1260.989990234375
2022-05-25,1266.5999755859375
2022-05-26,1258.8900146484375
2022-05-29,1251.5899658203125
2022-05-30,1236.1700439453125
2022-05-31,1241.739990234375
2022-06-01,1246.949951171875
2022-06-02,1240.8399658203125
2022-06-05,1250.530029296875
2022-06-06,1254.47998046875
2022-06-07,1254.5799560546875
2022-06-08,1256.739990234375
2022-06-09,1264.02001953125
2022-06-12,1278.280029296875
2022-06-13,1291.800048828125
2022-06-14,1289.47998046875
2022-06-15,1278.1600341796875
2022-06-16,1288.1800537109375
2022-06-19,1290.5
2022-06-20,1292.3800048828125
2022-06-21,1291.5999755859375
2022-06-22,1297.6800537109375
2022-06-23,1299.81005859375
2022-06-26,1288.2900390625
2022-06-27,1286.199951171875
2022-06-28,1292.030029296875
2022-06-29,1301.72998046875
2022-06-30,1287.7099609375
2022-07-03,1297.8900146484375
2022-07-04,1295.6800537109375
2022-07-05,1308.6600341796875
2022-07-06,1304.8499755859375
2022-07-07,1297.6500244140625
2022-07-10,1293.7900390625
2022-07-11,1310.8599853515625
2022-07-12,1305.8299560546875
2022-07-13,1304.8499755859375
2022-07-14,1316.1800537109375
2022-07-17,1318.1199951171875
2022-07-18,1318.9100341796875
2022-07-19,1305.5
2022-07-20,1312.8699951171875
2022-07-21,1306.8499755859375
2022-07-24,1309.3199462890625
2022-07-25,1310.4000244140625
2022-07-26,1310.9000244140625
2022-07-27,1305.949951171875
2022-07-28,1295.1500244140625
2022-07-31,1302.280029296875
2022-08-01,1306.75
2022-08-02,1314.6300048828125
2022-08-03,1307.3800048828125
2022-08-04,1302.0799560546875
2022-08-07,1302.739990234375
2022-08-08,1299.030029296875
2022-08-09,1307.56005859375
2022-08-10,1296.699951171875
2022-08-11,1306.8299560546875
2022-08-14,1301.3800048828125
2022-08-15,1313.1800537109375
2022-08-16,1311.0
2022-08-17,1314.8299560546875
2022-08-18,1326.9100341796875
2022-08-21,1334.8599853515625
2022-08-22,1343.3599853515625
2022-08-23,1339.0799560546875
2022-08-24,1340.0
2022-08-25,1334.43994140625
2022-08-28,1341.1800537109375
2022-08-29,1345.72998046875
2022-08-30,1350.18994140625
2022-08-31,1342.260009765625
2022-09-01,1355.0999755859375
2022-09-04,1361.510009765625
2022-09-05,1361.81005859375
2022-09-06,1378.1099853515625
2022-09-07,1374.31005859375
2022-09-08,1383.0
2022-09-11,1379.06005859375
2022-09-12,1375.81005859375
2022-09-13,1393.469970703125
2022-09-14,1391.1800537109375
2022-09-15,1398.6300048828125
2022-09-18,1385.22998046875
2022-09-19,1390.1099853515625
2022-09-20,1392.510009765625
2022-09-21,1397.56005859375
2022-09-22,1403.6600341796875
2022-09-25,1421.81005859375
2022-09-26,1429.77001953125
2022-09-27,1426.260009765625
2022-09-28,1421.949951171875
2022-09-29,1430.1700439453125
2022-10-02,1439.22998046875
2022-10-03,1433.3399658203125
2022-10-04,1416.530029296875
2022-10-05,1416.760009765625
2022-10-06,1408.449951171875
2022-10-09,1415.97998046875
2022-10-10,1428.3499755859375
2022-10-11,1430.800048828125
2022-10-12,1423.9000244140625
2022-10-13,1430.300048828125
2022-10-16,1440.760009765625
2022-10-17,1430.1500244140625
2022-10-18,1425.02001953125
2022-10-19,1435.010009765625
2022-10-20,1430.31005859375
2022-10-23,1428.1099853515625
2022-10-24,1443.9599609375
2022-10-25,1426.9300537109375
2022-10-26,1412.68994140625
2022-10-27,1420.6500244140625
2022-10-31,1421.6500244140625
2022-11-01,1424.6700439453125
2022-11-02,1416.5999755859375
2022-11-03,1423.0999755859375
2022-11-04,1423.6500244140625
2022-11-07,1402.1099853515625
2022-11-08,1392.699951171875
2022-11-09,1374.1500244140625
2022-11-10,1370.550048828125
2022-11-11,1349.3699951171875
2022-11-14,1313.030029296875
2022-11-15,1324.0799560546875
2022-11-16,1316.260009765625
2022-11-17,1336.4300537109375
2022-11-18,1342.75
2022-11-21,1339.030029296875
2022-11-22,1359.75
2022-11-23,1352.68994140625
2022-11-24,1336.81005859375
2022-11-25,1317.8900146484375
2022-11-28,1334.56005859375
2022-11-29,1340.1199951171875
2022-11-30,1325.3699951171875
2022-12-01,1279.800048828125
2022-12-02,1303.25
2022-12-05,1299.1700439453125
2022-12-06,1304.3699951171875
2022-12-07,1319.7099609375
2022-12-08,1314.0999755859375
2022-12-09,1316.6300048828125
2022-12-12,1303.1700439453125
2022-12-13,1305.9200439453125
2022-12-14,1288.97998046875
2022-12-15,1295.6800537109375
2022-12-16,1317.0999755859375
2022-12-19,1308.8599853515625
2022-12-20,1301.3299560546875
2022-12-21,1283.6400146484375
2022-12-22,1280.77001953125
2022-12-23,1290.199951171875
2022-12-26,1279.239990234375
2022-12-27,1275.1300048828125
2022-12-28,1272.280029296875
2022-12-29,1274.3199462890625
2022-12-30,1260.260009765625
2023-01-02,1260.9100341796875
2023-01-03,1270.0999755859375
2023-01-04,1279.0799560546875
2023-01-05,1271.0799560546875
2023-01-06,1274.1800537109375
2023-01-09,1252.8800048828125
2023-01-10,1239.280029296875
2023-01-11,1240.1600341796875
2023-01-12,1241.5999755859375
2023-01-13,1239.1300048828125
2023-01-16,1236.5899658203125
2023-01-17,1240.7099609375
2023-01-18,1237.0
2023-01-19,1237.8800048828125
2023-01-20,1232.1800537109375
2023-01-23,1230.030029296875
2023-01-24,1229.280029296875
2023-01-25,1232.6600341796875
2023-01-26,1232.5899658203125
2023-01-27,1231.8499755859375
2023-01-30,1228.949951171875
2023-01-31,1231.5
2023-02-01,1232.1500244140625
2023-02-02,1221.949951171875
2023-02-03,1224.9000244140625
2023-02-06,1246.75
2023-02-07,1261.22998046875
2023-02-08,1255.3499755859375
2023-02-09,1260.469970703125
2023-02-10,1264.550048828125
2023-02-13,1266.8699951171875
2023-02-14,1272.93994140625
2023-02-15,1272.25
2023-02-16,1283.719970703125
2023-02-17,1288.9599609375
2023-02-20,1293.9200439453125
2023-02-21,1296.1099853515625
2023-02-22,1305.8299560546875
2023-02-23,1302.8299560546875
2023-02-24,1298.0799560546875
2023-02-27,1313.699951171875
2023-02-28,1318.3499755859375
2023-03-01,1321.5999755859375
2023-03-02,1305.72998046875
2023-03-03,1311.06005859375
2023-03-06,1294.780029296875
2023-03-07,1299.0
2023-03-08,1317.9000244140625
2023-03-09,1316.449951171875
2023-03-10,1325.550048828125
2023-03-13,1319.5400390625
2023-03-14,1296.3800048828125
2023-03-15,1304.5799560546875
2023-03-16,1311.739990234375
2023-03-17,1301.6199951171875
2023-03-20,1307.6500244140625
2023-03-21,1304.93994140625
2023-03-22,1303.43994140625
2023-03-23,1298.25
2023-03-24,1286.2900390625
2023-03-26,1294.8299560546875
2023-03-27,1297.800048828125
2023-03-28,1296.97998046875
2023-03-29,1307.1300048828125
2023-03-30,1296.5
2023-04-02,1305.47998046875
2023-04-03,1308.050048828125
2023-04-04,1312.4100341796875
2023-04-05,1316.2099609375
2023-04-06,1317.93994140625
2023-04-09,1315.449951171875
2023-04-10,1320.8800048828125
2023-04-11,1322.0899658203125
2023-04-12,1322.8299560546875
2023-04-13,1301.4300537109375
2023-04-16,1303.3800048828125
2023-04-17,1316.0699462890625
2023-04-18,1315.9000244140625
2023-04-19,1326.760009765625
2023-04-20,1323.5999755859375
2023-04-23,1329.3800048828125
2023-04-24,1332.800048828125
2023-04-25,1341.0
2023-04-26,1337.8299560546875
2023-04-27,1339.3900146484375
2023-04-30,1337.1700439453125
2023-05-01,1342.7900390625
2023-05-02,1342.300048828125
2023-05-03,1335.22998046875
2023-05-04,1320.1500244140625
2023-05-07,1316.9599609375
2023-05-08,1322.4100341796875
2023-05-09,1326.050048828125
2023-05-10,1318.050048828125
2023-05-11,1329.8800048828125
2023-05-14,1341.52001953125
2023-05-15,1335.4000244140625
2023-05-16,1342.4300537109375
2023-05-17,1334.1500244140625
2023-05-18,1334.739990234375
2023-05-21,1324.2099609375
2023-05-22,1313.8299560546875
2023-05-23,1319.8399658203125
2023-05-24,1318.52001953125
2023-05-25,1330.8900146484375
2023-05-28,1322.4300537109375
2023-05-29,1324.5899658203125
2023-05-30,1319.7900390625
2023-05-31,1321.739990234375
2023-06-01,1312.8499755859375
2023-06-04,1305.1400146484375
2023-06-05,1299.7900390625
2023-06-06,1299.199951171875
2023-06-07,1308.3399658203125
2023-06-08,1296.3299560546875
2023-06-11,1286.68994140625
2023-06-12,1284.5799560546875
2023-06-13,1267.6199951171875
2023-06-14,1273.989990234375
2023-06-15,1270.050048828125
2023-06-18,1276.31005859375
2023-06-19,1283.239990234375
2023-06-20,1287.5400390625
2023-06-21,1288.3800048828125
2023-06-22,1298.2099609375
2023-06-25,1307.6700439453125
2023-06-26,1302.6600341796875
2023-06-27,1296.5999755859375
2023-06-28,1309.010009765625
2023-06-29,1323.0699462890625
2023-07-02,1315.300048828125
2023-07-03,1306.0999755859375
2023-07-04,1295.5
2023-07-05,1302.969970703125
2023-07-06,1309.219970703125
2023-07-09,1297.3699951171875
2023-07-10,1299.5400390625
2023-07-11,1291.510009765625
2023-07-12,1274.699951171875
2023-07-13,1266.8299560546875
2023-07-16,1268.3399658203125
2023-07-17,1265.449951171875
2023-07-18,1264.93994140625
2023-07-19,1265.0899658203125
2023-07-20,1278.4000244140625
2023-07-23,1285.6500244140625
2023-07-24,1280.530029296875
2023-07-25,1274.1199951171875
2023-07-26,1275.1700439453125
2023-07-27,1283.8800048828125
2023-07-30,1272.3900146484375
2023-07-31,1277.9300537109375
2023-08-01,1289.050048828125
2023-08-02,1295.3699951171875
2023-08-03,1296.4000244140625
2023-08-06,1303.050048828125
2023-08-07,1307.75
2023-08-08,1316.6700439453125
2023-08-09,1313.6400146484375
2023-08-10,1318.3299560546875
2023-08-13,1329.6099853515625
2023-08-14,1334.739990234375
2023-08-15,1338.739990234375
2023-08-16,1343.3299560546875
2023-08-17,1339.0799560546875
2023-08-20,1339.1700439453125
2023-08-21,1339.739990234375
2023-08-22,1339.68994140625
2023-08-23,1327.780029296875
2023-08-24,1326.6199951171875
2023-08-27,1323.6099853515625
2023-08-28,1322.8199462890625
2023-08-29,1321.0699462890625
2023-08-30,1323.030029296875
2023-08-31,1324.6400146484375
2023-09-03,1317.4599609375
2023-09-04,1317.949951171875
2023-09-05,1331.72998046875
2023-09-06,1333.4599609375
2023-09-07,1334.02001953125
2023-09-10,1335.3199462890625
2023-09-11,1320.43994140625
2023-09-12,1324.0999755859375
2023-09-13,1329.77001953125
2023-09-14,1327.06005859375
2023-09-17,1328.4200439453125
2023-09-18,1329.6600341796875
2023-09-19,1328.530029296875
2023-09-20,1332.3399658203125
2023-09-21,1341.1700439453125
2023-09-24,1334.6600341796875
2023-09-25,1338.449951171875
2023-09-26,1353.75
2023-09-27,1352.8199462890625
2023-09-28,1347.8499755859375
2023-10-01,1351.93994140625
2023-10-02,1354.18994140625
2023-10-03,1359.219970703125
2023-10-04,1351.1600341796875
2023-10-05,1346.06005859375
2023-10-08,1343.3599853515625
2023-10-09,1346.8900146484375
2023-10-10,1341.8900146484375
2023-10-11,1338.260009765625
2023-10-12,1348.3399658203125
2023-10-15,1352.0699462890625
2023-10-16,1347.760009765625
2023-10-17,1352.989990234375
2023-10-18,1354.56005859375
2023-10-19,1356.22998046875
2023-10-22,1349.3399658203125
2023-10-23,1334.43994140625
2023-10-24,1343.6400146484375
2023-10-25,1352.6800537109375
2023-10-26,1350.3399658203125
2023-10-30,1355.219970703125
2023-10-31,1348.0699462890625
2023-11-01,1350.1600341796875
2023-11-02,1347.8399658203125
2023-11-03,1333.6800537109375
2023-11-06,1307.8399658203125
2023-11-07,1297.1099853515625
2023-11-08,1304.550048828125
2023-11-09,1308.1199951171875
2023-11-10,1315.199951171875
2023-11-13,1319.6199951171875
2023-11-14,1319.0699462890625
2023-11-15,1304.239990234375
2023-11-16,1301.8599853515625
2023-11-17,1292.449951171875
2023-11-20,1294.5
2023-11-21,1288.1500244140625
2023-11-22,1295.18994140625
2023-11-23,1298.7900390625
2023-11-24,1300.1800537109375
2023-11-27,1289.7900390625
2023-11-28,1302.530029296875
2023-11-29,1287.530029296875
2023-11-30,1288.3599853515625
2023-12-01,1296.6600341796875
2023-12-04,1299.18994140625
2023-12-05,1307.800048828125
2023-12-06,1313.3699951171875
2023-12-07,1313.719970703125
2023-12-08,1312.760009765625
2023-12-11,1316.510009765625
2023-12-12,1313.6199951171875
2023-12-13,1310.1400146484375
2023-12-14,1292.010009765625
2023-12-15,1291.9200439453125
2023-12-18,1276.469970703125
2023-12-19,1302.9300537109375
2023-12-20,1297.760009765625
2023-12-21,1296.97998046875
2023-12-22,1291.7099609375
2023-12-25,1297.3599853515625
2023-12-26,1294.5799560546875
2023-12-27,1293.9200439453125
2023-12-28,1294.760009765625
2023-12-29,1277.8399658203125
2024-01-01,1293.530029296875
2024-01-02,1293.5400390625
2024-01-03,1307.6199951171875
2024-01-04,1309.530029296875
2024-01-05,1311.25
2024-01-08,1313.1300048828125
2024-01-09,1311.800048828125
2024-01-10,1319.7900390625
2024-01-11,1317.5
2024-01-12,1311.989990234375
2024-01-15,1312.8499755859375
2024-01-16,1319.7099609375
2024-01-17,1337.7900390625
2024-01-18,1344.050048828125
2024-01-19,1337.6600341796875
2024-01-22,1333.2099609375
2024-01-23,1338.739990234375
2024-01-24,1336.780029296875
2024-01-25,1329.8900146484375
2024-01-26,1336.030029296875
2024-01-29,1336.760009765625
2024-01-30,1333.2099609375
2024-01-31,1326.6199951171875
2024-02-01,1333.9100341796875
2024-02-02,1328.949951171875
2024-02-05,1337.72998046875
2024-02-06,1333.3900146484375
2024-02-07,1326.7900390625
2024-02-08,1327.6199951171875
2024-02-09,1331.469970703125
2024-02-12,1330.06005859375
2024-02-13,1328.5
2024-02-14,1340.7900390625
2024-02-15,1326.0
2024-02-16,1327.6600341796875
2024-02-19,1331.5799560546875
2024-02-20,1333.3399658203125
2024-02-21,1333.75
2024-02-22,1332.8699951171875
2024-02-23,1327.1700439453125
2024-02-26,1330.0
2024-02-27,1331.719970703125
2024-02-28,1331.7900390625
2024-02-29,1333.3800048828125
2024-03-01,1335.199951171875
2024-03-04,1330.9000244140625
2024-03-05,1328.93994140625
2024-03-06,1333.4300537109375
2024-03-07,1327.0899658203125
2024-03-08,1321.1800537109375
2024-03-11,1315.97998046875
2024-03-12,1310.5400390625
2024-03-13,1311.1500244140625
2024-03-14,1313.6500244140625
2024-03-15,1321.9200439453125
2024-03-18,1329.3399658203125
2024-03-19,1336.0899658203125
2024-03-20,1337.02001953125
2024-03-21,1330.1099853515625
2024-03-22,1334.6800537109375
2024-03-25,1343.5999755859375
2024-03-26,1339.1300048828125
2024-03-27,1343.06005859375
2024-03-28,1349.800048828125
2024-03-29,1349.800048828125
2024-03-31,1345.31005859375
2024-04-01,1355.530029296875
2024-04-02,1350.72998046875
2024-04-03,1344.8399658203125
2024-04-04,1351.3599853515625
2024-04-07,1350.27001953125
2024-04-08,1354.219970703125
2024-04-09,1348.5400390625
2024-04-10,1363.760009765625
2024-04-11,1367.8399658203125
2024-04-14,1379.6099853515625
2024-04-15,1387.6700439453125
2024-04-16,1387.3399658203125
2024-04-17,1379.5400390625
2024-04-18,1379.4000244140625
2024-04-21,1373.9300537109375
2024-04-22,1378.8399658203125
2024-04-23,1370.47998046875
2024-04-24,1376.969970703125
2024-04-25,1371.699951171875
2024-04-28,1377.0899658203125
2024-04-29,1374.6400146484375
2024-04-30,1385.4599609375
2024-05-01,1375.0
2024-05-02,1364.6400146484375
2024-05-05,1355.050048828125
2024-05-06,1352.1700439453125
2024-05-07,1357.72998046875
2024-05-08,1361.93994140625
2024-05-09,1365.4000244140625
2024-05-12,1370.1099853515625
2024-05-13,1363.7900390625
2024-05-14,1362.550048828125
2024-05-15,1353.5999755859375
2024-05-16,1346.0400390625
2024-05-19,1353.3900146484375
2024-05-20,1360.1600341796875
2024-05-21,1363.4200439453125
2024-05-22,1365.81005859375
2024-05-23,1367.6199951171875
2024-05-26,1365.7099609375
2024-05-27,1360.9300537109375
2024-05-28,1362.760009765625
2024-05-29,1370.550048828125
2024-05-30,1375.6199951171875
2024-06-02,1382.0999755859375
2024-06-03,1370.7900390625
2024-06-04,1373.719970703125
2024-06-05,1368.739990234375
2024-06-06,1365.25
2024-06-09,1379.050048828125
2024-06-10,1373.9599609375
2024-06-11,1377.3599853515625
2024-06-12,1370.4100341796875
2024-06-13,1373.739990234375
2024-06-16,1382.280029296875
2024-06-17,1379.06005859375
2024-06-18,1378.6099853515625
2024-06-19,1381.1500244140625
2024-06-20,1391.8199462890625
2024-06-23,1388.3900146484375
2024-06-24,1386.1099853515625
2024-06-25,1390.8900146484375
2024-06-26,1393.3800048828125
2024-06-27,1386.949951171875
2024-06-30,1380.2900390625
2024-07-01,1383.4200439453125
2024-07-02,1383.4200439453125
2024-07-03,1385.77001953125
2024-07-04,1380.25
2024-07-07,1376.5699462890625
2024-07-08,1382.75
2024-07-09,1382.4200439453125
2024-07-10,1382.989990234375
2024-07-11,1371.27001953125
2024-07-14,1374.1099853515625
2024-07-15,1383.68994140625
2024-07-16,1382.6400146484375
2024-07-17,1378.6500244140625
2024-07-18,1385.239990234375
2024-07-21,1388.81005859375
2024-07-22,1387.0999755859375
2024-07-23,1384.5699462890625
2024-07-24,1382.6500244140625
2024-07-25,1381.4300537109375
2024-07-28,1382.0899658203125
2024-07-29,1381.3599853515625
2024-07-30,1383.5
2024-07-31,1367.9200439453125
2024-08-01,1368.969970703125
2024-08-04,1357.1700439453125
2024-08-05,1367.4000244140625
2024-08-06,1370.31005859375
2024-08-07,1375.3299560546875
2024-08-08,1373.760009765625
2024-08-11,1363.8399658203125
2024-08-12,1369.5400390625
2024-08-13,1362.1700439453125
2024-08-14,1355.7099609375
2024-08-15,1363.510009765625
2024-08-18,1348.97998046875
2024-08-19,1330.8800048828125
2024-08-20,1327.5799560546875
2024-08-21,1333.6600341796875
2024-08-22,1339.5400390625
2024-08-25,1323.8800048828125
2024-08-26,1326.6400146484375
2024-08-27,1326.3599853515625
2024-08-28,1336.68994140625
2024-08-29,1332.8800048828125
2024-09-01,1336.5799560546875
2024-09-02,1337.550048828125
2024-09-03,1340.4100341796875
2024-09-04,1331.010009765625
2024-09-05,1332.7900390625
2024-09-08,1337.77001953125
2024-09-09,1341.27001953125
2024-09-10,1343.3399658203125
2024-09-11,1339.1800537109375
2024-09-12,1335.68994140625
2024-09-15,1329.510009765625
2024-09-16,1319.1099853515625
2024-09-17,1322.9300537109375
2024-09-18,1322.260009765625
2024-09-19,1327.6099853515625
2024-09-22,1331.5
2024-09-23,1333.6199951171875
2024-09-24,1324.8900146484375
2024-09-25,1335.050048828125
2024-09-26,1313.300048828125
2024-09-29,1309.300048828125
2024-09-30,1315.3299560546875
2024-10-01,1324.8399658203125
2024-10-02,1324.030029296875
2024-10-03,1334.4100341796875
2024-10-06,1345.8800048828125
2024-10-07,1342.3699951171875
2024-10-08,1341.31005859375
2024-10-09,1343.02001953125
2024-10-10,1349.739990234375
2024-10-13,1348.3299560546875
2024-10-14,1357.27001953125
2024-10-15,1363.1800537109375
2024-10-16,1364.199951171875
2024-10-17,1370.050048828125
2024-10-20,1369.010009765625
2024-10-21,1376.5
2024-10-22,1376.6300048828125
2024-10-23,1377.3399658203125
2024-10-24,1376.3199462890625
2024-10-28,1387.6600341796875
2024-10-29,1381.969970703125
2024-10-30,1383.1800537109375
2024-10-31,1378.5699462890625
2024-11-01,1372.9300537109375
2024-11-04,1379.3399658203125
2024-11-05,1372.8599853515625
2024-11-06,1378.0
2024-11-07,1399.800048828125
2024-11-08,1372.0799560546875
2024-11-11,1397.199951171875
2024-11-12,1400.550048828125
2024-11-13,1406.6500244140625
2024-11-14,1399.0
2024-11-15,1400.8299560546875
2024-11-18,1394.3499755859375
2024-11-19,1389.5
2024-11-20,1392.1600341796875
2024-11-21,1397.6199951171875
2024-11-22,1399.5999755859375
2024-11-25,1403.510009765625
2024-11-26,1395.56005859375
2024-11-27,1395.27001953125
2024-11-28,1388.469970703125
2024-11-29,1393.300048828125
2024-12-02,1399.8599853515625
2024-12-03,1401.06005859375
2024-12-04,1411.6700439453125
2024-12-05,1410.800048828125
2024-12-06,1399.989990234375
2024-12-09,1424.219970703125
2024-12-10,1426.5999755859375
2024-12-11,1433.949951171875
2024-12-12,1429.1500244140625
2024-12-13,1427.8599853515625
2024-12-16,1434.449951171875
2024-12-17,1431.3499755859375
2024-12-18,1436.4200439453125
2024-12-19,1451.5
2024-12-20,1437.449951171875
2024-12-23,1445.4200439453125
2024-12-24,1442.699951171875
2024-12-25,1453.4200439453125
2024-12-26,1457.6099853515625
2024-12-27,1466.989990234375
2024-12-30,1472.800048828125
2024-12-31,1467.3900146484375
2025-01-01,
2025-01-02,1473.52001953125
2025-01-03,1471.6500244140625
2025-01-06,1465.530029296875
2025-01-07,1459.449951171875
2025-01-08,1451.8800048828125
2025-01-09,1457.969970703125
2025-01-10,1455.22998046875
2025-01-13,1472.25
2025-01-14,1458.8900146484375
2025-01-15,1460.43994140625
2025-01-16,1437.219970703125
2025-01-17,1453.3199462890625
2025-01-20,1457.3800048828125
2025-01-21,1435.530029296875
2025-01-22,1425.7900390625
2025-01-23,1434.3399658203125
2025-01-24,1433.9300537109375
2025-01-27,1427.6300048828125
2025-01-28,1417.9200439453125
2025-01-29,1443.260009765625
2025-01-30,1443.3199462890625
2025-01-31,1441.6600341796875
2025-02-03,1456.780029296875
2025-02-04,1459.050048828125
2025-02-05,1450.1600341796875
2025-02-06,1443.8900146484375
2025-02-07,1442.1500244140625
2025-02-10,1450.6199951171875
2025-02-11,1453.2099609375
2025-02-12,1450.75
2025-02-13,1452.1199951171875
2025-02-14,1438.739990234375
2025-02-17,1432.5999755859375
2025-02-18,1441.2900390625
2025-02-19,1440.0799560546875
2025-02-20,1439.97998046875
2025-02-21,1431.699951171875
2025-02-24,1434.2900390625
2025-02-25,1428.6500244140625
2025-02-26,1429.5
2025-02-27,1434.4200439453125
2025-02-28,1449.8599853515625
2025-03-03,1459.800048828125
2025-03-04,1457.9300537109375
2025-03-05,1452.8499755859375
2025-03-06,1443.030029296875
2025-03-07,1446.5
2025-03-10,1446.260009765625
2025-03-11,1457.030029296875
2025-03-12,1451.02001953125
2025-03-13,1448.75
2025-03-14,1453.22998046875
2025-03-17,1449.050048828125
2025-03-18,1442.489990234375
2025-03-19,1448.93994140625
2025-03-20,1443.3900146484375
2025-03-21,1465.8199462890625
2025-03-24,1464.780029296875
2025-03-25,1466.27001953125
2025-03-26,1462.0899658203125
2025-03-27,1465.6800537109375
2025-03-28,1461.8900146484375
2025-03-30,1469.4100341796875
2025-03-31,1471.9599609375
2025-04-01,1469.969970703125
2025-04-02,1466.0400390625
2025-04-03,1450.6800537109375
2025-04-06,1458.52001953125
2025-04-07,1469.949951171875
2025-04-08,1486.1300048828125
2025-04-09,1443.949951171875
2025-04-10,1452.0400390625
2025-04-13,1419.050048828125
2025-04-14,1419.4200439453125
2025-04-15,1427.02001953125
2025-04-16,1414.22998046875
2025-04-17,
2025-04-20,
2025-04-21,1421.6400146484375
2025-04-22,1429.219970703125
2025-04-23,1426.449951171875
2025-04-24,1430.06005859375
2025-04-27,1437.3599853515625
2025-04-28,1435.8800048828125
2025-04-29,1431.1600341796875
2025-04-30,1423.75
2025-05-01,1435.0999755859375
2025-05-04,1398.9000244140625
2025-05-05,1374.3699951171875
2025-05-06,1374.77001953125
2025-05-07,1397.2900390625
2025-05-08,1403.8499755859375
2025-05-11,1395.1700439453125
2025-05-12,1416.030029296875
2025-05-13,1416.0
2025-05-14,1407.3299560546875
2025-05-15,1397.02001953125
2025-05-18,1398.1300048828125
2025-05-19,1388.550048828125
2025-05-20,1392.72998046875
2025-05-21,1373.8599853515625
2025-05-22,1381.3399658203125
2025-05-25,1364.72998046875
2025-05-26,1368.0999755859375
2025-05-27,1374.800048828125
2025-05-28,1373.5999755859375
2025-05-29,1370.4100341796875
2025-06-01,1381.989990234375
2025-06-02,1376.0699462890625
2025-06-03,1377.719970703125
2025-06-04,1361.0899658203125
2025-06-05,1354.550048828125
2025-06-08,1359.18994140625
2025-06-09,1353.8499755859375
2025-06-10,1363.8800048828125
2025-06-11,1365.68994140625
2025-06-12,1349.7900390625
2025-06-15,1365.1400146484375
2025-06-16,1357.780029296875
2025-06-17,1380.5
2025-06-18,1370.75
2025-06-19,1374.8900146484375
2025-06-22,1369.469970703125
2025-06-23,1361.93994140625
2025-06-24,1353.780029296875
2025-06-25,1357.030029296875
2025-06-26,1352.760009765625
2025-06-29,1363.5899658203125
2025-06-30,1348.5
2025-07-01,1355.5899658203125
2025-07-02,1354.75
2025-07-03,1357.0999755859375
2025-07-06,1362.199951171875
2025-07-07,1374.6400146484375
2025-07-08,1370.300048828125
2025-07-09,1373.0
2025-07-10,1372.6400146484375
2025-07-13,1378.1700439453125
2025-07-14,1382.010009765625
2025-07-15,1386.449951171875
2025-07-16,1384.9200439453125
2025-07-17,1391.5799560546875
2025-07-20,1390.5699462890625
2025-07-21,1381.8199462890625
2025-07-22,1379.780029296875
2025-07-23,1373.719970703125
2025-07-24,1372.0
2025-07-27,1382.780029296875
2025-07-28,1388.2900390625
2025-07-29,1388.8599853515625
2025-07-30,1392.52001953125
2025-07-31,1391.510009765625
2025-08-03,1390.1800537109375
2025-08-04,1383.5899658203125
2025-08-05,1386.5799560546875
2025-08-06,1384.3900146484375
2025-08-07,1384.969970703125
2025-08-10,1387.81005859375
2025-08-11,1389.7900390625
2025-08-12,1383.0899658203125
2025-08-13,1378.780029296875
2025-08-14,1387.8699951171875
2025-08-17,1387.97998046875
2025-08-18,1386.9100341796875
2025-08-19,1391.3399658203125
2025-08-20,1396.9100341796875
2025-08-21,1399.6099853515625
2025-08-24,1382.8900146484375
2025-08-25,1389.050048828125
2025-08-26,1393.949951171875
2025-08-27,1392.75
2025-08-28,1384.4100341796875
2025-08-31,1388.8399658203125
2025-09-01,1392.93994140625
2025-09-02,1394.5699462890625
2025-09-03,1389.6300048828125
2025-09-04,1392.06005859375
2025-09-07,1385.510009765625
2025-09-08,1385.719970703125
2025-09-09,1387.25
2025-09-10,1387.199951171875
2025-09-11,1389.5
2025-09-14,1393.699951171875
2025-09-15,1385.010009765625
2025-09-16,1377.6400146484375
2025-09-17,1378.68994140625
2025-09-18,1386.75
2025-09-21,1396.22998046875
2025-09-22,1389.3900146484375
2025-09-23,1391.8499755859375
2025-09-24,1403.6500244140625
2025-09-25,1408.9200439453125
2025-09-28,1408.7099609375
2025-09-29,1399.3299560546875
2025-09-30,1403.1500244140625
2025-10-01,1401.8199462890625
2025-10-02,1405.6300048828125
2025-10-05,1406.06005859375
2025-10-06,1409.9200439453125
2025-10-07,1414.5699462890625
2025-10-08,1422.52001953125
2025-10-09,1421.510009765625
2025-10-12,1429.030029296875
2025-10-13,1426.0699462890625
2025-10-14,1429.4300537109375
2025-10-15,1420.0899658203125
2025-10-16,1415.719970703125
2025-10-19,1419.739990234375
2025-10-20,1419.739990234375
2025-10-21,1430.739990234375
2025-10-22,1430.4000244140625
2025-10-23,1435.8399658203125
2025-10-27,1436.969970703125
2025-10-28,1430.969970703125
2025-10-29,1425.969970703125
2025-10-30,1424.010009765625
2025-10-31,1424.02001953125
2025-11-03,1427.1700439453125
2025-11-04,1428.969970703125
2025-11-05,1439.81005859375
2025-11-06,1439.739990234375
2025-11-07,1447.9000244140625
2025-11-10,1454.0
2025-11-11,1456.0899658203125
2025-11-12,1459.8399658203125
2025-11-13,1468.02001953125
2025-11-14,1468.7099609375
2025-11-17,1446.530029296875
2025-11-18,1461.68994140625
2025-11-19,1456.550048828125
2025-11-20,1466.1300048828125
2025-11-21,1473.25
2025-11-24,1467.72998046875
2025-11-25,1474.8599853515625
2025-11-26,1464.9200439453125
2025-11-27,1470.5899658203125
2025-11-28,1461.4000244140625
2025-12-01,1465.6199951171875
2025-12-02,1470.1700439453125
2025-12-03,1467.3599853515625
2025-12-04,1465.030029296875
2025-12-05,1472.3800048828125
2025-12-08,1471.81005859375
2025-12-09,1468.510009765625
2025-12-10,1467.9300537109375
2025-12-11,1469.0400390625
2025-12-12,1470.8499755859375
2025-12-15,1472.9100341796875
2025-12-16,1467.47998046875
2025-12-17,1471.739990234375
2025-12-18,1474.0
2025-12-19,1474.3599853515625
2025-12-22,1473.719970703125
2025-12-23,1476.8399658203125
2025-12-24,1478.6700439453125
2025-12-25,
2025-12-26,1446.52001953125
2025-12-29,1441.3299560546875
2025-12-30,1434.7099609375
