날짜,시가,고가,저가,종가,거래량,등락률
2020-05-13,8345,8345,8182,8215,6191,
2020-05-14,8017,8017,7996,8017,1221,-2.410225197808886
2020-05-15,8020,8057,8020,8057,262,0.49893975302482224
2020-05-18,8024,8024,7983,8024,903,-0.4095817301725208
2020-05-19,8440,8496,8440,8496,16744,5.88235294117647
2020-05-20,8387,8387,8345,8373,2909,-1.4477401129943503
2020-05-21,8428,8468,8428,8468,439,1.134599307297265
2020-05-22,8453,8453,8422,8431,1199,-0.4369390647142183
2020-05-25,8643,8643,8564,8582,1687,1.7910093701814729
2020-05-26,8587,8587,8548,8577,4852,-0.058261477511069686
2020-05-27,8772,8892,8772,8892,2525,3.6726128016789086
2020-05-28,9088,9088,9010,9056,8173,1.8443544759334234
2020-05-29,9088,9102,9070,9102,4321,0.5079505300353356
2020-06-01,9052,9052,8971,9030,21184,-0.7910349373764008
2020-06-02,9253,9253,9180,9223,5943,2.137320044296789
2020-06-03,9334,9334,9240,9262,3642,0.4228559037189635
2020-06-04,9576,9579,9513,9571,17912,3.336212481105593
2020-06-05,9566,9566,9476,9486,10293,-0.8880994671403196
2020-06-08,9522,9807,9522,9807,5778,3.3839342188488297
2020-06-09,10375,10375,10053,10061,14727,2.589986744162333
2020-06-10,9894,9894,9840,9894,4456,-1.6598747639399662
2020-06-11,9640,9640,9584,9584,8372,-3.13321204770568
2020-06-12,9093,9097,8925,9034,4549,-5.73873121869783
2020-06-15,9364,9395,9166,9304,18114,2.988709320345362
2020-06-16,9403,9576,9403,9576,6710,2.9234737747205504
2020-06-17,9611,9692,9576,9683,8788,1.117376775271512
2020-06-18,9522,9522,9444,9522,1944,-1.66270783847981
2020-06-19,9356,9413,9356,9413,18707,-1.1447174963243016
2020-06-22,9248,9321,9243,9321,2784,-0.977371719961755
2020-06-23,9313,9313,9235,9308,1954,-0.1394700139470014
2020-06-24,9277,9277,9195,9218,590,-0.9669101847872797
2020-06-25,9020,9020,8982,9020,483,-2.1479713603818613
2020-06-26,9137,9137,9060,9137,673,1.2971175166297118
2020-06-29,8986,8986,8857,8930,1942,-2.2655138448068293
2020-06-30,8999,9075,8999,9075,440,1.6237402015677491
2020-07-01,9204,9204,9134,9134,1155,0.650137741046832
2020-07-02,9413,9416,9338,9416,5870,3.087365885701774
2020-07-03,9431,9431,9299,9374,1167,-0.4460492778249787
2020-07-06,9374,9374,9360,9374,3091,0.0
2020-07-07,9374,9374,9313,9313,228,-0.6507360785150417
2020-07-08,9195,9195,9134,9141,384,-1.8468807043917106
2020-07-09,9141,9141,9120,9137,161,-0.04375888852423148
2020-07-10,9137,9137,9060,9065,6527,-0.788004815584984
2020-07-13,9088,9097,9083,9088,3424,0.25372311086596805
2020-07-14,9097,9097,8974,9048,877,-0.44014084507042256
2020-07-15,9048,9124,9048,9120,5443,0.7957559681697612
2020-07-16,9149,9213,9149,9161,928,0.44956140350877194
2020-07-17,9034,9116,9034,9116,10921,-0.49121274969981443
2020-07-20,9166,9232,9166,9176,1169,0.6581834137779727
2020-07-21,9129,9129,9124,9129,1786,-0.512205754141238
2020-07-22,9034,9145,9034,9134,445,0.05477051155657794
2020-07-23,9286,9286,9183,9262,3035,1.4013575651412307
2020-07-24,9218,9228,9141,9141,1780,-1.3064133016627077
2020-07-27,9075,9166,9075,9166,1768,0.2734930532764468
2020-07-28,9191,9240,9176,9176,875,0.10909884355225835
2020-07-29,9459,9459,9342,9416,2722,2.6155187445510024
2020-07-30,9551,9653,9551,9653,5043,2.5169923534409517
2020-07-31,9648,9648,9486,9584,2767,-0.7148036879726509
2020-08-03,9584,9584,9473,9579,4747,-0.052170283806343906
2020-08-04,9449,9449,9351,9351,2216,-2.380206702160977
2020-08-05,9571,9571,9473,9476,558,1.3367554272270346
2020-08-06,9481,9481,9435,9464,620,-0.1266357112705783
2020-08-07,9531,9531,9435,9444,1125,-0.2113271344040575
2020-08-10,9579,9658,9571,9571,3778,1.3447691656077934
2020-08-11,9670,9675,9584,9675,4902,1.086615818618744
2020-08-12,9579,9579,9440,9531,1603,-1.4883720930232558
2020-08-13,9546,9632,9541,9619,3475,0.9233029063057391
2020-08-14,9566,9566,9420,9435,2491,-1.9128807568354298
2020-08-18,9481,9579,9481,9571,4327,1.4414414414414414
2020-08-19,9476,9536,9473,9473,635,-1.0239264444676626
2020-08-20,9369,9369,9299,9334,951,-1.4673281959252613
2020-08-21,9420,9464,9403,9408,1426,0.7928005142489822
2020-08-24,9459,9459,9400,9420,356,0.12755102040816327
2020-08-25,9449,9546,9449,9504,891,0.89171974522293
2020-08-26,9531,9566,9504,9556,7734,0.5471380471380471
2020-08-27,9556,9556,9420,9420,8689,-1.4231896190874842
2020-08-28,9588,9588,9561,9566,2621,1.5498938428874736
2020-08-31,9579,9683,9579,9619,6009,0.5540455780890655
2020-09-01,9551,9588,9500,9522,4465,-1.0084208337665037
2020-09-02,9526,9584,9522,9531,1941,0.0945179584120983
2020-09-03,9675,9772,9675,9732,4285,2.108907774630154
2020-09-04,9486,9637,9481,9637,4434,-0.9761611179613645
2020-09-07,9601,9601,9522,9596,713,-0.4254436027809484
2020-09-08,9596,9601,9531,9541,928,-0.5731554814506044
2020-09-09,9476,9476,9403,9408,1575,-1.3939838591342628
2020-09-10,9536,9571,9504,9508,6596,1.0629251700680271
2020-09-11,9508,9508,9388,9427,4744,-0.8519141775347076
2020-09-14,9464,9464,9338,9347,16346,-0.8486262861992151
2020-09-15,9518,9619,9518,9596,6052,2.6639563496308973
2020-09-16,9644,9741,9644,9741,6714,1.5110462692788662
2020-09-17,9732,9777,9732,9732,1885,-0.09239297813366185
2020-09-18,9596,9601,9546,9556,532,-1.8084669132757913
2020-09-21,9351,9392,9347,9356,3967,-2.092925910422771
2020-09-22,9204,9204,9097,9102,3680,-2.71483539974348
2020-09-23,9286,9286,9209,9209,626,1.175565809712151
2020-09-24,8971,8982,8938,8942,8978,-2.89933760451732
2020-09-25,9020,9020,8982,9015,4442,0.8163721762469246
2020-09-28,9243,9243,9166,9195,18,1.9966722129783694
2020-09-29,9351,9388,9351,9388,794,2.098966829798804
2020-10-05,9606,9644,9606,9640,2832,2.684277801448658
2020-10-06,9697,9732,9697,9732,2219,0.9543568464730291
2020-10-07,9732,9732,9632,9667,816,-0.6678997122893546
2020-10-08,9667,9678,9667,9678,297,0.11378917968345918
2020-10-12,9745,9785,9745,9785,2302,1.1056003306468278
2020-10-13,9835,9840,9794,9840,4525,0.5620848237097598
2020-10-14,9648,9683,9648,9683,4610,-1.595528455284553
2020-10-15,9644,9644,9531,9531,11383,-1.5697614375710007
2020-10-16,9579,9579,9576,9576,215,0.4721435316336166
2020-10-19,9508,9551,9508,9518,1313,-0.6056808688387636
2020-10-20,9400,9400,9360,9400,12915,-1.2397562513133011
2020-10-21,9364,9464,9364,9459,105,0.6276595744680851
2020-10-22,9420,9427,9392,9427,2496,-0.33830214610423937
2020-10-23,9374,9408,9374,9379,3487,-0.509175771719529
2020-10-26,9427,9464,9427,9464,1254,0.906279987205459
2020-10-27,9342,9342,9308,9308,241,-1.6483516483516485
2020-10-28,9176,9204,9166,9171,11177,-1.4718521701761924
2020-10-29,9052,9052,8930,9010,2584,-1.7555337476829136
2020-10-30,9145,9145,9034,9106,914,1.0654827968923417
2020-11-02,9120,9120,9025,9030,8135,-0.834614539863826
2020-11-03,9187,9291,9187,9291,805,2.8903654485049834
2020-11-04,9531,9531,9403,9449,1466,1.7005704445161984
2020-11-05,9392,9486,9392,9449,5532,0.0
2020-11-06,9481,9490,9476,9481,8077,0.33866017567996615
2020-11-09,9459,9497,9427,9497,1509,0.1687585697711212
2020-11-10,9675,9710,9658,9710,9645,2.242813520058966
2020-11-11,9772,9811,9762,9811,26761,1.0401647785787849
2020-11-12,9821,9876,9816,9871,7752,0.6115584547956376
2020-11-13,9835,9835,9717,9767,371,-1.0535913281329146
2020-11-16,9953,10007,9953,9953,3267,1.9043718644414867
2020-11-17,10124,10124,10021,10084,5403,1.3161860745503868
2020-11-18,10016,10079,10016,10079,730,-0.04958349861166203
2020-11-19,9922,9922,9830,9889,3315,-1.8851076495684096
2020-11-20,9926,9926,9912,9926,22043,0.3741530994033775
2020-11-23,9876,9876,9835,9835,1299,-0.9167842031029618
2020-11-24,9849,9867,9816,9840,2284,0.05083884087442806
2020-11-25,9960,9960,9881,9889,656,0.49796747967479676
2020-11-26,9894,9894,9849,9863,509,-0.26291839417534635
2020-11-27,9894,9894,9863,9889,4655,0.26361147723816286
2020-11-30,9889,9889,9816,9849,5040,-0.40448983719284054
2020-12-01,9749,9789,9732,9777,35479,-0.7310386841303685
2020-12-02,9960,9960,9844,9871,2207,0.9614401145545669
2020-12-03,9854,9854,9772,9789,9330,-0.8307162394894134
2020-12-04,9908,9908,9821,9876,2666,0.8887526815813668
2020-12-07,9980,10000,9957,9987,2993,1.1239368165249088
2020-12-08,9917,9917,9867,9876,523,-1.1114448783418445
2020-12-09,9849,9849,9825,9844,1341,-0.3240178209801539
2020-12-10,9794,9794,9741,9794,5153,-0.5079236082893133
2020-12-11,9789,9789,9705,9737,4440,-0.5819889728405147
2020-12-14,9753,9753,9710,9753,3833,0.16432165964876247
2020-12-15,9683,9697,9648,9648,3501,-1.076591817902184
2020-12-16,9849,9885,9849,9849,1081,2.083333333333333
2020-12-17,9849,9894,9789,9876,658,0.27413950654888825
2020-12-18,9867,10007,9867,10002,3153,1.275820170109356
2020-12-21,9898,9898,9781,9830,16564,-1.7196560687862426
2020-12-22,9767,10470,9658,9729,6249,-1.0274669379450663
2020-12-23,9741,9859,9741,9830,813,1.0381334155617226
2020-12-24,9772,9772,9753,9772,902,-0.590030518819939
2020-12-28,9854,9854,9802,9854,4721,0.8391322144903808
2020-12-29,9889,9943,9889,9943,2706,0.9031865232392936
2020-12-30,9849,9849,9802,9849,2025,-0.9453887156793725
2021-01-04,9948,10030,9867,9976,2230,1.289471012285511
2021-01-05,9976,9976,9637,9658,7061,-3.187650360866079
2021-01-06,9619,9663,9615,9615,3038,-0.4452267550217436
2021-01-07,9717,9717,9611,9653,1077,0.3952158086323453
2021-01-08,9596,9717,9596,9658,36879,0.05179736869367036
2021-01-11,9802,9802,9700,9741,3887,0.8593911782977841
2021-01-12,9675,9675,9601,9611,1351,-1.3345652397084489
2021-01-13,9640,9640,9596,9611,792,0.0
2021-01-14,9644,9725,9644,9683,1217,0.7491416085735095
2021-01-15,9821,9821,9749,9762,4916,0.8158628524217701
2021-01-18,9859,9859,9840,9859,1956,0.9936488424503176
2021-01-19,10111,10111,9844,9894,2026,0.3550055786590932
2021-01-20,9926,9926,9807,9854,1034,-0.4042854255104104
2021-01-21,9948,10053,9948,10039,6284,1.8774101887558352
2021-01-22,10039,10039,9995,10025,6085,-0.13945612112760236
2021-01-25,10049,10053,10000,10053,5481,0.2793017456359102
2021-01-26,10180,10180,10107,10119,33634,0.6565204416592062
2021-01-27,10222,10227,10148,10222,35189,1.0178871429983198
2021-01-28,10232,10232,9976,10111,995,-1.0858931715906868
2021-01-29,10222,10222,10039,10116,13065,0.049451092869152405
2021-02-01,10011,10016,10011,10016,4829,-0.9885330170027679
2021-02-02,10287,10287,10177,10257,8551,2.406150159744409
2021-02-03,10311,10311,10255,10311,5644,0.5264697279906405
2021-02-04,10268,10268,10189,10261,2342,-0.4849190185239065
2021-02-05,10361,10378,10311,10378,31883,1.140239742715135
2021-02-08,10319,10448,10319,10448,40367,0.6745037579495086
2021-02-09,10375,10475,10375,10475,2516,0.25842266462480856
2021-02-10,10475,10475,10351,10433,13147,-0.40095465393794755
2021-02-15,10392,10564,10392,10549,3491,1.111856608837343
2021-02-16,10554,10554,10539,10554,810,0.047397857616835716
2021-02-17,10412,10457,10278,10457,3860,-0.9190828122039036
2021-02-18,10438,10438,10261,10429,16621,-0.2677632208090274
2021-02-19,10400,10400,10111,10287,49315,-1.361587879950139
2021-02-22,10251,10429,10251,10351,2282,0.6221444541654515
2021-02-23,10346,10453,10346,10448,244,0.9371075258429137
2021-02-24,10496,10501,10392,10396,2520,-0.49770290964777947
2021-02-25,10424,10564,10424,10457,2443,0.5867641400538669
2021-02-26,10246,10388,10246,10323,3611,-1.2814382710146315
2021-03-02,10408,10819,10208,10257,2410,-0.6393490264458007
2021-03-03,10208,10208,10039,10189,985,-0.6629618796919177
2021-03-04,9972,10094,9972,10094,1840,-0.9323780547649426
2021-03-05,10016,10016,9854,9948,4406,-1.4464038042401426
2021-03-08,10119,10119,9972,10094,2537,1.4676316847607558
2021-03-09,10104,10159,10104,10116,982,0.2179512581731722
2021-03-10,10292,10292,10199,10199,3447,0.8204824041122974
2021-03-11,10273,10424,10273,10273,1036,0.725561329542112
2021-03-12,10392,10506,10392,10470,4154,1.9176482040299814
2021-03-15,10701,10701,10549,10633,2809,1.556829035339064
2021-03-16,10801,10806,10751,10791,14986,1.4859399981190633
2021-03-17,10766,10766,10710,10761,4461,-0.27800945232137897
2021-03-18,10761,10761,10710,10761,3135,0.0
2021-03-19,10666,10666,10609,10666,2432,-0.882817582009107
2021-03-22,10559,10577,10475,10573,77124,-0.8719294955934745
2021-03-23,10573,10641,10573,10633,4170,0.5674832119549796
2021-03-24,10628,10628,10586,10595,2564,-0.35737797423116713
2021-03-25,10573,10586,10531,10539,1977,-0.5285512033978291
2021-03-26,10619,10669,10619,10666,621,1.2050479172597022
2021-03-29,10854,10910,10827,10868,3868,1.8938683667729235
2021-03-30,10868,10868,10806,10868,5075,0.0
2021-03-31,10810,10831,10810,10831,6085,-0.34044902465955096
2021-04-01,10786,10786,10774,10786,990,-0.4154741021143015
2021-04-02,10932,11027,10932,11027,5217,2.2343778972742445
2021-04-05,11045,11045,11035,11045,9765,0.16323569420513287
2021-04-06,11110,11110,10990,10990,920,-0.49796287913082843
2021-04-07,11022,11110,11022,11110,3869,1.0919017288444042
2021-04-08,11113,11113,11103,11113,968,0.027002700270027002
2021-04-09,11107,11107,11048,11072,3584,-0.3689372806622874
2021-04-12,11072,11085,10994,11085,2718,0.11741329479768786
2021-04-13,11085,11139,11072,11136,1884,0.46008119079837617
2021-04-14,11262,11262,11122,11222,2341,0.7722701149425287
2021-04-15,11131,11131,11127,11131,2340,-0.8109071466761718
2021-04-16,11194,11339,11194,11339,702,1.8686551073578295
2021-04-19,11348,11362,11336,11362,2218,0.2028397565922921
2021-04-20,11389,11389,11381,11389,1122,0.23763421932758316
2021-04-21,11546,11546,11107,11365,153027,-0.21072965141803496
2021-04-22,11463,11554,11414,11554,828,1.6630004399472063
2021-04-23,11410,11509,11410,11504,1106,-0.43275056257573136
2021-04-26,11518,11577,11518,11577,1233,0.6345618915159944
2021-04-27,11577,11596,11499,11591,2251,0.12092942904033861
2021-04-28,11636,11636,11499,11546,638,-0.38823224915883014
2021-04-29,11591,11591,11450,11459,2007,-0.7535077082972458
2021-04-30,11537,11617,11537,11546,4190,0.7592285539750414
2021-05-03,11550,11727,11550,11727,14493,1.5676424735839252
2021-05-04,11686,11686,11591,11674,8188,-0.45194849492623856
2021-05-06,11468,11468,11336,11437,4689,-2.030152475586774
2021-05-07,11494,11504,11433,11499,7756,0.5421002011016876
2021-05-10,11550,11645,11550,11642,2561,1.2435863988172884
2021-05-11,11659,11659,11650,11654,4281,0.10307507301151005
2021-05-12,11537,11537,11437,11437,15188,-1.8620216234769178
2021-05-13,11437,11437,11103,11107,32192,-2.885372038121885
2021-05-14,11085,11266,11085,11266,36772,1.4315296659764114
2021-05-17,11518,11518,11339,11343,48913,0.6834723948162613
2021-05-18,11377,11488,11377,11433,5720,0.7934408886537953
2021-05-20,11478,11478,11433,11445,703,0.10495932826029913
2021-05-21,11563,11572,11518,11572,1861,1.1096548711227612
2021-05-24,11640,11640,11499,11587,2398,0.1296232284825441
2021-05-25,11666,11722,11636,11722,90824,1.165098817640459
2021-05-26,11740,11740,11717,11740,3006,0.15355741341068077
2021-05-27,11740,11763,11670,11763,8309,0.1959114139693356
2021-05-28,11759,11759,11681,11704,4193,-0.5015727280455666
2021-05-31,11751,11828,11712,11746,4688,0.3588516746411483
2021-06-01,11791,11791,11707,11781,333,0.29797377830750893
2021-06-02,11888,11964,11781,11838,56951,0.48382989559460143
2021-06-03,12001,12066,11990,12066,21500,1.926001013684744
2021-06-04,12126,12126,11985,12092,2822,0.21548151831592907
2021-06-07,12144,12144,12059,12102,2626,0.08269930532583526
2021-06-08,12116,12215,12116,12197,3666,0.7849942158320938
2021-06-09,12210,12303,12210,12303,5148,0.8690661638107732
2021-06-10,12329,12342,12329,12342,7893,0.3169958546695928
2021-06-11,12449,12449,12444,12449,9339,0.8669583535893696
2021-06-14,12380,12380,12282,12380,7592,-0.5542613864567435
2021-06-15,12457,12457,12326,12390,47511,0.08077544426494346
2021-06-16,12342,12342,12162,12162,51194,-1.8401937046004841
2021-06-17,12162,12183,12033,12033,29300,-1.0606808090774542
2021-06-18,12043,12116,12043,12116,6514,0.6897697997174437
2021-06-21,12059,12059,11926,11956,4525,-1.3205678441729944
2021-06-22,12126,12264,12126,12259,4630,2.534292405486785
2021-06-23,12210,12223,12171,12218,8360,-0.33444816053511706
2021-06-24,12179,12179,12131,12175,3464,-0.35193976100834834
2021-06-25,12175,12179,12050,12131,3181,-0.3613963039014374
2021-06-28,12140,12241,12131,12231,10660,0.8243343500123649
2021-06-29,12202,12210,12097,12193,15188,-0.3106859619000899
2021-06-30,12193,12193,12131,12162,31949,-0.25424423849749855
2021-07-01,12097,12097,11998,12088,8465,-0.6084525571452064
2021-07-02,12088,12131,12088,12107,1826,0.157180675049636
2021-07-05,12116,12171,12116,12131,2305,0.1982324275212687
2021-07-06,12131,12188,12116,12179,8194,0.3956804880059352
2021-07-07,12183,12278,12183,12183,26595,0.03284341899991789
2021-07-08,12210,12303,12210,12231,9121,0.39399162767791185
2021-07-09,12231,12299,12193,12256,5724,0.20439865914479602
2021-07-12,12457,12457,12380,12440,3846,1.5013054830287207
2021-07-13,12489,12597,12475,12548,5296,0.8681672025723474
2021-07-14,12419,12419,12411,12419,2206,-1.0280522792476887
2021-07-15,12521,12521,12433,12503,4418,0.6763829615911104
2021-07-16,12553,12553,12503,12543,5150,0.31992321842757737
2021-07-19,12561,12561,12543,12543,3423,0.0
2021-07-20,12346,12346,12223,12264,5779,-2.2243482420473573
2021-07-21,12449,12607,12440,12561,5663,2.4217221135029354
2021-07-22,12592,12592,12558,12561,1374,0.0
2021-07-23,12526,12526,12395,12480,2240,-0.6448531167900645
2021-07-26,12617,12617,12539,12607,3105,1.017628205128205
2021-07-27,12607,12607,12485,12574,1515,-0.26175934004917906
2021-07-28,12574,12673,12489,12668,2172,0.7475743597900429
2021-07-29,12622,12632,12553,12612,2175,-0.4420587306599305
2021-07-30,12612,12622,12521,12521,1775,-0.7215350459879479
2021-08-02,12489,12641,12489,12602,5287,0.6469131858477757
2021-08-03,12602,12641,12566,12641,1962,0.3094746865576892
2021-08-04,12641,12660,12622,12656,3064,0.11866149829918518
2021-08-05,12607,12607,12492,12548,2853,-0.8533501896333754
2021-08-06,12574,12759,12574,12759,15134,1.6815428753586228
2021-08-09,12717,12717,12703,12703,1903,-0.4389058703660162
2021-08-10,12699,12699,12636,12656,6764,-0.36999134062819805
2021-08-11,12516,12521,12496,12511,26030,-1.1457016434892542
2021-08-12,12530,12584,12530,12574,2047,0.50355686995444
2021-08-13,13090,13090,12592,12636,4346,0.4930809607125815
2021-08-17,12641,12699,12641,12656,2310,0.15827793605571383
2021-08-18,12656,12656,12648,12651,2581,-0.039506953223767384
2021-08-19,12574,12574,12452,12566,17723,-0.6718836455616156
2021-08-20,12641,12641,12503,12632,20158,0.5252268024828903
2021-08-23,12570,12690,12570,12617,16635,-0.11874604179860672
2021-08-24,12673,12673,12498,12587,21429,-0.2377744313228184
2021-08-25,12622,12632,12507,12632,25520,0.35751171843965995
2021-08-26,12574,12592,12496,12592,8472,-0.31665611146295125
2021-08-27,12326,12592,12326,12574,11889,-0.14294790343074967
2021-08-30,12587,12708,12587,12708,10749,1.0656911086368697
2021-08-31,12826,12847,12793,12847,12547,1.0937991816178785
2021-09-01,12820,12871,12797,12866,11653,0.1478944500661633
2021-09-02,12975,13120,12975,13031,25518,1.2824498678688017
2021-09-03,13102,13177,13102,13177,42053,1.120405187629499
2021-09-06,13173,13210,13160,13196,32713,0.14419063519769296
2021-09-07,13210,13254,13196,13254,18043,0.4395271294331616
2021-09-08,13078,13078,12905,13052,86472,-1.5240682058246569
2021-09-09,13134,13148,13090,13148,31234,0.7355194606190621
2021-09-10,12896,12896,12829,12881,41330,-2.0307271067843016
2021-09-13,12738,12738,12587,12713,79033,-1.304246564707709
2021-09-14,12703,12767,12703,12767,30059,0.42476205458978994
2021-09-15,12750,12750,12395,12713,80280,-0.4229654578209446
2021-09-16,12763,12767,12664,12703,17221,-0.07865963973885
2021-09-17,12668,12779,12668,12763,12990,0.47232937101472094
2021-09-23,12725,12725,12686,12725,19681,-0.2977356420904176
2021-09-24,12673,12677,12597,12677,9770,-0.37721021611001965
2021-09-27,12561,12561,12444,12530,14281,-1.1595803423522915
2021-09-28,12355,12355,12259,12291,5803,-1.9074221867517955
2021-09-29,12291,12291,12059,12227,23459,-0.520706207794321
2021-09-30,12337,12337,12253,12312,42939,0.6951827921812382
2021-10-01,12193,12193,12038,12046,24891,-2.1604938271604937
2021-10-05,12253,12282,12183,12183,7301,1.1373069898721566
2021-10-06,12207,12207,12140,12140,14888,-0.35295083312812936
2021-10-07,12210,12337,12210,12329,2631,1.556836902800659
2021-10-08,12437,12437,12256,12370,4286,0.3325492740692676
2021-10-12,12355,12360,12188,12207,5616,-1.3177041228779305
2021-10-13,12303,12475,12303,12444,1993,1.9415089702629638
2021-10-14,12539,13160,12440,12738,41233,2.3625843780135005
2021-10-15,12738,12738,12622,12694,2792,-0.3454231433506045
2021-10-18,12708,12713,12648,12699,3951,0.0393886875689302
2021-10-19,13134,13134,12699,12754,11688,0.4331049688951886
2021-10-20,12770,12770,12725,12770,14168,0.1254508389524855
2021-10-21,12970,12970,12908,12962,14037,1.5035238841033673
2021-10-22,12962,12988,12908,12988,21583,0.20058632927017436
2021-10-25,13048,13055,12993,13055,22367,0.515860794579612
2021-10-26,13116,13116,13031,13082,11148,0.2068173113749521
2021-10-27,13177,13177,13073,13120,7861,0.2904754624675126
2021-10-28,13055,13055,12939,12988,14265,-1.0060975609756098
2021-10-29,13095,13164,13090,13139,21504,1.1626116415152448
2021-11-01,13177,13177,12913,12978,17512,-1.2253596164091636
2021-11-02,13052,13052,12970,13026,27142,0.36985668053629217
2021-11-03,13134,13134,13026,13090,5569,0.4913250422232458
2021-11-04,13098,13148,13078,13148,26929,0.44308632543926657
2021-11-05,13116,13116,13024,13026,68188,-0.9278977791299057
2021-11-08,13065,13130,13052,13130,19045,0.7984031936127743
2021-11-09,13164,13164,13019,13082,10707,-0.36557501904036555
2021-11-10,13168,13168,13024,13060,11590,-0.16817000458645467
2021-11-11,13000,13082,12923,13082,11917,0.16845329249617153
2021-11-12,13086,13134,13086,13102,9002,0.15288182235132244
2021-11-15,13102,13125,13060,13082,48652,-0.1526484506182262
2021-11-16,13134,13210,13065,13116,32086,0.25989909799724814
2021-11-17,13116,13125,12993,13000,5771,-0.8844159804818542
2021-11-18,13019,13143,13019,13082,5930,0.6307692307692307
2021-11-19,13086,13164,13086,13098,39258,0.12230545788105794
2021-11-22,13116,13116,13004,13052,27973,-0.3511986562834021
2021-11-23,13004,13055,12926,13024,14452,-0.21452650934722645
2021-11-24,13065,13148,13048,13090,5424,0.5067567567567568
2021-11-25,13232,13338,13232,13338,11578,1.894576012223071
2021-11-26,13291,13291,13086,13095,4915,-1.8218623481781375
2021-11-29,12962,13073,12839,13043,30688,-0.39709812905689196
2021-11-30,13048,13090,12847,12944,33886,-0.7590278310204707
2021-12-01,12823,12905,12729,12905,8331,-0.30129789864029666
2021-12-02,12905,12905,12617,12673,7587,-1.7977528089887642
2021-12-03,13031,13031,12886,12962,3197,2.2804387280044187
2021-12-06,13106,13106,12896,13014,11208,0.4011726585403487
2021-12-07,13055,13143,13055,13139,4372,0.9605040725372676
2021-12-08,13387,13387,13177,13273,6221,1.0198645254585585
2021-12-09,13361,13382,13335,13378,5518,0.7910796353499585
2021-12-10,13264,13264,13164,13164,22869,-1.5996412019733892
2021-12-13,13325,13325,13232,13245,8695,0.6153144940747493
2021-12-14,13387,13411,13387,13400,4824,1.1702529256323142
2021-12-15,13304,13304,13232,13264,1005,-1.0149253731343284
2021-12-16,13396,13454,13392,13450,12868,1.4022919179734619
2021-12-17,13454,13458,13330,13330,32972,-0.8921933085501859
2021-12-20,13335,13373,13254,13268,11339,-0.46511627906976744
2021-12-21,13392,13440,13296,13430,11891,1.2209828157974074
2021-12-22,13490,13490,13404,13450,10778,0.14892032762472077
2021-12-23,13539,13610,13535,13606,29077,1.1598513011152418
2021-12-24,13575,13575,13472,13575,11292,-0.22784065853300017
2021-12-27,13596,13596,13511,13570,2218,-0.036832412523020254
2021-12-28,13734,13794,13729,13790,55940,1.6212232866617537
2021-12-29,13827,13878,13786,13853,25309,0.4568527918781726
2021-12-30,13920,13920,13827,13827,63665,-0.18768497798310835
2022-01-03,13963,14061,13827,14012,93351,1.3379619584870182
2022-01-04,13983,13983,13751,13945,51871,-0.4781615757921781
2022-01-05,13920,13920,13658,13720,36851,-1.6134815346002152
2022-01-06,13268,13503,13245,13416,42182,-2.2157434402332363
2022-01-07,13570,13570,13416,13531,11966,0.857185450208706
2022-01-10,13450,13450,13120,13361,7100,-1.2563742517182765
2022-01-11,13361,13361,13232,13318,3235,-0.3218321981887583
2022-01-12,13382,13382,13286,13373,18644,0.41297492115933326
2022-01-13,13357,13361,13330,13353,18571,-0.14955507365587378
2022-01-14,13353,13353,13196,13318,9264,-0.26211338276042834
2022-01-17,13241,13241,13048,13182,18153,-1.0211743505030786
2022-01-18,13215,13215,13048,13125,1552,-0.432407828857533
2022-01-19,13125,13125,12988,12993,4896,-1.0057142857142856
2022-01-20,12993,12993,12842,12988,2247,-0.03848225967828831
2022-01-21,12656,12779,12411,12539,37941,-3.457037265167847
2022-01-24,12811,12811,12607,12668,23998,1.028790174655076
2022-01-25,12754,12754,12498,12622,26979,-0.3631196716135143
2022-01-26,12729,12750,12607,12729,31715,0.8477261923625415
2022-01-27,12970,12970,12207,12385,59180,-2.702490376306073
2022-01-28,12183,12403,12183,12403,36362,0.14533710133225677
2022-02-03,12759,12908,12759,12829,14127,3.4346529065548657
2022-02-04,12891,12935,12829,12926,16832,0.7560994621560526
2022-02-07,12784,12784,12686,12759,4600,-1.2919696735262263
2022-02-08,12742,12784,12681,12767,6423,0.06270083862371659
2022-02-09,12686,12713,12607,12708,3527,-0.46212892613769874
2022-02-10,12948,12948,12881,12923,4531,1.6918476550204595
2022-02-11,12574,12584,12395,12511,7354,-3.188114214965565
2022-02-14,12521,12521,12399,12496,8453,-0.11989449284629525
2022-02-15,12407,12407,12333,12360,3871,-1.088348271446863
2022-02-16,12440,12440,12316,12403,3847,0.3478964401294498
2022-02-17,12440,12496,12399,12437,4845,0.2741272272837217
2022-02-18,12380,12444,12316,12424,5499,-0.10452681514834768
2022-02-21,12244,12380,12175,12375,1899,-0.3943979394719897
2022-02-22,12135,12188,11968,12121,10591,-2.0525252525252524
2022-02-23,12188,12299,12131,12299,20579,1.468525699199736
2022-02-24,11888,12001,11622,11746,27564,-4.496300512236767
2022-02-25,12107,12202,12107,12179,4462,3.6863613144900396
2022-02-28,12126,12457,12126,12390,3836,1.7324903522456687
2022-03-02,12390,12390,12210,12291,2660,-0.7990314769975786
2022-03-03,12566,12566,12375,12452,1547,1.309901553982589
2022-03-04,12574,12574,12390,12449,5919,-0.024092515258592996
2022-03-07,12256,12507,12256,12437,2468,-0.09639328460117279
2022-03-08,11964,12403,11964,12294,1986,-1.1497949666318243
2022-03-10,12333,12543,12333,12511,2361,1.7650886611355134
2022-03-11,12511,12553,12462,12503,3390,-0.06394372951802414
2022-03-14,12521,12566,12437,12543,2510,0.31992321842757737
2022-03-15,12248,12415,12248,12333,1437,-1.6742406122937097
2022-03-16,12273,12444,12273,12437,1281,0.8432660342171411
2022-03-17,12437,12612,12437,12587,4410,1.2060786363270886
2022-03-18,12664,12742,12570,12734,4171,1.167871613569556
2022-03-21,12526,13031,12526,12767,56833,0.2591487356682896
2022-03-22,13024,13024,12622,12725,3297,-0.32897313386073473
2022-03-23,12797,12801,12607,12784,3261,0.4636542239685658
2022-03-24,12694,12694,12592,12660,2527,-0.969962453066333
2022-03-25,12592,12660,12592,12660,12086,0.0
2022-03-28,12871,12871,12722,12801,7645,1.113744075829384
2022-03-29,12988,13949,12852,13043,19715,1.8904773064604328
2022-03-30,13264,13357,13259,13286,4491,1.8630683125047918
2022-03-31,13281,13314,13187,13296,83425,0.07526719855486978
2022-04-01,13168,13182,13041,13168,5583,-0.9626955475330927
2022-04-04,13224,13364,13224,13364,2500,1.488456865127582
2022-04-05,13318,13318,13052,13318,8319,-0.34420832086201736
2022-04-06,13296,13296,13090,13215,5565,-0.7733893978074785
2022-04-07,13353,13416,13296,13378,6528,1.2334468407113128
2022-04-08,13348,13348,13245,13343,10818,-0.2616235610704141
2022-04-11,13307,13338,13268,13291,28387,-0.3897174548452372
2022-04-12,13236,13241,12908,12983,21712,-2.3173576104130613
2022-04-13,13111,13160,13009,13070,5963,0.6701070630824926
2022-04-14,13177,13236,13098,13205,3315,1.0328997704667175
2022-04-15,13210,13210,13043,13139,10502,-0.49981067777357063
2022-04-18,13125,13148,12923,13148,4174,0.06849836365020169
2022-04-19,13130,13236,13111,13236,3979,0.6693033160937024
2022-04-20,13373,13440,13286,13421,2507,1.397703233605319
2022-04-21,13658,13658,13583,13596,14494,1.3039266820654198
2022-04-22,13653,13653,13348,13435,8927,-1.1841718152397764
2022-04-25,13343,13343,13250,13259,9472,-1.3100111648678823
2022-04-26,13330,13330,13291,13299,9245,0.3016818764612716
2022-04-27,13098,13098,12978,13073,26553,-1.6993758929242802
2022-04-28,12978,13086,12978,13086,5673,0.09944159718503787
2022-04-29,13095,13196,13048,13102,4589,0.12226807274950328
2022-05-02,12656,12703,12612,12703,5290,-3.045336589833613
2022-05-03,12429,12429,12321,12375,4423,-2.5820672282138077
2022-05-04,12480,12498,12342,12452,46892,0.6222222222222222
2022-05-06,12329,12329,12227,12264,2328,-1.5097976228718277
2022-05-09,12050,12153,11985,12097,92682,-1.3617090671885193
2022-05-10,11704,11704,11441,11686,163276,-3.3975365793171863
2022-05-11,11437,11437,11247,11394,15772,-2.498716412801643
2022-05-12,11362,11370,11257,11370,5002,-0.210637177461822
2022-05-13,11450,11463,11365,11463,2036,0.8179419525065963
2022-05-16,11833,11833,11631,11717,8144,2.215824827706534
2022-05-17,11686,11686,11622,11681,1922,-0.3072458820517197
2022-05-18,11857,11878,11743,11838,2043,1.3440630083040834
2022-05-19,11454,11537,11445,11454,46707,-3.243791180942727
2022-05-20,11365,11533,11365,11478,1961,0.20953378732320588
2022-05-23,11704,11704,11504,11704,3587,1.968984143579021
2022-05-24,11627,11654,11587,11596,1724,-0.9227614490772384
2022-05-25,11674,11791,11674,11771,527,1.5091410831321146
2022-05-26,11848,11870,11746,11870,1998,0.8410500382295473
2022-05-27,11939,11939,11861,11878,855,0.06739679865206402
2022-05-30,12070,12291,12070,12183,3037,2.5677723522478533
2022-05-31,12183,12303,12088,12207,22358,0.19699581383895592
2022-06-02,11901,11914,11888,11914,4835,-2.4002621446710903
2022-06-03,12112,12112,12006,12070,841,1.3093839180795703
2022-06-07,11917,11917,11796,11796,6127,-2.2700911350455675
2022-06-08,12075,12075,11943,11998,1497,1.71244489657511
2022-06-09,11861,11861,11691,11759,2191,-1.9919986664444074
2022-06-10,11554,11572,11514,11563,1765,-1.6668084020750065
2022-06-13,11179,11189,11094,11113,3991,-3.8917236011415723
2022-06-14,10766,10854,10696,10854,1409,-2.3306037973544496
2022-06-15,10684,10705,10600,10644,1534,-1.9347705914870093
2022-06-16,10977,10985,10720,10720,15524,0.7140172867343104
2022-06-17,10523,10644,10523,10641,1413,-0.7369402985074627
2022-06-20,10628,10739,10628,10710,11490,0.6484352974344516
2022-06-21,10819,10819,10710,10819,1701,1.0177404295051353
2022-06-22,10836,10836,10647,10724,2774,-0.8780848507255754
2022-06-23,10937,10994,10901,10980,1928,2.3871689668034315
2022-06-24,11027,11288,11027,11288,2379,2.8051001821493626
2022-06-27,11357,11473,11357,11433,749,1.284549964564139
2022-06-28,11488,11488,11348,11437,741,0.034986442753433045
2022-06-29,11389,11389,11252,11262,1147,-1.5301215353676665
2022-06-30,11234,11234,11068,11098,30133,-1.4562244716746582
2022-07-01,11098,11179,10977,11022,673,-0.6848080735267617
2022-07-04,11357,11357,11275,11298,1408,2.5040827436037016
2022-07-05,11397,11468,11389,11428,851,1.1506461320587715
2022-07-06,11428,11428,11271,11302,1103,-1.1025551277563879
2022-07-07,11428,11428,11298,11353,1259,0.4512475668023359
2022-07-08,11483,11483,11275,11293,3887,-0.5284946710120673
2022-07-11,11293,11324,11175,11213,282,-0.7084034357566634
2022-07-12,11343,11343,11179,11194,2228,-0.16944617854276287
2022-07-13,11213,11222,11139,11222,3020,0.2501340003573343
2022-07-14,11077,11148,11077,11113,322,-0.9713063625022278
2022-07-15,11113,11113,11007,11022,3142,-0.8188607936650769
2022-07-18,11213,11298,11213,11298,5980,2.5040827436037016
2022-07-19,11252,11252,11139,11157,1019,-1.248008497079129
2022-07-20,11384,11483,11384,11483,2100,2.9219324191090794
2022-07-21,11441,11441,11302,11394,5313,-0.7750587825481146
2022-07-22,11394,11397,11348,11389,17446,-0.04388274530454625
2022-07-25,11488,11554,11483,11490,1551,0.8868206163842305
2022-07-26,11518,11537,11473,11514,698,0.20887728459530025
2022-07-27,11582,11763,11582,11751,30630,2.058363731109953
2022-07-28,11712,11712,11636,11654,18601,-0.8254616628372053
2022-07-29,11717,12241,11717,12236,9604,4.9939934786339455
2022-08-01,12075,12144,11976,12135,45768,-0.8254331480876103
2022-08-02,12059,12059,11985,12011,3107,-1.0218376596621344
2022-08-03,11888,11960,11838,11943,7728,-0.5661476979435518
2022-08-04,11990,11990,11901,11901,39750,-0.35167043456417985
2022-08-05,11956,11968,11852,11896,2672,-0.042013276195277706
2022-08-08,11896,11943,11848,11939,1136,0.3614660390047075
2022-08-09,12043,12126,11972,12079,3129,1.1726275232431527
2022-08-10,12112,12116,12011,12097,2715,0.14901895852305655
2022-08-11,12218,12365,12218,12303,8848,1.7029015458378112
2022-08-12,12329,12329,12202,12286,7260,-0.13817768024059174
2022-08-16,12286,12492,12286,12475,54742,1.5383363177600522
2022-08-17,12452,12480,12370,12462,8438,-0.10420841683366734
2022-08-18,12380,12503,12355,12375,30534,-0.6981222917669716
2022-08-19,12268,12326,12227,12227,1057,-1.195959595959596
2022-08-22,12294,12294,11998,12121,10387,-0.8669338349554264
2022-08-23,11939,11947,11883,11905,13032,-1.7820311855457471
2022-08-24,11848,11848,11746,11781,4405,-1.0415791684166316
2022-08-25,11717,11914,11717,11914,3198,1.1289364230540702
2022-08-26,12028,12028,11980,12006,897,0.7722007722007722
2022-08-29,11810,11810,11504,11537,5741,-3.906380143261703
2022-08-30,11666,11666,11567,11631,943,0.8147698708503077
2022-08-31,11550,11558,11377,11558,4229,-0.6276330496088041
2022-09-01,11490,11490,11189,11298,24771,-2.249524139124416
2022-09-02,11357,11450,11320,11343,9790,0.3983005841741901
2022-09-05,11339,11339,11170,11271,21740,-0.6347527109230362
2022-09-06,11266,11353,11266,11348,1203,0.6831691952799219
2022-09-07,11410,11414,11293,11381,2492,0.29080014099400775
2022-09-08,11582,11696,11546,11696,1932,2.7677708461470876
2022-09-13,11751,11848,11751,11833,2289,1.171340629274966
2022-09-14,11454,11478,11271,11377,12124,-3.8536296797092877
2022-09-15,11377,11377,11222,11298,2611,-0.6943834051155842
2022-09-16,11153,11153,10994,10994,1582,-2.6907417241989733
2022-09-19,11094,11122,10985,10985,1211,-0.08186283427323995
2022-09-20,10701,11139,10701,11090,699,0.9558488848429678
2022-09-21,10836,10849,10761,10815,1178,-2.479711451758341
2022-09-22,10647,10647,10484,10609,28145,-1.9047619047619049
2022-09-23,10595,10595,10506,10506,1681,-0.9708737864077669
2022-09-26,10396,10408,10246,10287,2529,-2.0845231296402056
2022-09-27,10164,10213,10066,10213,5374,-0.7193545251288034
2022-09-28,9987,10011,9825,9926,16227,-2.8101439342015078
2022-09-29,10152,10165,10054,10080,1070,1.5514809590973202
2022-09-30,9854,9885,9745,9821,4684,-2.569444444444444
2022-10-04,10095,10174,10080,10155,2342,3.4008756745748907
2022-10-05,10210,10304,10210,10294,623,1.3687838503200394
2022-10-06,10155,10210,10129,10170,3244,-1.2045851952593742
2022-10-07,9821,9863,9794,9794,4845,-3.6971484759095374
2022-10-11,9588,9588,9377,9377,2707,-4.257708801306922
2022-10-12,9517,9631,9517,9583,2025,2.196864668870641
2022-10-13,9500,9500,9414,9453,733,-1.3565689241364915
2022-10-14,9667,9700,9560,9700,20604,2.6129271130857927
2022-10-17,9485,9485,9390,9458,1706,-2.4948453608247423
2022-10-18,9762,9881,9710,9871,2722,4.366673715373229
2022-10-19,9917,9922,9825,9859,2571,-0.12156823016918246
2022-10-20,9565,9610,9507,9555,4578,-3.0834770260675524
2022-10-21,9545,9545,9463,9463,2567,-0.9628466771323915
2022-10-24,9579,9674,9579,9615,904,1.6062559442037407
2022-10-25,9605,9618,9530,9540,1915,-0.7800312012480499
2022-10-26,9749,9973,9749,9871,4629,3.4696016771488467
2022-10-27,9977,10035,9944,10031,5737,1.6209097355890993
2022-10-28,9954,9973,9854,9867,3401,-1.6349317116937494
2022-10-31,10230,10230,10140,10197,4467,3.3444816053511706
2022-11-01,10237,10237,10152,10202,2122,0.049034029616553884
2022-11-02,10206,10220,10130,10197,3423,-0.04900999803960007
2022-11-03,9912,9958,9863,9939,17923,-2.530155928214181
2022-11-04,9939,9954,9881,9908,945,-0.3119026058959654
2022-11-07,9988,10008,9936,10000,13761,0.9285425918449738
2022-11-08,10041,10076,9977,10051,1782,0.51
2022-11-09,10091,10109,10008,10067,8347,0.15918814048353397
2022-11-10,10003,10003,9977,10000,1813,-0.6655408761299295
2022-11-11,10667,10799,10638,10794,34466,7.9399999999999995
2022-11-14,10620,10620,10529,10600,7658,-1.7972947934037427
2022-11-15,10429,10429,10370,10415,6022,-1.7452830188679245
2022-11-16,10529,10529,10377,10519,1203,0.9985597695631301
2022-11-17,10448,10453,10399,10443,6354,-0.7225021389865958
2022-11-18,10391,10391,10291,10310,2112,-1.2735803887771713
2022-11-21,10497,10497,10336,10443,3153,1.2900096993210475
2022-11-22,10443,10546,10443,10529,903,0.8235181461265919
2022-11-23,10596,10596,10506,10578,1248,0.4653813277614208
2022-11-24,10671,10671,10524,10596,2002,0.17016449234259784
2022-11-25,10625,10625,10524,10596,813,0.0
2022-11-28,10676,10676,10515,10532,1790,-0.604001510003775
2022-11-29,10395,10395,10355,10382,1193,-1.4242309153057349
2022-11-30,10175,10551,10175,10547,5359,1.5892891543055288
2022-12-01,10601,10782,10601,10782,9522,2.2281217407793688
2022-12-02,10638,10734,10638,10645,4953,-1.2706362455945093
2022-12-05,10751,10751,10621,10654,4785,0.08454673555659935
2022-12-06,10532,10541,10480,10519,1619,-1.2671297165383895
2022-12-07,10470,10537,10419,10443,5932,-0.7225021389865958
2022-12-08,10493,10493,10360,10391,1070,-0.4979412046346835
2022-12-09,10566,10566,10419,10448,2031,0.5485516312193245
2022-12-12,10485,10502,10475,10490,1156,0.40199081163859113
2022-12-13,10654,10654,10502,10588,1665,0.9342230695900857
2022-12-14,10667,10805,10667,10800,2212,2.0022667170381565
2022-12-15,10480,10694,10480,10682,1900,-1.0925925925925926
2022-12-16,10547,10556,10480,10537,1971,-1.3574237034263246
2022-12-19,10457,10457,10256,10272,1614,-2.5149473284616115
2022-12-20,10145,10166,9990,9995,2995,-2.6966510903426792
2022-12-21,10086,10161,10086,10091,1411,0.96048024012006
2022-12-22,10225,10253,10145,10244,7534,1.5162025567337232
2022-12-23,10183,10183,10091,10166,1328,-0.7614213197969544
2022-12-26,10264,10268,10171,10268,3366,1.0033444816053512
2022-12-27,10322,10322,10249,10268,393,0.0
2022-12-28,10337,10337,10187,10249,770,-0.18504090377873003
2022-12-29,10117,10121,10086,10096,1150,-1.492828568640843
2023-01-02,10215,10215,10117,10206,8706,1.0895404120443741
2023-01-03,10206,10273,10145,10273,5855,0.6564765824025084
2023-01-04,10260,10268,10202,10268,6373,-0.04867127421395892
2023-01-05,10498,10498,10366,10454,22990,1.81145305804441
2023-01-06,10498,10498,10171,10183,4294,-2.5923091639563802
2023-01-09,10486,10503,10392,10494,5069,3.0541097908278503
2023-01-10,10467,10467,10351,10392,5645,-0.9719839908519153
2023-01-11,10481,10491,10404,10444,1731,0.5003849114703618
2023-01-12,10748,10838,10748,10757,2347,2.9969360398314824
2023-01-13,10921,10950,10856,10931,4519,1.6175513619038768
2023-01-16,10869,10885,10803,10879,7543,-0.4757112798463086
2023-01-17,10783,10869,10762,10766,18403,-1.0386984097803107
2023-01-18,10820,10879,10788,10869,14092,0.9567155861044027
2023-01-19,10766,10766,10656,10688,1676,-1.6652865949029352
2023-01-20,10646,10696,10632,10696,1188,0.07485029940119761
2023-01-25,10903,10903,10752,10851,30203,1.4491398653702319
2023-01-26,10895,10908,10820,10908,9382,0.525297207630633
2023-01-27,10908,10976,10908,10968,2775,0.5500550055005501
2023-01-30,11092,11092,10994,11040,4358,0.6564551422319475
2023-01-31,10977,10985,10908,10959,1170,-0.7336956521739131
2023-02-01,11217,11217,11074,11160,26119,1.834108951546674
2023-02-02,11246,11306,11202,11302,17679,1.2724014336917562
2023-02-03,11320,11440,11320,11431,9007,1.1413909042647319
2023-02-06,11874,11874,11160,11228,4154,-1.7758726270667484
2023-02-07,11512,11512,11165,11217,1748,-0.09796936230851443
2023-02-08,11202,11202,11124,11193,11612,-0.21396095212623695
2023-02-09,11183,11183,11108,11141,1867,-0.4645760743321719
2023-02-10,11027,11027,10955,11007,3038,-1.2027645633246566
2023-02-13,11035,11035,10963,11003,1431,-0.03634051058417371
2023-02-14,11165,11165,11092,11156,647,1.390529855493956
2023-02-15,11045,11045,10985,11003,3512,-1.3714593044101828
2023-02-16,11119,11141,11070,11129,3487,1.1451422339361992
2023-02-17,11074,11074,10963,10963,6170,-1.4915985263725402
2023-02-20,11045,11045,10885,10985,4448,0.2006749977196023
2023-02-21,10950,10950,10890,10941,1505,-0.4005461993627674
2023-02-22,10775,10783,10724,10775,1921,-1.5172287725070834
2023-02-23,10771,10771,10643,10684,3904,-0.8445475638051043
2023-02-24,10651,10706,10632,10688,12128,0.037439161362785474
2023-02-27,10548,10548,10466,10524,9709,-1.5344311377245508
2023-02-28,10533,10548,10497,10538,1082,0.13302926643861648
2023-03-02,10370,10391,10267,10336,10434,-1.916872271778326
2023-03-03,10466,10502,10415,10470,13406,1.2964396284829722
2023-03-06,10643,10697,10598,10669,18127,1.900668576886342
2023-03-07,10632,10646,10627,10643,2088,-0.24369669134876745
2023-03-08,10391,10395,10370,10370,34075,-2.565066240721601
2023-03-09,10490,10490,10438,10466,10427,0.9257473481195757
2023-03-10,10236,10239,10173,10177,6599,-2.761322377221479
2023-03-13,9980,10073,9980,10073,8157,-1.0219121548589958
2023-03-14,9970,10093,9970,10073,5588,0.0
2023-03-15,10078,10142,10078,10142,7647,0.6849995036235481
2023-03-16,10123,10147,10078,10142,6661,0.0
2023-03-17,10115,10132,10073,10128,6622,-0.13803983435219877
2023-03-20,9965,9977,9858,9858,8641,-2.665876777251185
2023-03-21,9885,10038,9885,10019,5273,1.6331913166970988
2023-03-22,9965,9965,9912,9961,8245,-0.5789000898293243
2023-03-23,9615,9659,9606,9654,9019,-3.0820198775223373
2023-03-24,9565,9565,9491,9565,7840,-0.9218976590014502
2023-03-27,9784,9829,9770,9792,7921,2.3732357553580763
2023-03-28,9792,9797,9751,9779,3020,-0.13276143790849673
2023-03-29,9756,9792,9719,9784,16961,0.05112997238981491
2023-03-30,9830,9971,9830,9940,4161,1.5944399018806215
2023-03-31,10021,10071,10021,10054,4698,1.1468812877263581
2023-04-03,10221,10270,10216,10262,22933,2.068828327034016
2023-04-04,10246,10246,10184,10216,6360,-0.4482557006431495
2023-04-05,10207,10246,10193,10231,5789,0.14682850430696948
2023-04-06,10188,10188,10095,10105,10063,-1.2315511680187665
2023-04-07,10231,10237,10175,10234,1651,1.276595744680851
2023-04-10,10237,10262,10231,10246,16709,0.1172562048075044
2023-04-11,10285,10285,10188,10251,12583,0.04879953152449736
2023-04-12,10325,10330,10270,10270,7251,0.18534777094917568
2023-04-13,10166,10299,10166,10294,2334,0.23369036027263873
2023-04-14,10251,10251,10207,10231,19161,-0.6120069943656499
2023-04-17,10120,10120,10090,10105,5606,-1.2315511680187665
2023-04-18,10234,10285,10234,10258,8969,1.5141019297377536
2023-04-19,10258,10285,10258,10258,16809,0.0
2023-04-20,10266,10339,10262,10262,6018,0.03899395593682979
2023-04-21,10246,10246,10188,10221,3679,-0.39953225492106803
2023-04-24,10246,10246,10156,10184,8475,-0.36199980432443013
2023-04-25,10179,10198,10175,10198,3246,0.13747054202670855
2023-04-26,10171,10171,10117,10171,2751,-0.26475779564620516
2023-04-27,10369,10369,10040,10054,3575,-1.1503293678104414
2023-04-28,10255,10255,10199,10222,2994,1.670976725681321
2023-05-02,10267,10322,10203,10255,33314,0.32283310506750146
2023-05-03,10247,10247,10090,10090,7841,-1.6089712335446125
2023-05-04,10090,10090,9993,10075,8476,-0.14866204162537167
2023-05-08,10258,10305,10232,10305,3939,2.28287841191067
2023-05-09,10399,10399,10199,10252,5534,-0.5143134400776322
2023-05-10,10247,10247,10194,10227,2141,-0.24385485758876319
2023-05-11,10276,10313,10263,10305,3600,0.7626870049867996
2023-05-12,10227,10227,10208,10217,2358,-0.853954391072295
2023-05-15,10217,10217,10134,10171,5617,-0.450230008808848
2023-05-16,10213,10213,10120,10161,2733,-0.0983187493855078
2023-05-17,9966,9966,9923,9945,25524,-2.1257750221434897
2023-05-18,10016,10035,10011,10030,4142,0.8547008547008548
2023-05-19,10025,10025,9986,10011,3002,-0.18943170488534397
2023-05-22,10011,10011,9936,9986,3728,-0.24972530216761563
2023-05-23,10050,10095,10050,10050,4888,0.6408972561586221
2023-05-24,9961,9961,9940,9945,3491,-1.0447761194029852
2023-05-25,10156,10156,9746,9810,8643,-1.3574660633484164
2023-05-26,9701,9742,9697,9715,10611,-0.9683995922528033
2023-05-30,9840,9896,9802,9882,2895,1.7189912506433351
2023-05-31,10047,10047,9821,9821,15332,-0.6172839506172839
2023-06-01,9974,9974,9900,9933,29743,1.1404133998574484
2023-06-02,10042,10042,9951,9978,2390,0.45303533675626695
2023-06-05,10102,10168,10102,10150,3778,1.723792343154941
2023-06-07,10150,10214,10150,10158,3474,0.07881773399014778
2023-06-08,10233,10362,10233,10298,6092,1.378224059854302
2023-06-09,10405,10405,10249,10288,5438,-0.09710623422023694
2023-06-12,10274,10274,10210,10256,17244,-0.3110419906687403
2023-06-13,10401,10401,10210,10269,3388,0.12675507020280813
2023-06-14,10316,10316,10260,10307,2991,0.370045768818775
2023-06-15,10405,10405,10298,10298,3929,-0.08731929756476181
2023-06-16,10401,10401,10342,10376,14835,0.7574286269178481
2023-06-19,10398,10401,10352,10385,14285,0.08673862760215882
2023-06-20,10405,10410,10279,10307,15430,-0.7510832932113626
2023-06-21,10418,10418,10244,10288,27504,-0.18434073930338604
2023-06-22,10229,10253,10205,10233,48648,-0.5346034214618973
2023-06-23,10114,10114,9990,10051,19583,-1.778559562200723
2023-06-26,10051,10106,9941,9941,4758,-1.0944184658242961
2023-06-27,10110,10205,10110,10196,4736,2.565134292324716
2023-06-28,10233,10298,10233,10237,2368,0.4021184778344449
2023-06-29,10372,10372,10275,10275,1970,0.3712025007326365
2023-06-30,10402,10402,10353,10398,3159,1.197080291970803
2023-07-03,10485,10503,10423,10494,15137,0.9232544720138488
2023-07-04,10534,10574,10530,10569,4363,0.714694110920526
2023-07-05,10582,10582,10511,10559,2546,-0.0946163307786924
2023-07-06,10601,10601,10554,10554,3529,-0.04735296903115825
2023-07-07,10601,10601,10456,10470,4337,-0.7959067652075044
2023-07-10,10470,10470,10437,10456,1786,-0.13371537726838587
2023-07-11,10456,10554,10456,10530,2648,0.7077276205049732
2023-07-12,10539,10677,10539,10663,20335,1.2630579297245963
2023-07-13,10695,10715,10682,10690,1379,0.2532120416393135
2023-07-14,10725,10777,10725,10777,2984,0.8138447146866229
2023-07-17,10805,10805,10700,10748,4426,-0.2690915839287371
2023-07-18,10690,10690,10638,10663,2273,-0.7908448083364347
2023-07-19,10626,10626,10596,10626,2133,-0.3469942792835037
2023-07-20,10795,10795,10715,10730,3888,0.9787314135140222
2023-07-21,10730,10730,10690,10705,3648,-0.2329916123019571
2023-07-24,10715,10763,10715,10748,3950,0.4016814572629613
2023-07-25,10800,10884,10672,10836,5074,0.8187569780424265
2023-07-26,10800,10805,10739,10768,2858,-0.6275378368401624
2023-07-27,10864,10893,10795,10868,12081,0.9286775631500743
2023-07-28,10930,10930,10601,10642,4909,-2.0794994479205005
2023-07-31,10920,10920,10538,10582,6904,-0.563803796278895
2023-08-01,10591,10672,10591,10663,9914,0.7654507654507654
2023-08-02,10611,10630,10582,10591,16397,-0.6752321110381694
2023-08-03,10586,10606,10538,10591,2572,0.0
2023-08-04,10493,10524,10474,10524,5431,-0.6326125956000378
2023-08-07,10410,10431,10390,10418,6136,-1.0072215887495248
2023-08-08,10441,10515,10441,10479,27364,0.5855250527932424
2023-08-09,10695,10695,10441,10465,1142,-0.13360053440213762
2023-08-10,10700,10700,10380,10489,2228,0.22933588150979453
2023-08-11,10649,10649,10394,10413,3176,-0.724568595671656
2023-08-14,10649,10649,10385,10422,3857,0.08643042350907519
2023-08-16,10248,10248,10176,10232,3120,-1.8230665899059681
2023-08-17,10117,10117,10039,10105,4904,-1.2412040656763097
2023-08-18,10239,10239,9929,9975,12244,-1.2864918357248887
2023-08-21,10062,10062,9972,9997,1832,0.22055137844611528
2023-08-22,9929,9947,9920,9947,8689,-0.500150045013504
2023-08-23,9972,10000,9963,10000,1032,0.5328239670252337
2023-08-24,10117,10208,10117,10180,2226,1.7999999999999998
2023-08-25,10222,10227,10075,10095,3493,-0.8349705304518664
2023-08-28,10232,10232,10066,10134,4090,0.3863298662704309
2023-08-29,10149,10217,10134,10213,2035,0.7795539767120584
2023-08-30,10264,10339,10264,10325,2093,1.0966415352981496
2023-08-31,10343,10343,10320,10325,2120,0.0
2023-09-01,10325,10325,10249,10316,9694,-0.08716707021791767
2023-09-04,10312,10320,10293,10320,4058,0.038774718883288095
2023-09-05,10377,10377,10236,10288,2101,-0.31007751937984496
2023-09-06,10325,10334,10171,10189,3260,-0.9622861586314152
2023-09-07,10156,10156,10129,10134,3555,-0.5397978211797037
2023-09-08,10166,10218,10149,10213,1704,0.7795539767120584
2023-09-11,10185,10185,10152,10171,1407,-0.411240575736806
2023-09-12,10176,10176,10139,10152,2713,-0.18680562383246485
2023-09-13,10171,10171,10134,10152,1978,0.0
2023-09-14,10152,10152,10062,10090,1682,-0.6107171000788022
2023-09-15,10185,10228,10156,10228,3550,1.367690782953419
2023-09-18,10312,10312,10203,10218,1136,-0.09777082518576458
2023-09-19,10152,10152,10044,10108,7333,-1.0765316108827558
2023-09-20,10171,10171,10020,10044,3127,-0.6331618519984171
2023-09-21,10149,10149,10015,10039,6106,-0.049780963759458376
2023-09-22,9717,9738,9699,9738,9708,-2.9983066042434507
2023-09-25,9811,9811,9638,9668,9276,-0.7188334360238242
2023-09-26,9743,9743,9574,9578,8983,-0.9309060819197351
2023-09-27,9607,9607,9394,9476,10230,-1.0649404886197538
2023-10-04,9472,9472,9015,9060,18109,-4.390037990713381
2023-10-05,9332,9332,9139,9197,3758,1.5121412803532008
2023-10-06,9217,9282,9217,9278,1860,0.8807219745569207
2023-10-10,9282,9437,9282,9419,2706,1.5197240784651864
2023-10-11,9472,9472,9419,9462,13961,0.45652404713876205
2023-10-12,9554,9660,9554,9607,3186,1.532445571760727
2023-10-13,9497,9497,9437,9493,2612,-1.1866347454980744
2023-10-16,9638,9638,9423,9452,7943,-0.43189718740124305
2023-10-17,9624,9624,9521,9534,5745,0.8675412611087601
2023-10-18,9534,9544,9506,9534,1740,0.0
2023-10-19,9642,9642,9282,9332,5146,-2.118732955737361
2023-10-20,9103,9103,9075,9084,7204,-2.6575225032147447
2023-10-23,9278,9278,9060,9080,2447,-0.044033465433729636
2023-10-24,9080,9080,8959,8959,4469,-1.3325991189427313
2023-10-25,9184,9184,9044,9056,4726,1.0827101238977563
2023-10-26,9273,9273,8817,8830,8339,-2.495583038869258
2023-10-27,9098,9098,9034,9052,4733,2.5141562853907136
2023-10-30,9052,9052,8916,8954,3146,-1.0826336721166592
2023-10-31,9131,9131,8892,8911,2499,-0.4802322984141166
2023-11-01,9104,9108,9034,9085,8890,1.952642801032432
2023-11-02,9126,9185,9090,9157,12612,0.7925151348376445
2023-11-03,9312,9483,9312,9478,2975,3.5055149066288087
2023-11-06,9547,9774,9547,9698,5742,2.3211648027009915
2023-11-07,9694,9694,9527,9527,2261,-1.7632501546710662
2023-11-08,9689,9689,9434,9469,1204,-0.608796053322137
2023-11-09,9478,9522,9478,9522,1457,0.5597211954799873
2023-11-10,9676,9676,9325,9374,3835,-1.5542953161100608
2023-11-13,9444,9444,9396,9429,8169,0.5867292511201194
2023-11-14,9585,9585,9379,9388,2763,-0.43482871990667094
2023-11-15,9821,9891,9821,9882,7655,5.262036642522369
2023-11-16,9905,9915,9882,9882,4067,0.0
2023-11-17,9729,9915,9729,9896,2006,0.14167172637117992
2023-11-20,9915,9915,9840,9882,2644,-0.14147130153597412
2023-11-21,9937,9960,9929,9952,1409,0.7083586318558996
2023-11-22,9960,9960,9854,9900,3412,-0.522508038585209
2023-11-23,9900,9956,9900,9942,1261,0.4242424242424243
2023-11-24,9942,9960,9942,9952,1589,0.10058338362502514
2023-11-27,9977,9977,9952,9960,2364,0.08038585209003216
2023-11-28,9981,10026,9981,9990,1762,0.30120481927710846
2023-11-29,10069,10093,10037,10093,3045,1.031031031031031
2023-11-30,10098,10165,10098,10155,2052,0.6142871296938472
2023-12-01,10160,10464,10155,10261,28761,1.0438207779419004
2023-12-04,10790,10790,10359,10494,6224,2.270733846603645
2023-12-05,10564,10582,10539,10578,6765,0.8004574042309892
2023-12-06,10534,10539,10525,10534,6952,-0.41595764794857254
2023-12-07,10498,10498,10450,10474,5008,-0.569584203531422
2023-12-08,10469,10507,10464,10494,12622,0.19094901661256444
2023-12-11,10525,10525,10489,10503,3971,0.08576329331046312
2023-12-12,10525,10525,10507,10520,2930,0.16185851661430067
2023-12-13,10498,10520,10494,10511,7749,-0.0855513307984791
2023-12-14,10831,10922,10831,10917,32945,3.8626201122633432
2023-12-15,11061,11218,11012,11208,65707,2.665567463588898
2023-12-18,11208,11208,11035,11079,6621,-1.1509635974304069
2023-12-19,11045,11045,10988,11012,24173,-0.6047477209134398
2023-12-20,11061,11107,11061,11102,6611,0.817290228841264
2023-12-21,10974,10978,10932,10978,6058,-1.1169158710142317
2023-12-22,11030,11053,11002,11017,7888,0.3552559664784114
2023-12-26,11137,11137,11061,11084,11750,0.6081510393028955
2023-12-27,11138,11185,11138,11185,13987,0.9112233850595453
2023-12-28,11190,11420,11190,11293,9799,0.9655789003129192
2024-01-02,11450,11450,11103,11152,74165,-1.2485610555211193
2024-01-03,11271,11280,11223,11266,8275,1.0222381635581061
2024-01-04,11022,11053,10983,11027,13795,-2.121427303390733
2024-01-05,11022,11022,10956,10983,8338,-0.3990205858347692
2024-01-08,10978,10978,10922,10937,20236,-0.418829099517436
2024-01-09,11103,11108,11066,11089,3325,1.3897778184145562
2024-01-10,11035,11035,11007,11027,4681,-0.5591126341419425
2024-01-11,11027,11061,11027,11061,2866,0.30833408905413984
2024-01-12,10956,10956,10904,10927,6861,-1.2114637012928307
2024-01-15,10993,11030,10965,11030,16100,0.9426192001464263
2024-01-16,11027,11027,10960,10978,6104,-0.471441523118767
2024-01-17,10946,10946,10886,10895,8009,-0.7560575696848242
2024-01-18,10752,10752,10692,10697,6501,-1.817347407067462
2024-01-19,10674,10674,10651,10660,6614,-0.3458913714125456
2024-01-22,10712,10794,10712,10794,8031,1.2570356472795496
2024-01-23,10804,10836,10799,10836,4554,0.38910505836575876
2024-01-24,10794,10794,10757,10784,6452,-0.47988187523071246
2024-01-25,10646,10646,10596,10630,8960,-1.4280415430267062
2024-01-26,10784,10784,10692,10702,4957,0.6773283160865475
2024-01-29,10702,10702,10669,10688,6820,-0.1308166697813493
2024-01-30,10790,10795,10758,10790,4333,0.9543413173652695
2024-01-31,10800,10800,10606,10646,5870,-1.3345690454124188
2024-02-01,10616,10616,10568,10568,72512,-0.7326695472477927
2024-02-02,11028,11028,10643,10827,6615,2.4507948523845573
2024-02-05,10679,10679,10586,10606,20833,-2.041193313013762
2024-02-06,10401,10414,10393,10405,12240,-1.8951536865924947
2024-02-07,10509,10563,10509,10544,5967,1.335896203748198
2024-02-08,10563,10563,10506,10506,6514,-0.3603945371775417
2024-02-13,10573,10586,10558,10573,19201,0.6377308204835331
2024-02-14,10621,10621,10375,10398,12772,-1.6551593682020238
2024-02-15,10457,10477,10448,10467,8740,0.6635891517599538
2024-02-16,10693,10722,10684,10713,12092,2.3502436228145602
2024-02-19,10621,10626,10591,10611,9961,-0.9521142537104452
2024-02-20,10606,10606,10549,10586,19361,-0.23560456130430682
2024-02-21,10621,10621,10544,10573,3883,-0.12280370300396751
2024-02-22,10718,10718,10568,10646,25578,0.6904379078785586
2024-02-23,10777,10777,10643,10693,7094,0.44148036821341347
2024-02-26,10679,10679,10626,10665,21951,-0.2618535490507809
2024-02-27,10782,10782,10528,10549,7651,-1.087669948429442
2024-02-28,10847,10847,10538,10554,9735,0.047397857616835716
2024-02-29,10769,10769,10636,10670,10360,1.0991093424294107
2024-03-04,10839,10884,10834,10884,11063,2.005623242736645
2024-03-05,10944,10987,10935,10964,9401,0.735023888276369
2024-03-06,10877,10877,10834,10877,7703,-0.7935060197008391
2024-03-07,10920,10925,10884,10894,3886,0.1562930955226625
2024-03-08,10894,10925,10884,10889,8834,-0.045896823939783365
2024-03-11,10902,11030,10902,11026,7831,1.258150427036459
2024-03-12,11026,11026,10978,11021,6284,-0.045347360783602395
2024-03-13,11021,11026,10930,10954,6694,-0.6079303148534615
2024-03-14,11057,11057,10902,10915,4124,-0.35603432536059887
2024-03-15,11065,11065,10694,10714,7911,-1.8415025194686212
2024-03-18,10730,10744,10694,10735,3292,0.19600522680604818
2024-03-19,10782,11049,10675,10714,5489,-0.19562179785747558
2024-03-20,10723,10723,10685,10714,5527,0.0
2024-03-21,10744,10843,10744,10796,10939,0.7653537427664738
2024-03-22,10920,10920,10806,10857,17128,0.5650240829937014
2024-03-25,10852,10852,10694,10699,13544,-1.455282306346136
2024-03-26,10685,10689,10666,10685,8642,-0.13085335078044677
2024-03-27,10689,10689,10626,10644,5215,-0.3837154890032756
2024-03-28,10745,10878,10745,10844,7157,1.8789928598271326
2024-03-29,10858,10956,10858,10951,18368,0.9867207672445591
2024-04-01,11067,11067,10984,10994,35697,0.3926582047301616
2024-04-02,10999,10999,10720,10750,15286,-2.219392395852283
2024-04-03,10612,10631,10597,10612,16804,-1.283720930232558
2024-04-04,10662,10667,10622,10648,9774,0.3392385978137957
2024-04-05,10574,10582,10554,10578,14652,-0.6574004507888805
2024-04-08,10807,10807,10597,10602,6619,0.22688598979013047
2024-04-09,10736,10736,10700,10715,3760,1.0658366345972459
2024-04-11,10715,10715,10398,10424,18728,-2.71581894540364
2024-04-12,10433,10443,10424,10433,5658,0.08633921719109747
2024-04-15,10360,10365,10313,10365,6288,-0.6517780120770631
2024-04-16,10582,10582,10105,10130,24785,-2.2672455378678245
2024-04-17,10029,10029,9982,9986,10669,-1.4215202369200395
2024-04-18,10232,10232,9934,9965,5677,-0.21029441217704786
2024-04-19,10222,10222,9804,9881,37142,-0.8429503261414952
2024-04-22,10066,10066,9991,10019,10353,1.396619775326384
2024-04-23,10044,10066,10039,10054,11200,0.3493362611039026
2024-04-24,10062,10164,10062,10159,16552,1.0443604535508255
2024-04-25,10169,10169,10117,10126,58179,-0.3248351215670834
2024-04-26,10169,10169,10105,10117,11881,-0.08888011060635986
2024-04-29,10155,10208,10127,10155,2802,0.37560541662548186
2024-04-30,10175,10240,10170,10194,26989,0.38404726735598227
2024-05-02,10189,10189,10062,10100,21947,-0.9221110457131646
2024-05-03,10113,10262,10113,10258,13674,1.5643564356435644
2024-05-07,10258,10286,10179,10286,16115,0.2729576915578085
2024-05-08,10333,10381,10333,10342,11200,0.5444293214077387
2024-05-09,10435,10435,10276,10276,10600,-0.6381744343453877
2024-05-10,10556,10556,10301,10507,47473,2.2479564032697548
2024-05-13,10571,10571,10440,10469,4818,-0.3616636528028933
2024-05-14,10474,10539,10474,10507,6165,0.3629764065335753
2024-05-16,10642,10785,10511,10725,14780,2.074807271342914
2024-05-17,10725,10738,10725,10734,5622,0.08391608391608392
2024-05-20,10795,10795,10734,10748,5045,0.13042668157257314
2024-05-21,10734,10734,10629,10656,5909,-0.8559732043170823
2024-05-22,10713,10713,10634,10660,15916,0.03753753753753754
2024-05-23,10624,10624,10542,10599,7661,-0.5722326454033771
2024-05-24,10546,10546,10346,10356,10500,-2.2926691197282763
2024-05-27,10361,10361,10310,10323,13050,-0.3186558516801854
2024-05-28,10337,10366,10323,10356,6441,0.31967451322290036
2024-05-29,10291,10291,10213,10258,17144,-0.9463113171108536
2024-05-30,10319,10319,10071,10071,15801,-1.8229674400467928
2024-05-31,10267,10352,10267,10329,9732,2.561811140899613
2024-06-03,10517,10568,10490,10553,28012,2.168651369929325
2024-06-04,10512,10522,10470,10499,5764,-0.5117028333175401
2024-06-05,10541,10621,10541,10586,6977,0.8286503476521573
2024-06-07,10601,10611,10586,10586,12714,0.0
2024-06-10,10591,10591,10460,10475,13060,-1.0485546948800302
2024-06-11,10495,10541,10495,10507,5167,0.3054892601431981
2024-06-12,10504,10512,10485,10512,7081,0.047587322737222805
2024-06-13,10532,10631,10532,10631,8705,1.1320395738203957
2024-06-14,10644,10648,10601,10636,6672,0.04703226413319537
2024-06-17,10631,10631,10577,10606,31716,-0.28206092515983455
2024-06-18,10586,10596,10568,10573,4885,-0.31114463511220064
2024-06-19,10582,10626,10582,10616,9942,0.40669630190106876
2024-06-20,10616,10616,10601,10611,6301,-0.04709871891484552
2024-06-21,10606,10611,10573,10611,9039,0.0
2024-06-24,10636,10667,10621,10631,5311,0.18848364904344547
2024-06-25,10667,10745,10667,10736,17066,0.9876775467971027
2024-06-26,10582,10586,10553,10582,14797,-1.4344262295081966
2024-06-27,10543,10543,10527,10541,6288,-0.38745038745038746
2024-06-28,10587,10663,10587,10663,10216,1.1573854473010152
2024-07-01,10667,10724,10667,10711,15768,0.4501547406921129
2024-07-02,10612,10612,10592,10597,7963,-1.0643263934273177
2024-07-03,10607,10663,10607,10649,13262,0.4907049164857979
2024-07-04,10659,10677,10641,10663,11754,0.13146774345008921
2024-07-05,10663,10677,10663,10672,7277,0.08440401387977117
2024-07-08,10716,10716,10649,10649,11881,-0.21551724137931033
2024-07-09,10682,10716,10672,10706,19617,0.5352615269039346
2024-07-10,10711,10711,10663,10696,8994,-0.09340556697179152
2024-07-11,10736,10789,10736,10756,20407,0.5609573672400897
2024-07-12,11046,11067,11046,11062,124590,2.844923763480848
2024-07-15,11170,11170,11067,11166,85397,0.9401554872536612
2024-07-16,11166,11232,11166,11223,36884,0.5104782375067168
2024-07-17,11313,11345,11304,11304,77900,0.7217321571772253
2024-07-18,11393,11456,11393,11456,115503,1.3446567586694975
2024-07-19,11336,11355,11333,11355,119021,-0.8816340782122906
2024-07-22,11340,11355,11323,11345,51538,-0.08806693086745927
2024-07-23,11410,11424,11401,11401,93425,0.4936095196121639
2024-07-24,11378,11388,11350,11355,81304,-0.4034733795281116
2024-07-25,11290,11290,11223,11247,43220,-0.9511228533685601
2024-07-26,11218,11237,11204,11227,29140,-0.17782519783053258
2024-07-29,11397,11429,11393,11420,26738,1.7190700988687986
2024-07-30,11406,11452,11406,11448,26163,0.24518388791593695
2024-07-31,11539,11632,11500,11632,214979,1.6072676450034942
2024-08-01,11675,11675,11525,11535,43120,-0.8339064649243466
2024-08-02,11544,11680,11539,11554,151232,0.164716081491114
2024-08-05,11632,11658,11345,11355,109805,-1.7223472390514107
2024-08-06,11803,11808,11374,11430,59097,0.6605019815059445
2024-08-07,11430,11649,11430,11608,44037,1.557305336832896
2024-08-08,11481,11481,11410,11466,23319,-1.2232942798070296
2024-08-09,11588,11598,11549,11568,23374,0.8895866038723181
2024-08-12,11627,11641,11608,11632,44939,0.5532503457814661
2024-08-13,11598,11598,11525,11554,52773,-0.6705639614855571
2024-08-14,11632,11636,11622,11636,25164,0.7097109226241993
2024-08-16,11645,11667,11636,11662,34132,0.2234444826400825
2024-08-19,11649,11654,11622,11632,71621,-0.2572457554450352
2024-08-20,11658,11722,11658,11717,54303,0.7307427785419532
2024-08-21,11707,11727,11707,11717,34207,0.0
2024-08-22,11727,11759,11727,11749,18091,0.27310745071263975
2024-08-23,11848,11848,11813,11833,53561,0.71495446420972
2024-08-26,12030,12045,11987,12040,87910,1.7493450519732952
2024-08-27,12040,12040,11997,12011,143708,-0.24086378737541528
2024-08-28,12011,12045,12011,12045,54251,0.2830738489717759
2024-08-29,12030,12030,11937,12011,111723,-0.282274802822748
2024-08-30,11965,11977,11951,11977,26620,-0.2830738489717759
2024-09-02,12059,12067,12049,12059,73645,0.6846455706771312
2024-09-03,12063,12072,12045,12059,51889,0.0
2024-09-04,12059,12063,12011,12025,74021,-0.28194709345716895
2024-09-05,12115,12120,12081,12115,92218,0.7484407484407485
2024-09-06,12105,12115,12063,12115,249753,0.0
2024-09-09,12100,12100,12045,12090,55725,-0.20635575732562939
2024-09-10,12216,12216,12160,12169,70984,0.6534325889164599
2024-09-11,12357,12362,12319,12348,161815,1.470950776563399
2024-09-12,12343,12372,12334,12367,94957,0.15387107223841917
2024-09-13,12372,12415,12372,12382,54919,0.1212905312525269
2024-09-19,12406,12452,12377,12452,117071,0.5653367791956065
2024-09-20,12528,12528,12377,12387,164466,-0.5220044972695149
2024-09-23,12387,12402,12367,12387,79767,0.0
2024-09-24,12461,12494,12461,12494,122574,0.863808831839832
2024-09-25,12480,12489,12456,12461,222699,-0.26412678085481034
2024-09-26,12438,12494,12424,12485,108963,0.19260091485434555
2024-09-27,12367,12367,12272,12277,339438,-1.6659991990388465
2024-09-30,12277,12324,12277,12296,77204,0.1547609350818604
2024-10-02,12392,12392,12262,12272,83863,-0.1951854261548471
2024-10-04,12272,12272,12164,12178,78656,-0.7659713168187744
2024-10-07,12124,12124,12085,12089,113930,-0.7308260798160617
2024-10-08,12020,12034,12005,12010,64282,-0.6534866407477872
2024-10-10,11981,12044,11981,12029,45520,0.15820149875104078
2024-10-11,11964,11964,11946,11950,39005,-0.6567461966913293
2024-10-14,12094,12094,12058,12071,181896,1.0125523012552302
2024-10-15,12159,12168,12154,12154,129975,0.6875983762737139
2024-10-16,12258,12309,12258,12300,79213,1.2012506170807964
2024-10-17,12452,12452,12338,12429,47737,1.048780487804878
2024-10-18,12429,12490,12324,12343,76543,-0.6919301633277013
2024-10-21,12392,12447,12392,12429,52686,0.696751195009317
2024-10-22,12411,12411,12159,12164,74780,-2.1321103869981495
2024-10-23,12164,12197,12164,12192,60456,0.23018743834265043
2024-10-24,12216,12343,12216,12338,68651,1.1975065616797902
2024-10-25,12338,12338,12319,12338,49564,0.0
2024-10-28,12277,12286,12246,12267,73392,-0.5754579348354677
2024-10-29,12348,12348,12236,12254,61500,-0.10597538110377436
2024-10-30,12254,12254,12149,12159,38715,-0.7752570589195364
2024-10-31,12212,12216,12134,12134,55810,-0.20560901389916936
2024-11-01,12058,12058,11925,11996,89139,-1.1373001483434977
2024-11-04,11840,11882,11830,11882,130837,-0.9503167722574192
2024-11-05,12034,12034,11960,11981,60886,0.8331930651405488
2024-11-06,12109,12278,12109,12278,103743,2.478924964527168
2024-11-07,11940,12154,11835,11869,76808,-3.3311614269424985
2024-11-08,11986,11991,11977,11986,31106,0.9857612267250823
2024-11-11,12192,12192,12178,12192,54528,1.7186717837477057
2024-11-12,12094,12104,12080,12089,43541,-0.8448162729658792
2024-11-13,11930,11935,11910,11915,55607,-1.439325006203987
2024-11-14,12015,12020,11996,12005,37445,0.7553503986571549
2024-11-15,11887,11891,11850,11850,49646,-1.2911286963765098
2024-11-18,11935,11955,11930,11955,34492,0.8860759493670887
2024-11-19,11964,12034,11964,12029,40414,0.6189878711836052
2024-11-20,12039,12094,12039,12094,61626,0.5403607947460304
2024-11-21,12029,12063,12010,12034,37202,-0.496113775425831
2024-11-22,12119,12149,12114,12134,55745,0.8309788931361143
2024-11-25,12182,12282,12182,12278,37379,1.1867479808801713
2024-11-26,12358,12403,12344,12398,159752,0.9773578758755498
2024-11-27,12403,12457,12403,12444,39042,0.37102758509437006
2024-11-28,12531,12540,12531,12540,20159,0.7714561234329798
2024-11-29,12540,12560,12526,12550,47683,0.07974481658692185
2024-12-02,12444,12449,12425,12430,78305,-0.9561752988047808
2024-12-03,12339,12339,12292,12301,31170,-1.0378117457763476
2024-12-04,12292,12301,12221,12236,33038,-0.5284123242012845
2024-12-05,12236,12236,12173,12187,28221,-0.40045766590389015
2024-12-06,12138,12143,12128,12143,67096,-0.36104045294165915
2024-12-09,12138,12143,12128,12133,57744,-0.08235197232973729
2024-12-10,12163,12168,12158,12163,16887,0.24725954009725543
2024-12-11,12033,12033,11971,11985,19240,-1.4634547397845925
2024-12-12,11976,11976,11924,11944,55432,-0.3420942845223196
2024-12-13,11939,11954,11934,11949,53058,0.04186202277294039
2024-12-16,11944,11944,11875,11885,140368,-0.5356096744497447
2024-12-17,11875,11875,11808,11813,43711,-0.6058056373580143
2024-12-18,11808,11808,11768,11788,43960,-0.21163125370354693
2024-12-19,11344,11354,11297,11310,131164,-4.054971157108924
2024-12-20,11142,11142,11024,11052,83616,-2.2811671087533156
2024-12-23,11211,11283,11211,11259,37065,1.8729641693811077
2024-12-24,11278,11349,11278,11310,36408,0.45297095656807884
2024-12-26,11397,11397,11393,11397,28059,0.7692307692307693
2024-12-27,11436,11436,11397,11402,85919,0.04387119417390541
2024-12-30,11292,11292,11287,11292,101503,-0.9647430275390282
2025-01-02,11292,11349,11283,11315,76685,0.2036840240878498
2025-01-03,11287,11287,11224,11229,25442,-0.7600530269553689
2025-01-06,11393,11393,11383,11388,34639,1.4159764894469677
2025-01-07,11278,11278,11224,11229,46162,-1.3962065331928346
2025-01-08,11108,11167,11108,11147,56004,-0.7302520260040966
2025-01-09,11147,11182,11147,11182,41292,0.31398582578272183
2025-01-10,11182,11182,11177,11182,20735,0.0
2025-01-13,10989,10989,10866,10907,50365,-2.4593096047218745
2025-01-14,10989,11056,10989,11033,47627,1.1552214174383424
2025-01-15,11137,11142,11137,11142,61009,0.9879452551436599
2025-01-16,11142,11201,11142,11201,28255,0.5295279124035183
2025-01-17,11488,11488,11402,11440,129988,2.133738059101866
2025-01-20,11440,11450,11431,11450,60789,0.08741258741258741
2025-01-21,11402,11445,11402,11440,29687,-0.08733624454148471
2025-01-22,11590,11680,11590,11653,43044,1.861888111888112
2025-01-23,11820,11820,11445,11450,39301,-1.7420406762207157
2025-01-24,11513,11533,11513,11533,20103,0.7248908296943232
2025-01-31,11626,11626,11581,11586,52329,0.4595508540709269
2025-02-03,11562,11562,11552,11552,31550,-0.29345762126704644
2025-02-04,11566,11571,11542,11562,49360,0.08656509695290858
2025-02-05,11537,11537,11513,11518,128621,-0.3805569970593323
2025-02-06,11676,11700,11672,11700,27948,1.580135440180587
2025-02-07,11700,11739,11700,11734,21102,0.2905982905982906
2025-02-10,11734,11734,11686,11700,46497,-0.28975626384864495
2025-02-11,11700,11700,11691,11700,31194,0.0
2025-02-12,11705,11763,11705,11758,31047,0.49572649572649574
2025-02-13,11753,11753,11645,11649,26183,-0.9270284061915293
2025-02-14,11748,11753,11748,11753,11395,0.8927804961799296
2025-02-17,11743,11743,11645,11705,22530,-0.4084063643325108
2025-02-18,11705,11710,11700,11700,78834,-0.042716787697565144
2025-02-19,11772,11772,11691,11730,111584,0.2564102564102564
2025-02-20,11758,11758,11748,11753,141083,0.19607843137254902
2025-02-21,11763,11817,11763,11817,14086,0.5445418191100145
2025-02-24,11672,11817,11672,11720,16991,-0.8208513159008208
2025-02-25,11739,11792,11739,11767,37997,0.4010238907849829
2025-02-26,11857,11908,11857,11904,37545,1.1642729667714795
2025-02-27,11939,11939,11842,11847,12542,-0.4788306451612903
2025-02-28,11861,11899,11861,11899,80140,0.4389296868405504
2025-03-04,12006,12086,12006,12063,45929,1.3782670812673334
2025-03-05,12358,12358,11894,11929,18254,-1.110834784050402
2025-03-06,11997,12165,11997,12054,18461,1.047866543716992
2025-03-07,11973,12049,11730,11734,33354,-2.654720424755268
2025-03-10,11739,11812,11739,11792,106041,0.4942900971535708
2025-03-11,11792,11797,11663,11672,147678,-1.01763907734057
2025-03-12,11663,11663,11537,11541,17049,-1.1223440712816997
2025-03-13,11537,11537,11425,11507,13453,-0.29460185425872976
2025-03-14,11353,11353,11277,11282,16972,-1.9553315373251063
2025-03-17,11488,11532,11488,11512,17997,2.03864563020741
2025-03-18,11596,11734,11596,11734,9622,1.928422515635858
2025-03-19,11681,11681,11640,11659,9043,-0.6391682290778933
2025-03-20,11668,11696,11663,11668,12013,0.07719358435543357
2025-03-21,11668,11676,11631,11668,4119,0.0
2025-03-24,11626,11640,11586,11611,20769,-0.48851559821734664
2025-03-25,11636,11691,11636,11668,13369,0.49091378864869517
2025-03-26,11596,11596,11537,11537,22463,-1.122728830990744
2025-03-27,11546,11636,11546,11636,13461,0.8581086937678774
2025-03-28,11561,11586,11546,11586,9828,-0.42970092815400485
2025-03-31,11397,11581,11397,11468,67572,-1.0184705679268082
2025-04-01,11596,11626,11576,11621,34491,1.334147192186955
2025-04-02,11616,11682,11616,11660,16048,0.33559934601153085
2025-04-03,11631,11631,10941,11517,16669,-1.2264150943396228
2025-04-04,11338,11415,11218,11314,66885,-1.7626117912650865
2025-04-07,10359,10684,10359,10528,31404,-6.947145129927524
2025-04-08,10528,10804,10528,10760,15383,2.2036474164133737
2025-04-09,10184,10277,10064,10154,49946,-5.631970260223048
2025-04-10,10814,10941,10814,10888,12833,7.228678353358283
2025-04-11,10679,10814,10563,10794,26369,-0.8633357825128581
2025-04-14,10916,10936,10824,10921,68632,1.176579581248842
2025-04-15,11009,11052,11009,11044,5828,1.1262704880505447
2025-04-16,11014,11014,10906,10951,46969,-0.8420862006519376
2025-04-17,10971,11153,10971,11153,64457,1.844580403616108
2025-04-18,11178,11237,11178,11208,9862,0.49314085896171433
2025-04-21,11208,11208,11105,11133,9126,-0.6691648822269808
2025-04-22,11133,11133,10966,11049,18284,-0.7545136081918621
2025-04-23,11143,11319,11143,11319,4529,2.4436600597339124
2025-04-24,11305,11305,11168,11198,9620,-1.0689990281827018
2025-04-25,11319,11373,11227,11290,7786,0.8215752813002322
2025-04-28,11242,11272,11208,11218,15670,-0.6377325066430469
2025-04-29,11301,11354,11301,11334,15065,1.034052415760385
2025-04-30,11330,11393,11330,11374,16882,0.3529204164460914
2025-05-02,11469,11518,11436,11493,25831,1.0462458238086865
2025-05-07,11548,11548,11493,11503,45077,0.08700948403375967
2025-05-08,11503,11533,11450,11518,7210,0.13040076501782144
2025-05-09,11431,11431,11393,11421,32572,-0.842160097239104
2025-05-12,11661,11661,11578,11608,9835,1.6373347342614482
2025-05-13,11679,11679,11498,11498,13062,-0.9476223294279807
2025-05-14,11469,11469,11388,11407,16835,-0.7914419899112889
2025-05-15,11301,11301,11272,11286,16231,-1.0607521697203472
2025-05-16,11426,11498,11426,11479,9303,1.7100832890306574
2025-05-19,11489,11553,11484,11508,25395,0.2526352469727328
2025-05-20,11548,11647,11548,11608,8948,0.8689607229753215
2025-05-21,11573,11573,11513,11523,4038,-0.7322536181943488
2025-05-22,11291,11291,11228,11243,9354,-2.4299227631693134
2025-05-23,11188,11282,11188,11198,6636,-0.4002490438495063
2025-05-26,11253,11296,11253,11296,8515,0.8751562779067692
2025-05-27,11388,11388,11263,11296,35744,0.0
2025-05-28,11306,11374,11306,11374,5091,0.6905099150141643
2025-05-29,11408,11499,11408,11451,6472,0.6769825918762089
2025-05-30,11451,11485,11432,11470,7212,0.16592437341716879
2025-06-02,11470,11475,11427,11456,19942,-0.12205754141238012
2025-06-04,11389,11470,11389,11451,10805,-0.043645251396648044
2025-06-05,11504,11504,11470,11485,10684,0.29691729979914416
2025-06-09,11490,11519,11485,11509,24251,0.2089682194166304
2025-06-10,11569,11569,11504,11524,32660,0.1303327830393605
2025-06-11,11584,11634,11584,11619,33477,0.8243665393960431
2025-06-12,11619,11619,11544,11559,13681,-0.5163955589981926
2025-06-13,11569,11574,11403,11456,8422,-0.8910805432995933
2025-06-16,11504,11529,11470,11529,8952,0.6372206703910615
2025-06-17,11475,11499,11417,11490,10507,-0.33827738745771535
2025-06-18,11490,11499,11451,11499,9645,0.0783289817232376
2025-06-19,11544,11544,11485,11504,11279,0.043482041916688405
2025-06-20,11480,11529,11480,11524,24413,0.17385257301808069
2025-06-23,11524,11524,11465,11504,29717,-0.17355085039916696
2025-06-24,11680,11758,11514,11758,82701,2.2079276773296246
2025-06-25,11720,11720,11658,11705,20289,-0.45075693145092705
2025-06-26,11695,11700,11417,11437,22852,-2.2896198205894915
2025-06-27,11394,11408,11379,11408,11236,-0.253562997289499
2025-06-30,11408,11495,11408,11466,32969,0.5084151472650771
2025-07-01,11447,11530,11447,11466,14600,0.0
2025-07-02,11505,11595,11505,11590,14648,1.0814582243153672
2025-07-03,11668,11668,11595,11605,38408,0.12942191544434856
2025-07-04,11620,11620,11590,11595,23662,-0.08616975441619991
2025-07-07,11605,11605,11545,11565,5385,-0.258732212160414
2025-07-08,11540,11545,11495,11530,9286,-0.3026372676178124
2025-07-09,11530,11540,11471,11505,10216,-0.21682567215958368
2025-07-10,11530,11530,11500,11505,5549,0.0
2025-07-11,11525,11595,11525,11565,10912,0.5215123859191656
2025-07-14,11565,11565,11505,11530,11044,-0.3026372676178124
2025-07-15,11620,11676,11610,11668,17561,1.1968777103209018
2025-07-16,11481,11486,11452,11476,42705,-1.64552622557422
2025-07-17,11615,11615,11575,11615,9744,1.211223422795399
2025-07-18,11630,11630,11590,11605,19890,-0.08609556607834697
2025-07-21,11625,11663,11625,11645,18346,0.34467901766479964
2025-07-22,11659,11696,11654,11654,9711,0.07728638900815801
2025-07-23,11882,11902,11864,11887,20898,1.9993135404153082
2025-07-24,11887,11902,11877,11887,17095,0.0
2025-07-25,11869,11869,11839,11854,25751,-0.27761420038697737
2025-07-28,11877,11902,11877,11892,58546,0.3205668972498735
2025-07-29,11676,11676,11654,11668,26643,-1.8836192398250924
2025-07-30,11845,11870,11845,11870,16469,1.731230716489544
2025-07-31,11770,11800,11745,11795,18987,-0.6318449873631002
2025-08-01,11437,11525,11437,11481,36681,-2.662144976685036
2025-08-04,11481,11530,11481,11525,40569,0.38324187788520164
2025-08-05,11615,11620,11590,11615,84712,0.7809110629067245
2025-08-06,11805,11805,11615,11663,3978,0.41325871717606544
2025-08-07,11540,11575,11540,11575,21009,-0.7545228500385835
2025-08-08,11600,11610,11565,11595,17982,0.17278617710583152
2025-08-11,11495,11515,11486,11491,12787,-0.8969383354894351
2025-08-12,11417,11427,11398,11422,20759,-0.6004699329910365
2025-08-13,11422,11461,11422,11452,17662,0.2626510243389949
2025-08-14,11495,11575,11495,11540,43167,0.7684247293049249
2025-08-18,11540,11550,11535,11535,17893,-0.04332755632582322
2025-08-19,11437,11437,11412,11412,27439,-1.0663198959687905
2025-08-20,11620,11630,11605,11615,37172,1.7788293024886086
2025-08-21,11635,11682,11635,11677,26242,0.5337925096857512
2025-08-22,11663,11677,11595,11625,11672,-0.4453198595529674
2025-08-25,11800,11835,11800,11830,39482,1.7634408602150538
2025-08-26,11770,11770,11732,11755,23798,-0.6339814032121724
2025-08-27,11736,11736,11727,11732,19660,-0.19566142067205444
2025-08-28,11761,11796,11756,11781,75370,0.41766109785202865
2025-08-29,11781,11831,11732,11742,24786,-0.3310415075120957
2025-09-01,11821,11836,11801,11801,13431,0.5024697666496338
2025-09-02,11801,11826,11801,11806,11214,0.042369290738073044
2025-09-03,11663,11663,11615,11625,21957,-1.533118753176351
2025-09-04,11620,11635,11615,11630,14473,0.043010752688172046
2025-09-05,11722,11722,11702,11722,49211,0.7910576096302666
2025-09-08,11816,11856,11816,11836,55456,0.9725302849343115
2025-09-09,11786,11786,11737,11766,41926,-0.5914160189253126
2025-09-10,11761,11761,11737,11751,42702,-0.12748597654258031
2025-09-11,11742,11742,11707,11737,14694,-0.11913879669815333
2025-09-12,11866,11909,11866,11904,34755,1.422850813666184
2025-09-15,11866,11866,11836,11856,29306,-0.4032258064516129
2025-09-16,11836,11836,11801,11821,75206,-0.2952091767881242
2025-09-17,11771,11771,11737,11746,32108,-0.6344640893325437
2025-09-18,11771,11786,11761,11776,54986,0.2554060956921505
2025-09-19,11776,11776,11746,11751,23218,-0.2122961956521739
2025-09-22,11697,11697,11677,11687,86585,-0.5446344991915582
2025-09-23,11697,11702,11687,11692,12573,0.04278257893385813
2025-09-24,11746,11786,11746,11786,18230,0.8039685254875127
2025-09-25,11682,11682,11659,11663,21355,-1.0436110639742067
2025-09-26,11649,11649,11615,11645,29031,-0.1543342193260739
2025-09-29,11787,11787,11733,11772,95480,1.0905968226706741
2025-09-30,11767,11767,11738,11752,80526,-0.16989466530750932
2025-10-01,11762,11762,11733,11733,37858,-0.16167460857726346
2025-10-02,11767,11812,11767,11802,17868,0.5880848887752493
2025-10-10,11575,11575,11520,11535,57223,-2.2623284189120487
2025-10-13,11486,11505,11471,11495,74941,-0.3467706978760295
2025-10-14,11471,11495,11417,11422,64041,-0.6350587211831231
2025-10-15,11555,11620,11555,11610,32315,1.645946419191035
2025-10-16,11708,11757,11708,11752,38782,1.223083548664944
2025-10-17,11738,11752,10973,11660,42831,-0.7828454731109599
2025-10-20,11743,11822,11743,11822,22803,1.3893653516295026
2025-10-21,11875,11925,11875,11905,104329,0.7020808661816952
2025-10-22,11871,11895,11862,11885,26622,-0.16799664006719867
2025-10-23,11885,11940,11885,11935,83286,0.4206983592763988
2025-10-24,11945,11945,11920,11940,14735,0.04189359028068705
2025-10-27,11965,12010,11965,12005,19711,0.5443886097152428
2025-10-28,12005,12015,11965,11970,112063,-0.2915451895043732
2025-10-29,11747,11747,11723,11743,35942,-1.89640768588137
2025-10-30,11427,11466,11407,11432,191038,-2.648386272673082
2025-10-31,11476,11535,11476,11530,27973,0.8572428271518544
2025-11-03,11530,11545,11515,11520,58087,-0.08673026886383348
2025-11-04,11500,11500,11427,11437,46281,-0.7204861111111112
2025-11-05,11550,11550,11471,11525,60468,0.7694325434991693
2025-11-06,11555,11555,11510,11520,16514,-0.04338394793926247
2025-11-07,11520,11520,11461,11500,55899,-0.1736111111111111
2025-11-10,11664,11678,11650,11674,49986,1.5130434782608697
2025-11-11,11585,11625,11585,11620,45965,-0.4625663868425561
2025-11-12,11708,11778,11708,11758,24025,1.1876075731497417
2025-11-13,11698,11698,11650,11698,13353,-0.5102908657935024
2025-11-14,11495,11575,11495,11530,14678,-1.4361429304154556
2025-11-17,11550,11565,11520,11555,12851,0.21682567215958368
2025-11-18,11495,11495,11417,11437,20462,-1.0212029424491562
2025-11-19,11466,11530,11466,11500,8759,0.5508437527323599
2025-11-20,11515,11520,11471,11520,6474,0.17391304347826086
2025-11-21,11407,11427,11377,11387,35825,-1.1545138888888888
2025-11-24,11545,11580,11545,11575,17550,1.6510055326249231
2025-11-25,11605,11605,11540,11575,8446,0.0
2025-11-26,11650,11678,11650,11674,17190,0.8552915766738661
2025-11-27,11724,11724,11689,11689,9656,0.12849066301182113
2025-11-28,11699,11719,11699,11704,35281,0.12832577637094703
2025-12-01,11684,11759,11650,11655,141272,-0.41866028708133973
2025-12-02,11729,11759,11500,11540,272030,-0.9867009867009866
2025-12-03,11550,11610,11550,11605,35592,0.5632582322357019
2025-12-04,11645,11645,11590,11615,16396,0.08616975441619991
2025-12-05,11610,11610,11565,11605,9995,-0.08609556607834697
2025-12-08,11620,11620,11560,11590,10168,-0.12925463162429987
2025-12-09,11495,11500,11476,11486,18400,-0.89732528041415
2025-12-10,11432,11432,11417,11427,19894,-0.5136688142086018
2025-12-11,11515,11515,11392,11402,18597,-0.21878008226131093
2025-12-12,11510,11520,11491,11510,16322,0.9472022452201369
2025-12-15,11515,11520,11486,11520,21688,0.08688097306689835
2025-12-16,11530,11530,11466,11481,13106,-0.3385416666666667
2025-12-17,11476,11476,11397,11422,18325,-0.5138925180733386
2025-12-18,11510,11535,11471,11481,8454,0.5165470145333566
2025-12-19,11481,11492,11407,11481,8282,0.0
2025-12-22,11417,11417,11357,11377,20856,-0.9058444386377493
2025-12-23,11417,11442,11417,11442,34171,0.5713281181330755
2025-12-24,11432,11432,11392,11427,15689,-0.13109596224436287
2025-12-26,11481,11500,11481,11491,9773,0.560077010588956
2025-12-29,11501,11501,11481,11496,10975,0.04351231398485771
2025-12-30,11501,11531,11491,11501,12136,0.043493389004871263
