날짜,C0_Ret,C0_Disp,C0_Vol,C0_Count,C1_Ret,C1_Disp,C1_Vol,C1_Count,C2_Ret,C2_Disp,C2_Vol,C2_Count
2023-06-30,-0.00014039291296574774,,,1,-9.733402116041123e-05,,,1,0.0001966839092892858,,,1
2023-07-03,0.0002808252518067267,,,1,9.734349599432868e-05,,,1,0.00023597427880361899,,,1
2023-07-04,4.6791068520901646e-05,,,1,4.8667010580150105e-05,,,1,4.914971001679369e-05,,,1
2023-07-05,0.00013100886181383053,,,1,9.732928443506594e-05,,,1,4.9147294441498346e-05,,,1
2023-07-06,0.00018713100105727243,,0.00015958173658582012,1,0.0002919594371022516,,0.00013934556310497777,1,0.000127776685669323,,8.47657284810739e-05,1
2023-07-07,4.6773997399274236e-05,,0.00014444533639759423,1,0.0,,0.00012966304632508498,1,0.00024569300168053587,,8.895029648136533e-05,1
2023-07-10,-4.6771809694812205e-05,,0.00014191208916398252,1,-4.864570361140519e-05,,0.00012698099726367226,1,0.0001965061211657293,,8.302237860077799e-05,1
2023-07-11,0.00023386998699681527,,0.00014328078280023194,1,8.756652623587158e-05,,0.00011810298996726546,1,9.823375704831605e-05,,7.964789970556923e-05,1
2023-07-12,4.676306092288307e-05,,0.00013488761723347997,1,9.728762112315437e-05,,0.00011118679813859421,1,8.840169731261227e-05,,7.727212329951441e-05,1
2023-07-13,0.0004582565675648187,,0.00017300709883616598,1,0.0003404735500691647,,0.00013654259354104327,1,9.821542571475383e-05,,7.422040589167177e-05,1
2023-07-14,9.347891115774054e-05,,0.0001643939582686835,1,0.00014586757169388065,,0.00013057010683506469,1,0.00019641156078442634,,7.253871608043684e-05,1
2023-07-17,4.673508683383787e-05,,0.00015822685077479602,1,9.723086496582489e-05,,0.00012449393742235533,1,0.0001963729908587286,,7.080626566355146e-05,1
2023-07-18,0.00014019870830250802,,0.00015164707731982159,1,9.722141204382417e-05,,0.00011919404838732974,1,9.816721803912465e-05,,6.91982661303595e-05,1
2023-07-19,0.00014017905538010744,,0.0001458262543141167,1,9.721196095968665e-05,,0.00011451808000659951,1,9.815758218234549e-05,,6.762074215763956e-05,1
2023-07-20,0.00031769465805786545,,0.00014960113791247213,1,0.00037908979568035406,,0.00013228104676194392,1,9.814794821716433e-05,,6.609642112599474e-05,1
2023-07-21,4.670496473768715e-05,,0.0001460992062180285,1,4.858283859809909e-05,,0.00012888330634195982,1,0.00024534579035684345,,6.924569698281737e-05,1
2023-07-24,0.00014010835045774606,,0.00014149661356585209,1,9.71609568412024e-05,,0.00012483743894088086,1,0.00014717136633901617,,6.704912280584801e-05,1
2023-07-25,-9.339248190520788e-05,,0.00014682301080698579,1,0.00019430303501333235,,0.00012271363616323525,1,4.904990337162296e-05,,6.886911854236671e-05,1
2023-07-26,0.00018680240975110785,,0.00014362532656393156,1,0.0,,0.00012214328995605752,1,0.00014714249278990899,,6.695052643523303e-05,1
2023-07-27,0.0004108885464817469,,0.00015427175180706705,1,0.0003788173129224415,,0.00013331689515457698,1,9.808056337479165e-05,,6.583849045006358e-05,1
2023-07-28,0.000233363515014684,,0.00014142691089929322,1,0.00019419172549062225,,0.00012359823791877078,1,0.00019614188904260033,,6.581316608814411e-05,1
2023-07-31,-0.00018664725535211257,,0.00015686664229154373,1,-9.707701119299195e-05,,0.00013408866951399988,1,0.00012746722621503892,,6.164910945226166e-05,1
2023-08-01,0.0001866820990534812,,0.00015612529472299095,1,9.708643605410572e-05,,0.00013302594715079315,1,0.00014705882352950006,,5.848498723047074e-05,1
2023-08-02,9.33236276761118e-05,,0.00015641573324773968,1,0.00024269252798236884,,0.00013511417756377055,1,8.822232024696675e-05,,5.597943634214103e-05,1
2023-08-03,0.0002706132656489224,,0.00015899779491115217,1,0.00024263364261045695,,0.00013256386775775095,1,4.900807653096528e-05,,5.9499564881708033e-05,1
2023-08-04,4.6644836882991925e-05,,0.00015900170986258365,1,4.851495716118315e-05,,0.00013039770554333486,1,0.0002450283742856385,,5.943490225893841e-05,1
2023-08-07,9.328532248731314e-05,,0.00015340869647048367,1,0.00018434789358279247,,0.00012314432529664894,1,0.00014698101005339304,,5.776395222419434e-05,1
2023-08-08,0.00013991493172160752,,0.00015198495702460214,1,-3.8802929621217785e-05,,0.00012952087687804174,1,9.797293987401368e-05,,5.77722288521185e-05,1
2023-08-09,9.326357218131243e-05,,0.00015082548924938492,1,0.000281332156265357,,0.00013265157125666593,1,4.8981671058712095e-05,,6.000070935870003e-05,1
2023-08-10,0.0004103214495538854,,0.00014584928905140792,1,0.00024245950926204962,,0.00012699425025020233,1,0.0001469378159162371,,5.958910701147032e-05,1
2023-08-11,0.00018643325223477447,,0.00014575278675957033,1,0.0002908808842778665,,0.00013102344260784924,1,0.00023506596538647173,,6.230559855965888e-05,1
2023-08-14,-4.659962533903883e-05,,0.00015048720489986456,1,-4.8466049532347455e-05,,0.00013819383362376322,1,0.0002448028357959764,,6.565420656139901e-05,1
2023-08-16,9.320359393050204e-05,,0.00015085841938800775,1,9.693679720812476e-05,,0.00013819920162135382,1,0.0001468457532207701,,6.500882935202512e-05,1
2023-08-17,0.00046597453915109277,,0.0001677359409470143,1,0.00042648056605609774,,0.00015102419452514137,1,9.788279514100218e-05,,6.501820653085288e-05,1
2023-08-18,0.0,,0.0001664992226105311,1,4.844304067286309e-05,,0.00014406842205487742,1,0.0002348957160893672,,6.75094412396841e-05,1
2023-08-21,-0.0001863030032044355,,0.000180801515279073,1,-9.688138811647651e-05,,0.00015268729158443708,1,9.785023043740182e-05,,6.417503035115799e-05,1
2023-08-22,0.00031677412141761785,,0.00018572955092042596,1,9.689077502939014e-05,,0.00015269122358077438,1,0.0001271928537185385,,6.420693715905522e-05,1
2023-08-23,0.0,,0.00018077374149068644,1,4.844069405818274e-05,,0.00015340454520625278,1,9.782821365678096e-05,,6.149422974091323e-05,1
2023-08-24,0.00037255742041231166,,0.0001879142489295548,1,0.0003390684336976868,,0.00015675452962058022,1,9.781864423352715e-05,,6.222259139352778e-05,1
2023-08-25,0.00023276167067010078,,0.0001788871170450028,1,4.842192932330569e-05,,0.00014843803487372972,1,0.0002445226917058285,,6.572108555496311e-05,1
2023-08-28,-4.6541501056540646e-05,,0.0001821813432182792,1,9.68391695073123e-05,,0.00014789962568853476,1,0.00014667774898557973,,6.465393104411842e-05,1
2023-08-29,0.0,,0.0001696287425178819,1,3.8731917036294305e-05,,0.0001399494522662794,1,9.777082518569458e-05,,6.537730701731837e-05,1
2023-08-30,0.00026995327015799653,,0.00017194141634076506,1,0.00014523906349861448,,0.0001396894618331149,1,9.776126698612941e-05,,6.610055619118258e-05,1
2023-08-31,0.00013959331813317988,,0.00017158729218128297,1,0.0002904359443525184,,0.00014198501590638476,1,8.79765395893628e-05,,6.611061373974971e-05,1
2023-09-01,0.0002791476691168526,,0.0001719326877965282,1,0.00024195967983886568,,0.00014195922735591658,1,0.00024435777888554,,6.646875425546406e-05,1
2023-09-04,4.6511627906919983e-05,,0.00017193662024663249,1,-4.838022990283353e-05,,0.00014678353759958897,1,0.00019543846619884953,,6.356988784179482e-05,1
2023-09-05,0.0,,0.00017460127763124027,1,0.00014514771198825827,,0.00014633998283632887,1,9.770013873411365e-05,,6.450975278672307e-05,1
2023-09-06,0.00013022650109295597,,0.00017461014215951036,1,9.675109812490312e-05,,0.00014104354219060734,1,4.8845297174748836e-05,,6.724455108641058e-05,1
2023-09-07,0.00023251704349935842,,0.00017551215083819402,1,0.00013543843355767748,,0.0001370119094505052,1,0.00014652873428477875,,6.359198105363328e-05,1
2023-09-08,0.00018597039351342382,,0.00016447274592625377,1,0.00019345727496089538,,0.0001353559324917327,1,0.00024417877793414533,,6.722206580623241e-05,1
2023-09-11,0.0,,0.0001665908160283593,1,0.0,,0.00013268048012187673,1,0.00014647150152824473,,6.428721792230112e-05,1
2023-09-12,0.0,,0.00016438624451140343,1,0.0,,0.00012995726845236737,1,4.8816683589691934e-05,,6.355425139852038e-05,1
2023-09-13,0.00018593581495673916,,0.00016470166831433072,1,9.670992824117874e-05,,0.00012995913746261263,1,0.00013668004178502002,,6.351510123369926e-05,1
2023-09-14,0.00017660618679360418,,0.00014531968361488072,1,0.0002901017290062313,,0.00011566688995869207,1,9.761525921736514e-05,,6.352376972287818e-05,1
2023-09-15,0.0001394013178070974,,0.0001427436747370616,1,4.833626573352845e-05,,0.00011566989971533444,1,0.0002244931822397156,,6.271615081096342e-05,1
2023-09-18,9.292125852544686e-05,,0.00012312926258758612,1,9.666785890360963e-05,,0.00010502779552720814,1,0.00019516764901039707,,6.334590471646628e-05,1
2023-09-19,0.0,,0.00011919523896107228,1,4.832925756592665e-05,,0.000106145857480362,1,4.878239150785113e-05,,6.660074950221251e-05,1
2023-09-20,9.291262496757824e-05,,0.00011596180963843295,1,9.665384392332221e-05,,0.00010503455309173209,1,0.00014634003570690446,,6.596902128622578e-05,1
2023-09-21,0.0004552295657667127,,0.00012621387444161587,1,0.00042523581258691046,,0.00011571752193244156,1,9.754574895626256e-05,,6.597816675504506e-05,1
2023-09-22,0.0,,0.0001270321230467219,1,0.0,,0.00011787515660071421,1,0.00024384058677795473,,6.592127309216425e-05,1
2023-09-25,0.00013929257941991402,,0.00012093494859829412,1,4.8301711812692716e-05,,0.00011891299144995073,1,0.00013651744010290123,,6.590340668058048e-05,1
2023-09-26,0.0005478078401515152,,0.00014910067847700084,1,0.0006182320495358162,,0.00016126734870552185,1,0.00014624872032364955,,6.518936132992815e-05,1
2023-09-27,0.0004639897551061978,,0.00016262565433068337,1,0.00014480861128540745,,0.0001612678258246705,1,0.0005849093390524196,,0.00011776713720707788,1
2023-10-04,0.0,,,1,-0.00037101965476615817,,,1,0.0004579111457521101,,,1
2023-10-05,0.00033783783783780663,,,1,0.0003247626912621371,,,1,0.00014607496567231593,,,1
2023-10-06,4.8246248854244556e-05,,,1,0.000269001725321516,,,1,0.0001460536308932614,,,1
2023-10-10,0.00032805866460816624,,,1,0.0001391014049241246,,,1,9.735486823014838e-05,,,1
2023-10-11,4.822809961990693e-05,,0.00016595833765913653,1,9.27213722763387e-05,,0.0002748219615985419,1,0.00014601808677361383,,0.00014643912616726115,1
2023-10-12,0.0003375804164778007,,0.0001665666721577154,1,0.00037085110328205495,,0.0002710766152865403,1,0.00019466235813969668,,0.00013098941858442328,1
2023-10-13,0.00019283799679881142,,0.00015209637672296584,1,0.0002224281742353451,,0.0002495278535012614,1,0.00024328059010136904,,0.00012079431230749415,1
2023-10-16,0.0,,0.00015521623746833326,1,9.265779622702475e-05,,0.00023189629025787475,1,8.755971085827596e-05,,0.00011922908789158796,1
2023-10-17,0.00014460061310650474,,0.00014530200980292248,1,4.632460577758124e-05,,0.00021927835495573199,1,9.728004980735783e-05,,0.00011571973892501904,1
2023-10-18,0.0001445797067922694,,0.00013707557738794966,1,0.0,,0.00021090142041998772,1,4.8635293659948786e-05,,0.000116695084274029,1
2023-10-19,0.0002794803592767181,,0.00013508510149218048,1,0.00041690213917111585,,0.00021935460125629763,1,0.00024316464191564968,,0.00011309517960189195,1
2023-10-20,4.817280548774505e-05,,0.00013345473818224263,1,3.704252481839809e-05,,0.00021148945229927844,1,0.00014586331634847127,,0.0001081257732854737,1
2023-10-23,0.0001445114549414317,,0.0001278375411016862,1,9.260288180157339e-05,,0.0002028552819062696,1,9.72280288962235e-05,,0.0001055334833737854,1
2023-10-24,4.816352479930508e-05,,0.00012628224864456752,1,4.629715365100928e-05,,0.00019628039769453994,1,9.721857652555954e-05,,0.00010302094269176352,1
2023-10-25,4.8161205185914824e-05,,0.00012450606349118361,1,9.259002064765376e-05,,0.00018935053137659143,1,8.748821339343849e-05,,0.00010105201791458509,1
2023-10-26,0.00024079442898017334,,0.00012272572300072327,1,0.0002314536213232632,,0.0001848623400538588,1,0.00024300155520995403,,0.00010003437949846439,1
2023-10-27,9.629458439253114e-05,,0.00011952606212686985,1,0.00013884003776443166,,0.00017900108636393147,1,0.00014576551187994724,,9.692994627532937e-05,1
2023-10-30,0.00018294209401292783,,0.00011627803928076762,1,0.00017583963425349403,,0.00017396490452543768,1,7.773027594248916e-05,,9.602716479684793e-05,1
2023-10-31,9.626770122350692e-05,,0.00011363214097407364,1,9.25309053223522e-05,,0.00016933556704545332,1,9.715529302045667e-05,,9.428263132626186e-05,1
2023-11-01,0.0,,0.00011529489498636055,1,0.0001387835162192097,,0.00016482580411532715,1,9.714585478648452e-05,,9.260201262112316e-05,1
2023-11-02,0.0003850337385813418,,0.0001228765461993373,1,0.0002775285160550034,,0.0001175792141139072,1,0.00029140925515802607,,6.75402170621455e-05,1
2023-11-03,9.622138616527387e-05,,0.00011590194560623932,1,0.0001387257576739298,,0.00011146770072756076,1,9.71081201810442e-05,,6.824961910825581e-05,1
2023-11-06,9.621212850086103e-05,,0.00011426817147946483,1,0.00022193042481188918,,0.00010942576324259473,1,9.709869110974267e-05,,6.886058956350042e-05,1
2023-11-07,0.00018278545797367762,,0.00010657188525216397,1,-4.622524638053793e-05,,0.0001181839907508417,1,9.708926386919892e-05,,6.886858345322122e-05,1
2023-11-08,0.0,,0.00010928414126335447,1,9.24547665055453e-05,,0.0001181900928566307,1,9.707983845919088e-05,,6.938362954298005e-05,1
2023-11-09,0.00033664851970827137,,0.0001091948349906426,1,0.0002311155485297256,,0.0001077409871076994,1,0.0002815042031489856,,7.57914111695668e-05,1
2023-11-10,0.00019230584321294764,,0.00010918088073557735,1,0.0002680320899108857,,0.00011010104061191967,1,9.704309683922219e-05,,7.21146827228299e-05,1
2023-11-13,-4.8067217196523515e-05,,0.00011284959251586755,1,0.0,,0.00011404453263933525,1,0.00014555052058562445,,7.143117347636062e-05,1
2023-11-14,0.00014420858329478037,,0.00011284800931729164,1,0.0001386001386001201,,0.0001121342182653018,1,9.70195591432077e-05,,7.143825962884795e-05,1
2023-11-15,0.00014418779017799643,,0.00011284642678233775,1,4.619364375457735e-05,,0.00010956123024266752,1,9.701014726148927e-05,,6.917669945614154e-05,1
2023-11-16,0.00037483420794659494,,0.00012096251516280026,1,0.0004157235900041911,,0.00010940555066079927,1,0.00024250184301410904,,6.912304076137837e-05,1
2023-11-17,4.803766152661204e-05,,0.00012096794689493592,1,0.0002677994274633555,,0.00010997566382857658,1,0.00014546583007657432,,6.912024904362236e-05,1
2023-11-20,4.803535402064796e-05,,0.00012270964196019418,1,-0.00013847986041226612,,0.00012741558356068263,1,0.00013574836132335122,,6.850431962235132e-05,1
2023-11-21,0.00014409914020840908,,0.00012097240837768882,1,0.0002769980794798954,,0.0001287799088151971,1,8.725495899009061e-05,,6.885456579667273e-05,1
2023-11-22,9.605225242537152e-05,,0.00011951467569361844,1,9.230712426377963e-05,,0.00012878691115821906,1,3.877659832296487e-05,,7.153927581596042e-05,1
2023-11-23,0.0002881290818286253,,0.00012199930366004837,1,0.00013844790666772688,,0.00012747775901764228,1,9.693773689156693e-05,,6.730946279029846e-05,1
2023-11-24,4.8007681229034205e-05,,0.00012348703322239871,1,0.0002214859863971519,,0.00012848852307695697,1,0.0003877133635104002,,8.892079442035297e-05,1
2023-11-27,8.640967788386966e-05,,0.0001237216506225345,1,9.226539217399576e-05,,0.00012904695364864257,1,0.00014533616254386317,,8.769694055301969e-05,1
2023-11-28,0.000144003686494365,,0.00012333463984943473,1,4.6128440028381235e-05,,0.00013051142220527835,1,4.8438347671098114e-05,,8.970830700479214e-05,1
2023-11-29,0.00014398295241835335,,0.00011883063318608836,1,0.00023063156146796437,,0.00013185352969165862,1,9.687200302233023e-05,,8.971539954207572e-05,1
2023-11-30,0.0002879244486246879,,0.00011029383234062087,1,0.00018446270625238625,,0.0001287431860931895,1,9.68626197463962e-05,,8.285005319916e-05,1
2023-12-01,0.0001439207859994518,,0.00010975025184907008,1,0.0002674215947549019,,0.0001315497823269448,1,0.0003293010101792504,,9.33871809048495e-05,1
2023-12-04,0.000143900075787462,,0.00010914893043511019,1,0.00013828453425768217,,0.0001305475478790941,1,0.00014523203237715165,,9.275929474496198e-05,1
2023-12-05,3.836783240940278e-05,,0.00011144261128091106,1,4.608847142972827e-05,,0.00012481846488788525,1,4.840364769886918e-05,,9.471310966133273e-05,1
2023-12-06,0.00019183180187609672,,0.00010689899996525665,1,0.0001382590421412644,,0.00012407096929568145,1,9.680260979827437e-05,,9.47202042899001e-05,1
2023-12-07,0.00023974376186730595,,9.995695383891595e-05,1,0.00027647985844225786,,0.00012593469016931058,1,8.71139159641654e-05,,8.959338124096652e-05,1
2023-12-08,0.00014381177914346566,,9.93351675942705e-05,1,0.00022112275076691112,,0.00012418966829692512,1,0.0002419620216411733,,9.23278552312499e-05,1
2023-12-11,4.79303667630937e-05,,9.166161018482272e-05,1,-0.00013817116644099237,,0.00013649970405186452,1,0.00024190349018349266,,9.507732786892893e-05,1
2023-12-12,9.585613910645385e-05,,9.238422105805706e-05,1,0.00032244394081781813,,0.00014190915277121185,1,4.836899740734424e-05,,9.698174933957006e-05,1
2023-12-13,9.584695158770806e-05,,9.303537800052715e-05,1,-4.604857203382995e-05,,0.00014711355199354802,1,7.73866527370437e-05,,9.75679551533718e-05,1
2023-12-14,0.00046960505256699037,,0.00010687391200406797,1,0.0007276009431180785,,0.00018745985510772812,1,9.672583063302653e-05,,9.507161446389207e-05,1
2023-12-15,0.0002394819526401193,,0.00010608839971511728,1,0.0002300860521835535,,0.00018659373742020252,1,0.0002901494269549332,,0.00010124377716439669,1
2023-12-18,4.7884922953267406e-05,,0.0001060965254012042,1,-0.0001840264998159702,,0.00019074227143423472,1,0.00014503263234222352,,0.00010123554246325883,1
2023-12-19,9.576526019428044e-05,,0.00010694905841127539,1,0.00023007546475239948,,0.0001895656566371408,1,4.833720030927857e-05,,0.00010271309602227531,1
2023-12-20,9.57560900873844e-05,,0.00010695758590307214,1,0.00017481713207900818,,0.00018887099694433573,1,0.00014500459181210346,,9.989018707910617e-05,1
2023-12-21,0.0003734129947721154,,0.00011403525969269695,1,0.00032197527229915757,,0.000191901458538236,1,9.665571235251136e-05,,9.989745179474114e-05,1
2023-12-22,9.571118193729689e-05,,0.00011208090134253374,1,0.00018392665005206865,,0.00019160686492689007,1,0.0003769208466222196,,9.854116832670071e-05,1
2023-12-26,9.570202218367463e-05,,0.00011177401221904608,1,4.597320681498651e-05,,0.00019291106543187,1,0.0001932199132441692,,9.912613587354265e-05,1
2023-12-27,0.0004306178888240364,,0.00012677653063259905,1,0.0003585745283365416,,0.00019491782403471442,1,4.8295646630336364e-05,,9.913364904716363e-05,1
2023-12-28,8.608650737484957e-05,,0.0001281956103589948,1,0.0001838184608879967,,0.0001946408462507796,1,0.0004829331427356198,,0.00012337382256056016,1
2024-01-02,9.564344125112534e-05,,,1,0.0001837846778713903,,,1,9.654000617853598e-05,,,1
2024-01-03,9.563429445802463e-05,,,1,9.187545363498195e-05,,,1,0.0001447960306582008,,,1
2024-01-04,0.000430313172364416,,,1,0.0004042148585707839,,,1,7.721336949484403e-05,,,1
2024-01-05,9.558401835207953e-05,,,1,0.0,,,1,0.00024127315015864959,,,1
2024-01-08,0.0001433623243811688,,0.00014581426632212757,1,0.00018365978860757082,,0.00015016658569908683,1,0.00018332336311543962,,6.636035074159853e-05,1
2024-01-09,8.600506474265579e-05,,0.00013507421542586703,1,9.181303194183421e-05,,0.00013831355893854065,1,0.0,,8.488067687023215e-05,1
2024-01-10,0.00014332944751282994,,0.0001234258465717298,1,0.00012852644431582405,,0.00012679442435773006,1,0.00014470244354192197,,7.788461511347083e-05,1
2024-01-11,0.000334387449961282,,0.0001305717937159929,1,0.00032127481847976647,,0.00013131161168127473,1,9.645433851623864e-05,,7.290278917873354e-05,1
2024-01-12,0.0001432610024449943,,0.00012268744051928515,1,0.00018352664806919883,,0.00012285886861959937,1,0.00024111258993508855,,7.873713537958611e-05,1
2024-01-15,9.549365444661007e-05,,0.00011831618708776662,1,0.0,,0.00012858099094848,1,9.642178746704921e-05,,7.529003808774987e-05,1
2024-01-16,0.0001432268044190277,,0.00011245999919893533,1,0.00013761972916426224,,0.00012215075485983833,1,9.641249120240225e-05,,7.223611493726114e-05,1
2024-01-17,0.0,,0.0001172365378968332,1,8.256047554833224e-05,,0.00011842865301445303,1,9.640319673009934e-05,,6.951160528457054e-05,1
2024-01-18,0.00032460093179564886,,0.0001221888997586495,1,0.0003669051550174718,,0.00012826163555064354,1,0.00014459085607421152,,6.674702714344133e-05,1
2024-01-19,9.54398824180025e-05,,0.00011881301691851962,1,9.169264624975249e-05,,0.00012487840948514423,1,0.00026986391148464683,,7.454804796683757e-05,1
2024-01-22,9.543077451623638e-05,,0.00011566236529509591,1,0.0,,0.00012739494970826702,1,9.635396592932999e-05,,7.262874946231046e-05,1
2024-01-23,0.0,,0.00011825079029318612,1,0.0001375263592189313,,0.00012312242563994381,1,4.8172341368557525e-05,,7.344928200291167e-05,1
2024-01-24,4.771083417631772e-05,,0.00011690721653150037,1,4.58358161066208e-05,,0.00012187596848864844,1,0.00014451006271731792,,7.120881658706132e-05,1
2024-01-25,0.0003721267520968574,,0.0001259876881407038,1,0.0003575029791915707,,0.00012848537496480754,1,9.632612171772692e-05,,6.955013021616365e-05,1
2024-01-26,9.538162186917276e-05,,0.000123132572546715,1,0.00013745200634107668,,0.00012493796262206232,1,0.0002311604253351085,,7.157022241250842e-05,1
2024-01-29,-4.7686262541479785e-05,,0.00012768738874582803,1,-4.581103862788538e-05,,0.00012963414155965741,1,0.0001829597103459868,,7.051701977611455e-05,1
2024-01-30,9.537707325923961e-05,,0.00012769221361001585,1,0.0001832525495011339,,0.00012962581624601847,1,4.813848479301441e-05,,7.275313288724938e-05,1
2024-01-31,0.00019073595468110938,,0.00012774545927683829,1,9.160948707842564e-05,,0.00012963156356978866,1,9.627233518183509e-05,,7.318230979462202e-05,1
2024-02-01,0.00028604937212173276,,0.0001140821959114415,1,0.0001282415337686693,,0.000114372385642061,1,0.00014439460156712158,,7.208903127204651e-05,1
2024-02-02,9.532252375921146e-05,,0.00011408720610345324,1,0.00022897337497584935,,0.00011198758029735356,1,0.00028874750955276696,,7.642569193738596e-05,1
2024-02-05,4.7656719120769964e-05,,0.00011579960660983241,1,0.0,,0.00011590568403583073,1,4.811069308274796e-05,,7.81037214032652e-05,1
2024-02-06,9.530889613240667e-05,,0.00011562284929321289,1,-9.156838326862538e-05,,0.00012616978758323317,1,0.0001347034599545882,,7.180708045556514e-05,1
2024-02-07,0.00037166927152831875,,0.00012740526441824826,1,0.0004578838440263411,,0.0001465970053647428,1,9.620379812602664e-05,,7.23603773281148e-05,1
2024-02-08,0.00014289660953981098,,0.00011928711943220908,1,3.661394258935857e-05,,0.0001418879498676515,1,0.0005290699911502106,,0.00011333422679884455,1
2024-02-13,0.0,,0.00012297758976207462,1,4.5765752572091145e-05,,0.00014231658068758913,1,9.614367711097138e-05,,0.00011226848679846089,1
2024-02-14,9.525079534422609e-05,,0.00012298091145175206,1,0.00013729097449144412,,0.00013952773194422788,1,9.613443439304703e-05,,0.00011227562124849741,1
2024-02-15,0.00014286258524132123,,0.00012297845971732786,1,0.00022878688044514206,,0.00014138806397642965,1,9.612519345192361e-05,,0.00011228275318526544,1
2024-02-16,0.00014284217843840707,,0.00011928834715595578,1,0.00013724072938869902,,0.00014092950052080403,1,0.00033640584000527163,,0.00011896707697348518,1
2024-02-19,0.00018090758478850333,,0.00011129209777458788,1,-4.574063231854719e-05,,0.00013508498731764037,1,0.00012490872055037627,,0.00011919306081004681,1
2024-02-20,0.0,,0.00011472177612164094,1,9.148544923931468e-05,,0.00013508672563412234,1,0.0,,0.00012138418826297399,1
2024-02-21,0.00014279594459520872,,0.00011462258070295937,1,9.147708041745695e-05,,0.00013258055310370797,1,0.00014410744651205398,,0.00012080917154740291,1
2024-02-22,0.0002379592613743764,,0.00011332263576980546,1,0.00035672798119401605,,0.00014296066000959513,1,9.605778836552226e-05,,0.00011916636918609201,1
2024-02-23,9.516106009410663e-05,,0.0001118473279542211,1,-4.571804765651777e-05,,0.00014715626558023436,1,0.0003265651113202317,,0.0001253930316421979,1
2024-02-26,9.515200532850265e-05,,9.773702487109995e-05,1,0.00022860068945962375,,0.0001389907493075521,1,9.601720628338306e-05,,0.00012540138773783498,1
2024-02-27,4.7571476142982405e-05,,9.908226572964014e-05,1,0.0,,0.000141337390160427,1,9.6007987864688e-05,,0.0001250405741397221,1
2024-02-28,0.00037103986300057734,,0.00010519224085065129,1,0.00026511619402858067,,0.0001403059040559215,1,9.599877121568845e-05,,0.0001254863551089277,1
2024-02-29,4.755156967739538e-05,,0.00010688164482621588,1,9.139514691769435e-05,,0.00013984623439544606,1,0.00037435926971141065,,0.0001326158932077958,1
2024-03-04,-4.754930863304363e-05,,0.00011413203982643978,1,9.138679460818366e-05,,0.00013984876591739055,1,0.00014393045280525207,,0.00013172570236524378,1
2024-03-05,0.0002377578483865328,,0.00011111727931260568,1,0.00018275688765023723,,0.0001405127165568755,1,4.796991327049582e-05,,0.000134380677995246,1
2024-03-06,9.508053321161114e-05,,0.00011112093568448785,1,4.568087341838556e-05,,0.00013930705388653884,1,4.796761226821822e-05,,0.00013333942371076757,1
2024-03-07,0.0003327502281715855,,0.00011843911981799839,1,0.00018271514708567693,,0.00013732770334666964,1,0.0001438959344601809,,0.00013113856494041383,1
2024-03-08,0.0001330558169152507,,0.0001179666353303064,1,0.00017354767994159914,,0.00012785283731380048,1,0.00018224195977256663,,0.00013116061139890433,1
2024-03-11,0.000142540837950067,,0.0001050315629455872,1,9.132503493192168e-05,,0.00010348127765432855,1,0.00013425908166797562,,0.00013048351094950198,1
2024-03-12,9.501368197017968e-05,,0.00010531022548250937,1,9.131669543149812e-05,,0.0001018908334291632,1,0.00014382970562842878,,9.745063648166719e-05,1
2024-03-13,9.500465522815915e-05,,0.00010123044222512618,1,0.0001369625361808957,,0.0001003255009917335,1,9.587268107957847e-05,,9.745724171660485e-05,1
2024-03-14,0.00028498689060296734,,0.00010616467992776029,1,0.00027388756002699743,,0.00010560115556208757,1,0.00018214063174037953,,9.726450886330372e-05,1
2024-03-15,4.748428270251459e-05,,0.00010832099116826645,1,8.214376985149485e-05,,0.00010370701448428679,1,0.00014376904939905621,,9.657430051160982e-05,1
2024-03-18,9.496405610476266e-05,,0.00010875642455303993,1,0.00018252671734830805,,0.00010445439117915325,1,0.00014374838283059965,,8.57780495798282e-05,1
2024-03-19,0.00018041457369943892,,0.00010874587560160674,1,0.00018249340742571007,,9.66027000136924e-05,1,9.581848146877903e-05,,8.62602549443694e-05,1
2024-03-20,4.746895530316486e-05,,0.00010609709036413989,1,4.5615027414624976e-05,,9.833885268403135e-05,1,9.580930116692699e-05,,8.075194218329204e-05,1
2024-03-21,0.00028480021265075983,,0.00011101545478598701,1,0.00035578098487465404,,0.00010900913829293499,1,0.0001820202329858578,,8.1259324379378e-05,1
2024-03-22,0.00014235956229180502,,0.0001088811152851885,1,-4.5596724331353755e-05,,0.0001060732053098277,1,0.0001436740323554897,,8.049274952395825e-05,1
2024-03-25,0.0,,0.00011299713175086852,1,9.119760697484658e-05,,9.82229054010581e-05,1,0.00019153785745751328,,6.943587460801038e-05,1
2024-03-26,0.00018978573190864267,,0.00011316145250475428,1,0.0002279732268242185,,9.819235182959245e-05,1,9.575058886612808e-05,,6.944459494689976e-05,1
2024-03-27,0.0,,0.0001157023478897099,1,4.558425337553018e-05,,9.532202281822972e-05,1,4.787071078427019e-05,,7.180813451585341e-05,1
2024-03-28,0.00027513709417270604,,0.00010724588704335939,1,9.116435109213228e-05,,9.111868268321976e-05,1,9.573683857810877e-05,,7.181595717460004e-05,1
2024-03-29,0.00014227314546944037,,0.00010530447660325466,1,0.00021877449818608063,,9.264420831427442e-05,1,0.0003350468586964528,,6.519941533378232e-05,1
2024-04-01,4.7417635566926464e-05,,,1,-3.645444106226137e-05,,,1,9.569561139932681e-05,,,1
2024-04-02,4.741538724140071e-05,,,1,0.00012759519512961504,,,1,9.568645462554315e-05,,,1
2024-04-03,0.0,,,1,4.556389881171796e-05,,,1,4.7838649801956734e-05,,,1
2024-04-04,0.0004267182521620061,,,1,0.0003189327598618341,,,1,9.567272274990657e-05,,,1
2024-04-05,0.0,,0.00018178419303776884,1,9.109459262490738e-05,,0.00013221070488860797,1,0.00026785799699613477,,8.491378255457491e-05,1
2024-04-08,0.00018957166282773663,,0.0001662768140231147,1,0.0005374091414205306,,0.00021100557970978818,1,0.00019127590593059907,,8.125248242565964e-05,1
2024-04-09,4.7383933055922256e-05,,0.00015415219125982084,1,-0.00036414948336294106,,0.00028197513563211937,1,0.00014342949484125178,,7.429140639048491e-05,1
2024-04-11,0.0002274321020412362,,0.00014879692491638754,1,0.00031874686945032593,,0.00027198808795541126,1,0.00014340892577147102,,6.886220526163829e-05,1
2024-04-12,-0.00018948365703452819,,0.0001738946687258576,1,4.5520757465444817e-05,,0.00025596941988684154,1,0.0002772175010277156,,7.995715781509544e-05,1
2024-04-15,0.0002368994598691554,,0.00017053391075395142,1,9.103737084070751e-05,,0.0002415097365092315,1,8.600917431200727e-05,,7.812717325617063e-05,1
2024-04-16,0.0,,0.00016475551766837045,1,4.551454189605231e-05,,0.00023014284321647824,1,4.77787652055639e-05,,7.963873878776915e-05,1
2024-04-17,4.7368670361480625e-05,,0.00015766249012787742,1,4.551247041684192e-05,,0.00022024499876418242,1,9.555296500840527e-05,,7.680862628242829e-05,1
2024-04-18,0.00023683213338387965,,0.00015634283071150974,1,0.0002639603149319214,,0.0002153982208422616,1,9.55438355116911e-05,,7.42413367766684e-05,1
2024-04-19,0.00018942084576401008,,0.00015204233681795956,1,0.00013649516807112683,,0.00020700877987341688,1,0.00028660412327807805,,8.277494093890474e-05,1
2024-04-22,4.7346243075674366e-05,,0.00014733645940212864,1,4.5492179894246476e-05,,0.00020038089919903387,1,0.0001432610024449943,,7.976670472602846e-05,1
2024-04-23,0.0,,0.00014467867402319785,1,4.5490110450074894e-05,,0.00019434587620537124,1,4.774682722330503e-05,,8.050076035522929e-05,1
2024-04-24,4.7344001514959544e-05,,0.0001406042863154439,1,9.097608238795019e-05,,0.00018823031486066974,1,8.594018563079509e-05,,7.884883477654168e-05,1
2024-04-25,0.0001325569284666983,,0.00013670522745544092,1,9.096780649331393e-05,,0.00018265831773864083,1,0.00014322133425004324,,7.653911780095361e-05,1
2024-04-26,0.00023667742760036248,,0.00013669876295877497,1,0.00021830287704993623,,0.0001793143309267961,1,0.00027685492801765577,,8.139738920184781e-05,1
2024-04-29,0.00023662142465030733,,0.00013633060516791447,1,0.00022734919927613895,,0.00017637605163765726,1,0.00013361711062542803,,7.924069215508916e-05,1
2024-04-30,0.0,,0.00013788655518963788,1,0.0,,0.00017486395622231737,1,0.00014314206372678662,,7.855138477224891e-05,1
2024-05-02,0.0004163551888265449,,0.000153184455582648,1,0.0002727570280394165,,0.00017813026877315386,1,0.00014312157700890893,,7.777956527198047e-05,1
2024-05-03,0.0001418801963621874,,0.0001502778877077174,1,0.00026359323019864433,,0.00017946387811743422,1,0.00037206285000146444,,8.943204625672654e-05,1
2024-05-07,9.457337948504119e-05,,0.0001336016214628749,1,9.08702645232573e-05,,0.00017462629809938233,1,0.00014304787335484015,,8.823096406740853e-05,1
2024-05-08,0.0,,0.0001336016214628749,1,9.086200786856402e-05,,0.00017462888217022876,1,0.0,,9.178782124714527e-05,1
2024-05-09,0.00042553996293070995,,0.00014979169254988238,1,0.00018170750542845227,,0.0001465812245520374,1,9.53516090584916e-05,,9.20201893765924e-05,1
2024-05-10,9.452421237710062e-05,,0.00014881187632570332,1,9.083724690461814e-05,,9.552847449692756e-05,1,0.0002860275539877666,,9.725567425953489e-05,1
2024-05-13,0.00017957902895004985,,0.0001475608401272934,1,0.0002179895909970586,,8.752787701504746e-05,1,0.00014297288280995524,,9.725781537752824e-05,1
2024-05-14,9.449830848029528e-05,,0.0001276519632861557,1,0.0001362138011822278,,8.53654817202426e-05,1,0.00019060325931574695,,9.324619579782795e-05,1
2024-05-16,0.00042520220727193525,,0.00014117754118237732,1,0.00040858574852919993,,0.00010464216384479189,1,0.00014292520247738416,,9.211888556903919e-05,1
2024-05-17,-9.444921937717954e-05,,0.00014795762959364438,1,0.0,,0.0001074495340613278,1,0.0002381746296384879,,9.074318764964087e-05,1
2024-05-20,0.00018891628174966257,,0.00014628711839144405,1,0.00017244352474565794,,0.00010492715451061561,1,0.00014287074959518087,,8.957588001027285e-05,1
2024-05-21,0.0,,0.00014884938665878775,1,4.537205081667217e-05,,0.00010405888604691397,1,3.8093424122642716e-05,,9.270766670452582e-05,1
2024-05-22,9.44402995646243e-05,,0.00014879981611747497,1,9.073998457420629e-05,,0.00010467159995815544,1,0.00013332190574133485,,8.788180432785038e-05,1
2024-05-23,0.00027385100616639235,,0.00015014416201174924,1,0.0002268293789411402,,0.00010399465660061629,1,9.521723812877525e-05,,8.878858528931783e-05,1
2024-05-24,0.00018881105677559518,,0.00014613807819366777,1,9.071117561676445e-05,,0.00010212114398763926,1,0.00023802043167386877,,8.74717194000375e-05,1
2024-05-27,-4.719385347251581e-05,,0.00015136976186078742,1,0.00018140589569171084,,0.00010135274014150992,1,0.00014277827485775774,,8.587400229280115e-05,1
2024-05-28,9.43921616749499e-05,,0.00015189554076289817,1,4.53432483902283e-05,,0.00010336047060305448,1,8.565473527921696e-05,,8.748864866923696e-05,1
2024-05-29,0.00023595813158916457,,0.00015187457246914512,1,0.00012695533892537192,,0.00010231713468246565,1,4.7581888430014985e-05,,8.627232735286148e-05,1
2024-05-30,0.0002830829621800479,,0.00015358001390385648,1,9.067087379510674e-05,,0.00010129975035164958,1,0.00013322294860440564,,8.627576576707717e-05,1
2024-05-31,0.0,,0.00015358001390385648,1,4.5331326666619987e-05,,9.844107862567314e-05,1,0.0002854397198885916,,9.158342548351213e-05,1
2024-06-03,4.7167141482562513e-05,,0.00014221654657943335,1,0.00022664635915292664,,9.575690193399442e-05,1,0.00019023884486979448,,9.187210047927444e-05,1
2024-06-04,0.00017922668402325925,,0.00014254209349186446,1,9.063800088826568e-05,,9.184759127502016e-05,1,4.755066523376428e-05,,7.97852094894757e-05,1
2024-06-05,0.00028293879090823815,,0.00014571591731588532,1,0.0002628263805182218,,9.571186728251903e-05,1,0.00019019361710226335,,8.054317825519074e-05,1
2024-06-07,0.0002357156326606713,,0.00014267370718068476,1,0.00013590895911863576,,9.499462752244418e-05,1,0.00032326766562706943,,8.267803575241203e-05,1
2024-06-10,9.426403355794477e-05,,0.0001286555706257686,1,0.00013589049038342793,,9.457264224377688e-05,1,0.00014257199885947536,,8.141507490849219e-05,1
2024-06-11,9.42551486875498e-05,,0.00012866087041704492,1,0.0001358720266670943,,9.384709412875375e-05,1,4.7517224994075846e-05,,7.97169128004222e-05,1
2024-06-12,4.7123132745907625e-05,,0.00013005507388998423,1,0.0,,9.731306034540604e-05,1,4.751496721477899e-05,,8.294643522534687e-05,1
2024-06-13,0.0003204222033739157,,0.0001359469458126187,1,0.00021736570874808514,,9.91540605441315e-05,1,0.0001235330450894967,,8.236531932583678e-05,1
2024-06-14,0.00014131745553203068,,0.00011917992444977353,1,0.00013582404447776142,,7.575453381068868e-05,1,0.000285041045910539,,8.837961586596072e-05,1
2024-06-17,4.7099162576946796e-05,,0.00010870381269318356,1,0.0002263426646869071,,7.330484132578634e-05,1,0.00014247991033267127,,8.584554420996148e-05,1
2024-06-18,0.0001883877774009335,,0.00010869138199240383,1,0.00013577486716687126,,7.275331163305015e-05,1,-4.748653756658783e-05,,9.594787151181094e-05,1
2024-06-19,9.417614706541677e-05,,0.00010425349317370057,1,9.050428990331483e-05,,7.058193610335998e-05,1,0.0001804574120507496,,9.366609533487524e-05,1
2024-06-20,0.0002730851083865282,,0.00010732204101385647,1,0.00017194258927433204,,7.026223868699158e-05,1,9.496044897305822e-05,,9.423784937085428e-05,1
2024-06-21,9.414157009302038e-05,,0.00010421132200795658,1,9.048054215932133e-05,,6.782758898579349e-05,1,0.00028485429702707066,,9.894025957048544e-05,1
2024-06-24,-4.706635414608584e-05,,0.00011201394947796207,1,0.0001357085342572617,,6.713491732337202e-05,1,0.0001423865890817222,,9.671110103871327e-05,1
2024-06-25,0.0001882742779681923,,0.00010418708269186159,1,4.523003998335717e-05,,6.896220983770692e-05,1,9.491087868496173e-05,,9.734585702227843e-05,1
2024-06-26,0.0,,0.00010862910500870577,1,9.045598863877125e-05,,6.684708020307402e-05,1,9.490187146488083e-05,,9.708529134510128e-05,1
2024-06-27,0.0002352985467961588,,0.00010859852826082435,1,0.00018089561418577205,,6.781929401043757e-05,1,9.489286595432134e-05,,9.520758777544579e-05,1
2024-06-28,0.00023524319441436958,,0.00010576987159612653,1,0.00017181975203706124,,6.763017297163477e-05,1,0.0002846515864580734,,0.00010012256304813367,1
2024-07-01,0.00012242004311704413,4.5753885639046705e-05,,5,0.002202077292912996,,,1,0.002271694684234493,,,1
2024-07-02,0.00014412186221495203,0.00011684168715016522,,5,0.0021972388032371892,,,1,0.0036264732547597323,,,1
2024-07-03,0.00011198135139460774,0.00014809662933840928,,5,0.005207001132751188,,,1,0.004516711833784992,,,1
2024-07-04,0.0002912639304043285,0.00015601690116024902,,5,-0.006088805685308674,,,1,-0.007643884892086339,,,1
2024-07-05,0.0002220321168870054,5.589752459176308e-05,7.642349943790478e-05,5,0.0008229098090848375,,0.004206326998774163,1,-0.0009062075215224841,,0.004931209099497446,1
2024-07-08,0.0001263646992312406,6.102178883161686e-05,7.157578603903828e-05,5,0.0011876701565898262,,0.0037645148398681274,1,0.0027210884353741083,,0.004513580808703407,1
2024-07-09,5.601819719489587e-05,6.094478329300748e-05,7.820089161081838e-05,5,0.0010950104025988505,,0.003437142950624497,1,0.002261420171868034,,0.004158990250599151,1
2024-07-10,0.0001378864580967587,9.752835055046086e-05,7.260895822729586e-05,5,0.0005469063331753343,,0.0031853052382754972,1,-0.0009025270758122872,,0.003907467997400282,1
2024-07-11,0.00012248426536465296,6.820633269851218e-05,6.860517879657405e-05,5,-0.0033707455724801827,,0.00330165521647375,1,-0.004065040650406471,,0.003991046786333608,1
2024-07-12,0.0001945411931130181,9.089331799540185e-05,6.631487433082187e-05,5,9.140934934825928e-05,,0.003114586864193829,1,0.0031746031746031633,,0.0038779105470870354,1
2024-07-15,0.00010792755540802723,6.868812087890924e-05,6.435724628723851e-05,5,0.0026506288388417065,,0.003032417416232873,1,0.0004520795660036825,,0.0036789441382373915,1
2024-07-16,0.00011183498484172994,7.35225108804201e-05,6.228423519607585e-05,5,0.0017320279312293962,,0.0029098789641160976,1,0.004970628106642616,,0.003737555057397242,1
2024-07-17,8.311430390253171e-05,2.076686700868797e-05,6.211068111184867e-05,5,-0.0020930401863715753,,0.002890905492236143,1,-0.006744604316546776,,0.004155597880012968,1
2024-07-18,0.00017461506550735527,6.633357099879235e-05,6.034959177025951e-05,5,0.0004559630852285501,,0.0027774970170303497,1,0.00045269352648258376,,0.003992814548604065,1
2024-07-19,0.00015588197451377184,8.888427165004972e-05,5.8244572971444237e-05,5,0.003554891165639784,,0.0027921747812567053,1,0.004524886877828038,,0.003999298634914172,1
2024-07-22,0.0001226495065224542,0.00011783666741422035,5.652612556815813e-05,5,0.00172573525404629,,0.0027101504609545924,1,0.004054054054054124,,0.003960066002016732,1
2024-07-23,5.628232381900133e-05,3.915366652117867e-05,5.861765672213052e-05,5,-0.0020854490062381936,,0.002712389094371365,1,-0.0022431583669807464,,0.0039046049825465297,1
2024-07-24,0.00010390075703141655,5.171259978108394e-05,5.742378619089728e-05,5,-0.0015446400988570197,,0.0026785580400440373,1,-0.0004496402877698369,,0.0037963863710524263,1
2024-07-25,0.0002634661340628952,0.00012364864663738802,6.301930938410017e-05,5,0.0017290331974373352,,0.0026193110012032476,1,0.002249212775528475,,0.0037097330864487034,1
2024-07-26,0.00019145218298741718,7.504255799530856e-05,6.23048559278393e-05,5,0.0005450680426606347,,0.002549453266793198,1,-0.0013464991023339756,,0.0036382396685977116,1
2024-07-29,0.00013026766651984544,7.6922954948798e-05,6.217967463845509e-05,5,-0.0029054458951497386,,0.0026275529761107265,1,-0.0017977528089887507,,0.0036505808721972333,1
2024-07-30,0.00011228042064779232,2.3520067797889304e-05,6.262031845126592e-05,5,0.002822852355715888,,0.0026552485820509363,1,-0.0009004952723997706,,0.0035760066430281044,1
2024-07-31,9.820768428721038e-05,4.614221382548377e-05,6.306298693779729e-05,5,-0.005448205724248201,,0.0026884474913779904,1,-0.00045065344749883884,,0.003423743246519532,1
2024-08-01,0.0001859883034233345,8.838187257589581e-05,5.375359837742176e-05,5,-0.008217076911839927,,0.00296091757364278,1,-0.009918845807033394,,0.0037121771408656543,1
2024-08-02,0.00018966049782562778,8.527522846865972e-05,5.152693421484857e-05,5,0.004234635637220707,,0.003124891410067595,1,0.0009107468123861207,,0.0037173279114048347,1
2024-08-05,0.00019092729306411372,7.232767535634049e-05,5.288024205582647e-05,5,0.002566735112936369,,0.0031711740520503837,1,0.0036396724294813776,,0.0037601279294725933,1
2024-08-06,9.944974832098996e-05,0.00017171279783889263,5.00910957720183e-05,5,0.0012800819252432039,,0.0031750989967222823,1,0.0036264732547597323,,0.003817325098432236,1
2024-08-07,7.625410608145256e-05,0.00010246448227546879,5.218623091696529e-05,5,0.0017350330569456673,,0.0031986004655019974,1,0.0004516711833784104,,0.0038131951626908635,1
2024-08-08,0.00018579937872904574,6.33966458877233e-05,5.307265604672728e-05,5,-0.0005469561888092889,,0.003104165521007498,1,-0.0013544018058690988,,0.0037066882932054786,1
2024-08-09,0.00020305247774428105,6.897980651451151e-05,5.355042671740789e-05,5,-0.007661577190390179,,0.003558068829069319,1,-0.008137432188065064,,0.004068664233452693,1
2024-08-12,6.954929410296629e-05,2.4831236265227133e-05,5.549367224345315e-05,5,0.00441184580598919,,0.0036547302571666575,1,0.004102096627164986,,0.0041890043764393385,1
2024-08-13,0.0001443618412597658,5.556655940421548e-05,5.509283552607856e-05,5,-0.000457548637420202,,0.003626958473073542,1,-0.0009078529278256919,,0.0040081023981325984,1
2024-08-14,0.00025552545169862386,5.859778103969312e-05,5.878254350277425e-05,5,-0.00659171640971179,,0.0038753361999537125,1,-0.003180372557928246,,0.0037896841901549393,1
2024-08-16,0.00018620055077009923,0.0001578323271407248,5.908920040847882e-05,5,-0.001843182069524829,,0.0038789657819146353,1,-0.002278942570647202,,0.003809022839204013,1
2024-08-19,8.139483815439164e-05,2.1640064176493736e-05,6.108294157663473e-05,5,-0.018262732208147114,,0.005405997790245632,1,-0.02238465052535399,,0.0060469297705552745,1
2024-08-20,0.00016683779860033888,7.978424260170935e-05,6.094211020729884e-05,5,0.0010345151885640114,,0.005384939804399534,1,0.004672897196261738,,0.0060800395487872,1
2024-08-21,8.129027789642862e-05,4.949456900129549e-05,5.915834626637507e-05,5,0.0017850432168358132,,0.005441885155386458,1,0.0,,0.006091819365259249,1
2024-08-22,0.00015847556713293186,4.1929927795318286e-05,5.8131281114428844e-05,5,-0.00028134671293256197,,0.005449481133237477,1,0.0018604651162790198,,0.006137956669183397,1
2024-08-23,0.00014566207531818698,0.00012513415339758226,5.205556992889455e-05,5,0.0032833020637899057,,0.005508766268102661,1,0.0009285051067779992,,0.006101847778643069,1
2024-08-26,0.00014556530917655408,8.34105160389584e-05,5.102354239188575e-05,5,-0.008882655446470267,,0.005730156822742153,1,-0.009740259740259716,,0.0063648068705676,1
2024-08-27,2.9143883911930678e-05,6.314769464374877e-05,5.7228626038563866e-05,5,0.002075471698113285,,0.005791938723858788,1,0.0037470725995316645,,0.006495470576702074,1
2024-08-28,0.00014054652647987886,4.5503718014050256e-05,5.6848490853722247e-05,5,0.006966672942948504,,0.0060295390360495795,1,0.008866075594960332,,0.006917364494176889,1
2024-08-29,0.00017790399133628122,5.110875401875316e-05,5.643146436867457e-05,5,-0.004768137621540713,,0.006007628825953969,1,-0.007400555041628176,,0.007046997659604739,1
2024-08-30,0.00014940430474514877,0.0001433560198376344,5.564352965065969e-05,5,0.0026303428839831167,,0.005847985260535812,1,0.0037278657968313755,,0.006859851835816056,1
2024-09-02,8.206083665818209e-05,0.00011290693270194686,5.618030942452618e-05,5,0.0021549704862737773,,0.005770519524425789,1,0.0009285051067779992,,0.006860105489504734,1
2024-09-03,0.00011034544864516605,4.878977970326428e-05,5.5099389631215816e-05,5,0.0028047868362004458,,0.005778435558739197,1,0.0032467532467532756,,0.006846844758990288,1
2024-09-04,7.429650683383748e-05,6.532469282684909e-05,5.6215871249708815e-05,5,0.0008390826030206799,,0.005770286683566085,1,-0.000462320850670328,,0.006763181085202323,1
2024-09-05,0.00024267939152768924,0.000102084627804967,5.956322482135643e-05,5,-0.004098742431299485,,0.005773333308298992,1,-0.0009250693802035359,,0.006752850747002415,1
2024-09-06,0.0001823681901934826,0.00010804324586426944,5.943372934193633e-05,5,-0.006079880273126892,,0.00586861827585651,1,-0.008333333333333304,,0.006937167340835383,1
2024-09-09,0.0001598868064254244,0.00011043235085802181,5.783679452614377e-05,5,0.00922266139657446,,0.00615039200037243,1,0.008403361344537785,,0.007098798703729928,1
2024-09-10,9.133224202289014e-05,5.3736446990910745e-05,5.6649554912702234e-05,5,0.0032637075718016106,,0.0061053326121551215,1,0.005555555555555536,,0.0071583456619128865,1
2024-09-11,0.0001251702443576974,8.087280789053086e-05,5.673896191288344e-05,5,-0.0039037085230969604,,0.0061448412665002115,1,-0.006445672191528584,,0.0072736430195450025,1
2024-09-12,0.0004031024696929286,0.00011423059110623656,7.819004950785815e-05,5,0.00018661938975461645,,0.006001543059334235,1,0.0013901760889711845,,0.007272033682630219,1
2024-09-13,0.00014936910135499026,4.732268769866793e-05,7.76421515592679e-05,5,-0.007556675062972307,,0.006196951418902783,1,-0.007403979639056035,,0.007418235548455095,1
2024-09-19,0.00031480107871049154,0.00011265259038991644,8.481387997628448e-05,5,0.0011280315848842815,,0.004660522168870414,1,0.0009324009324009896,,0.005449680179878506,1
2024-09-20,0.00010720318553651964,7.530982928575817e-05,8.547742867363689e-05,5,9.389671361503815e-05,,0.004655234297856732,1,0.0037261294829995517,,0.005412560813481221,1
2024-09-23,0.00015886367189779093,0.0001296823092818306,8.376984659586187e-05,5,0.004788282790348264,,0.004761600287578874,1,0.0027842227378189754,,0.00544474838036102,1
2024-09-24,5.4353975352494645e-05,4.976261364425327e-05,8.687786365854254e-05,5,-0.0005606428704915123,,0.0047634748914073145,1,-0.002776492364645944,,0.005472083902582437,1
2024-09-25,0.00010441709909216889,5.1203122933299e-05,8.752838600506264e-05,5,-0.0014958863126401933,,0.004719239561953081,1,-0.0013921113689094877,,0.005476796664034954,1
2024-09-26,0.00022480065096570635,7.970675896915564e-05,8.908966766027205e-05,5,-0.0026217228464419096,,0.004291431468006584,1,-0.0018587360594795044,,0.0050085493810484594,1
2024-09-27,0.00020640255263937313,8.197258810541095e-05,8.471376690784249e-05,5,-0.005538865940668436,,0.004455887002286995,1,-0.0065176908752327956,,0.005161977150572321,1
2024-09-30,0.00016297280009887062,6.72186781336158e-05,8.45496647671489e-05,5,-0.009515717926932843,,0.004596791997848755,1,-0.011246485473289547,,0.005261429613529672,1
2024-10-02,0.014218009478673022,,,1,0.00941651893787765,,,1,0.0002442568738895812,5.3678558582000177e-05,,5
2024-10-04,0.010747663551401887,,,1,0.01029175715229913,,,1,0.00013671375570822875,9.180224354295085e-05,,5
2024-10-07,0.00878409616273701,,,1,0.011850467289719724,,,1,0.00014078823980274714,0.00010193190244310185,,5
2024-10-08,0.0036663611365719273,,0.009972211237381567,1,0.0006465437617764191,,0.008986493552058734,1,7.673575916642417e-05,9.552370068105337e-05,6.05297059963802e-05,5
2024-10-10,0.0,,0.009171786429934358,1,0.0018460743229522514,,0.008112540893940466,1,0.00024143685624524735,0.00010066803300438497,6.523419091332004e-05,5
2024-10-11,-0.0009132420091324533,,0.008606756127514412,1,-0.0008292026755606363,,0.007635466530411564,1,9.558417537749441e-05,0.0001472308077195712,6.540589478983744e-05,5
2024-10-14,0.004113345521023826,,0.007970310154149575,1,0.005071555030982555,,0.007094124154509453,1,0.0002467184883365725,0.00012904761845072637,6.837114680750964e-05,5
2024-10-15,0.005461993627674078,,0.007479400574063422,1,0.004770729738160284,,0.006647464106020817,1,0.00010668978970533871,9.618470014146214e-05,6.715657263103718e-05,5
2024-10-16,0.0013580805794477513,,0.007096251780736689,1,-0.00018261838236632855,,0.006388107996754198,1,4.4639490167308615e-05,7.134510680130467e-05,7.328281580305298e-05,5
2024-10-17,0.004520795660036159,,0.006737584419005618,1,0.005022922793110451,,0.006081582433092954,1,0.00021799299044649166,7.735209443118173e-05,7.251140535652292e-05,5
2024-10-18,0.0022502250225022724,,0.006437671078679625,1,0.0018173887758068386,,0.005818627385259658,1,0.00011299958035460023,8.590607183334637e-05,7.023561936541331e-05,5
2024-10-21,0.0035922766052987054,,0.006163601731289186,1,0.003356069951382379,,0.005570911800097092,1,5.210633802388287e-05,8.844860692488461e-05,7.276040810469782e-05,5
2024-10-22,0.004474272930648837,,0.005926607288582503,1,0.004068054023757428,,0.005355789046801445,1,8.238267413358535e-05,3.9150297630392794e-05,7.185560018800788e-05,5
2024-10-23,-0.00222717149220486,,0.005908845013997805,1,0.0023229012856988973,,0.005168485421513018,1,8.798664718598915e-05,3.169887286727656e-05,7.053924812881728e-05,5
2024-10-24,-0.001339285714285765,,0.005822807507241667,1,-0.0020480390923952596,,0.005171094629644063,1,0.0002995962392222218,0.00015398256661959138,7.939262112182924e-05,5
2024-10-25,-0.007152436298614173,,0.006148894324737055,1,0.006282741363480948,,0.005070024325005268,1,0.00011311284164325919,0.00011685047594441174,7.730583348601905e-05,5
2024-10-28,0.006753714542998557,,0.006054083492342836,1,-0.0017889727718344295,,0.005056574847392355,1,6.739746468509278e-05,9.125892569428762e-05,7.718844843865736e-05,5
2024-10-29,0.005813953488372103,,0.005929118767111333,1,0.0017025699845871767,,0.004921922222255391,1,9.119004638429296e-05,9.56365140499322e-05,7.586399796510804e-05,5
2024-10-30,-0.002667852378835045,,0.005898286265716437,1,-0.0037571788953894014,,0.005013119236244228,1,6.38085561751156e-05,6.07882019726178e-05,7.567944825289892e-05,5
2024-10-31,-0.001783325902808719,,0.005056065421020544,1,-0.0016881274356626008,,0.004275546068053009,1,0.00023264883969962292,5.853723727421063e-05,7.861767246650058e-05,5
2024-11-01,-0.00044662795891026175,,0.004355959684205988,1,0.0008095126733707048,,0.004011003640163626,1,0.00013664189578252995,7.775041620441954e-05,7.45195798446443e-05,5
2024-11-04,-0.007149240393208189,,0.004356761366452314,1,-0.006560736240428522,,0.004053115476870188,1,0.00013473873752056775,8.611009454938826e-05,7.451481315103235e-05,5
2024-11-05,0.007200720072007227,,0.004227125529748647,1,0.00578986411912652,,0.0034274849200527286,1,6.010083880219064e-05,5.78551345454606e-05,7.619412394038445e-05,5
2024-11-06,0.01072386058981234,,0.004704736781304636,1,0.011944809224846642,,0.004161041853900684,1,1.122665532082845e-05,8.621820191715791e-05,7.98446842901118e-05,5
2024-11-07,0.002210433244915988,,0.004690391307024434,1,0.0015999146712175616,,0.004161566047649852,1,0.0002598672037745331,0.00010383788941136222,8.135199038897312e-05,5
2024-11-08,-0.006616674018526725,,0.005021848839477223,1,-0.0067444048062758055,,0.004556122066252466,1,0.0001594311610976007,7.834706987196584e-05,8.13536434160712e-05,5
2024-11-11,0.006216696269982336,,0.005101846810497896,1,0.00553937422940165,,0.004576097065232966,1,0.00011548961146399251,4.3178127578313926e-05,7.651297754515667e-05,5
2024-11-12,0.0061782877316858276,,0.005133100789743123,1,0.005686563716169379,,0.0046137873736293465,1,4.702370191260741e-05,6.525941284310017e-05,7.830422105498711e-05,5
2024-11-13,0.007456140350877272,,0.005296755426376714,1,0.0033573056738465112,,0.004607330496199516,1,5.648273718126262e-05,5.1688257318484734e-05,7.775098042539338e-05,5
2024-11-14,-0.006094906399651712,,0.0055463660302003245,1,-0.002641635700825984,,0.004646855985891825,1,0.00019197322063537747,0.00011814621191062703,7.622975653711073e-05,5
2024-11-15,0.0013140604467805073,,0.00554249236138923,1,-0.0037963731393356737,,0.004790960857718861,1,0.00016671897905502498,7.900379766119637e-05,7.69571766253946e-05,5
2024-11-18,-0.006999125109361293,,0.005813601033619839,1,-0.002570101740579256,,0.004831838331799976,1,4.6642589128986776e-05,7.405160297149629e-05,7.722569498403558e-05,5
2024-11-19,-0.0017621145374449032,,0.005772880437342812,1,-0.0010662306967818003,,0.004789492000421589,1,9.095976822326435e-05,6.947503098842078e-05,7.702219938261355e-05,5
2024-11-20,-0.0013239187996469948,,0.005754077481293962,1,0.00017789479301932865,,0.004773310343864313,1,9.718648329246627e-05,4.17821485857864e-05,7.683781296350672e-05,5
2024-11-21,0.0057445868316394755,,0.005850394883868838,1,0.004802305106451188,,0.004825478458923686,1,0.00021263500401738077,6.681330435774341e-05,6.824590431475204e-05,5
2024-11-22,0.0017574692442883233,,0.005537344137454305,1,0.0018586373533004963,,0.004662158031097495,1,0.0001557762894476067,7.526382981071849e-05,6.875772633248555e-05,5
2024-11-25,0.0017543859649122862,,0.005390333722428629,1,-0.0006183964097671302,,0.004637437742481397,1,0.00010747646394286825,2.8184116948083877e-05,6.772336405661243e-05,5
2024-11-26,-0.0039404553415061105,,0.005380393710004755,1,-0.001149161112387942,,0.004648534774677179,1,7.340362366887731e-05,5.1408987293391714e-05,6.826251170308044e-05,5
2024-11-27,-0.0008791208791208982,,0.005338114027051986,1,0.00035399483167553036,,0.004537683925361291,1,7.258830584127019e-05,5.3007524128338145e-05,6.790256651772822e-05,5
2024-11-28,-0.0004399472063352228,,0.005313909559873651,1,-0.000707739127357665,,0.004515150393476547,1,0.0003185988964415021,0.00014253669973216996,7.737041559420597e-05,5
2024-11-29,-0.0004401408450703803,,0.005313833178849159,1,-0.0006197103296858852,,0.004526342651620322,1,0.00022735904449082688,9.726084938471636e-05,8.063304489918325e-05,5
2024-12-02,0.009247027741083214,,0.005296499194135195,1,0.004606417093350856,,0.0042603674819765265,1,6.381918989064594e-05,0.00011209513120300593,8.197506456333698e-05,5
2024-12-03,-0.002617801047120394,,0.005200843150662092,1,0.0014990388515598863,,0.004127823942494091,1,0.00011707261197442253,0.00011949790753201067,8.051444252372657e-05,5
2024-12-04,0.007436570428696498,,0.004924437845490985,1,0.005282806226667658,,0.0034111409969524694,1,5.459804113283617e-05,7.35467096362741e-05,7.7693422208869e-05,5
2024-12-05,0.0017368649587494733,,0.004918991704220493,1,0.0036610145739910394,,0.0034690498694042045,1,0.0002307293650498643,0.00010666747615717101,7.540411662023564e-05,5
2024-12-06,0.004768097095795509,,0.004656766668649288,1,0.0030542611306001444,,0.0030010659843244004,1,0.00014853663986897915,9.164986279975555e-05,7.522171200572992e-05,5
2024-12-09,0.012079378774805916,,0.005132464990296735,1,0.01322383073496658,,0.003919107346366899,1,5.831408447176667e-05,9.971885545894246e-05,7.686094619670445e-05,5
2024-12-10,-0.008525149190110826,,0.005504184469841744,1,-0.007470119521912344,,0.0043035570022047255,1,0.0001012261773273071,2.1267640524472595e-05,7.482509135282461e-05,5
2024-12-11,0.005588993981083368,,0.005404084521554748,1,0.00406595498036233,,0.004326307540374226,1,6.446127722696815e-05,6.1031193754552996e-05,7.443497693951903e-05,5
2024-12-12,-0.00042753313381782565,,0.00515995074998798,1,-0.0004307968017644992,,0.004253374504838772,1,0.0002265580839364567,7.626421231798526e-05,7.632805405174894e-05,5
2024-12-13,0.0,,0.005166831839071551,1,0.00017239298705318262,,0.004097334541701449,1,0.00017426950244212592,7.072810539634404e-05,7.652861486403378e-05,5
2024-12-16,0.0008554319931566301,,0.004801374402187519,1,0.0016374510919212604,,0.003989006064830775,1,7.843778456755324e-05,5.056769485580539e-05,7.497416897398352e-05,5
2024-12-17,0.002136752136752129,,0.004739397452752357,1,0.003957874449339149,,0.003969304558381639,1,1.7248763884247786e-05,7.738511072010959e-05,7.88949803452421e-05,5
2024-12-18,-0.0008528784648187404,,0.004724592949983964,1,-0.0021425388228034636,,0.004054305475061395,1,9.916260682190093e-05,8.394787660863662e-05,7.885292933023624e-05,5
2024-12-19,0.011096884336321056,,0.005099526859192319,1,0.011319717608258673,,0.004544662042947581,1,0.000251210229170562,0.00010678311418017952,8.140804138168305e-05,5
2024-12-20,0.003799071338117299,,0.005114475741239458,1,-8.49242475711165e-05,,0.004570300997375671,1,0.0001084743825533252,0.00011956912972695289,8.1369330324426e-05,5
2024-12-23,-0.002943650126156383,,0.005238479137661529,1,0.00042465730155760717,,0.004544963760597856,1,0.00015309658602022936,3.839770068160274e-05,8.135365314212669e-05,5
2024-12-24,0.003374103753690516,,0.005062835554180987,1,0.0035656071719640803,,0.004493217868505807,1,0.00010872541136675018,4.391127440417958e-05,8.03933288370779e-05,5
2024-12-26,0.009667927700714563,,0.005265045834004583,1,0.005836970865901847,,0.004537313582983272,1,0.00017253842036919488,6.649056053457161e-05,7.949447983393525e-05,5
2024-12-27,0.0,,0.005251800427411055,1,0.0018502632419976628,,0.004476514685588724,1,0.0002699875795657114,5.437691680736194e-05,7.427716995503695e-05,5
2024-12-30,0.0024979184013322886,,0.005197234934054799,1,0.00411342992898045,,0.004418149428106642,1,9.927974725747468e-05,0.000138114499746023,7.148101124162974e-05,5
2025-01-02,0.0003602599062715317,0.00025749768835667936,,6,-0.001245847176079784,,,1,-0.004263786242183043,,,1
2025-01-03,1.3380234050304937e-05,0.00020631749224682294,,6,0.0,,,1,0.0010915014021595226,,,1
2025-01-06,0.0001353105381513009,0.00011181335854030473,,6,0.0,,,1,0.0015096618357488545,,,1
2025-01-07,0.0001374357235930749,8.705828605229405e-05,,6,-0.007900207900207845,,,1,-0.011640371151978024,,,1
2025-01-08,8.549258322373039e-05,6.426678740000135e-05,0.0001297529985672968,6,-0.0004191114836546994,,0.003385357891881443,1,0.0019487892087914904,,0.005812975856361698,1
2025-01-09,0.00022968816480047524,9.570829476331614e-05,0.00012093592358314034,6,0.004612159329140386,,0.0040329734620425575,1,0.004312823461759541,,0.005852918666195065,1
2025-01-10,0.00011903873713655273,7.391619884953462e-05,0.0001114929168158153,6,-0.0008347245409014992,,0.003681585882125035,1,0.0025260605244101786,,0.005522909652150017,1
2025-01-13,0.0001162526740875099,4.660816692244766e-05,0.00010409850322625631,6,0.005430242272347563,,0.004063450495726952,1,0.004619441971409843,,0.005441450229341214,1
2025-01-14,8.411892563631174e-05,1.883397408469178e-05,9.979209193378366e-05,6,-0.0008309098462816467,,0.003810034023617995,1,-0.004598200849413092,,0.005317029088867074,1
2025-01-15,5.9644010722559315e-05,9.480516511404961e-05,9.765079066328672e-05,6,-0.00540540540540535,,0.00396033636367866,1,-0.0020157564966152286,,0.005035826620107311,1
2025-01-16,0.00025188336650564896,7.785215000178097e-05,9.921741076757127e-05,6,-0.0008361204013378476,,0.0037574828581830324,1,-0.002272306475231911,,0.004802350090035111,1
2025-01-17,0.00014552365567666037,0.00010152108802569167,9.460033744316108e-05,6,-0.0008368200836820217,,0.003582922185264386,1,0.00025305351238280593,,0.004588909988922164,1
2025-01-20,0.00010038633790387941,8.269227523248187e-05,9.140807242474341e-05,6,-0.004606365159128933,,0.003598341156715072,1,-0.004300821372552277,,0.0045049618492810275,1
2025-01-21,1.1163170899627003e-05,6.856625348576994e-05,9.44699027070609e-05,6,-0.0113588557004628,,0.00443071237711437,1,-0.008028999254692026,,0.004719720487858593,1
2025-01-22,0.0001233311375972527,6.832718646650264e-05,9.10617089738534e-05,6,0.001276595744680753,,0.004339581387074214,1,-0.0011099347699873308,,0.004549094601115282,1
2025-01-23,0.00043904349058595155,0.00020305757183703422,0.00011683239280032797,6,0.00042498937526569414,,0.004220836841152427,1,0.0007692702189856515,,0.00443018367142258,1
2025-01-24,0.0003258528867250791,0.00019608338345025218,0.00012083188912636713,6,0.0,,0.00410105319923658,1,-0.005039117214990951,,0.004383073351529883,1
2025-01-31,0.0001330169360167869,0.0001514734415293104,0.00011741018660236888,6,0.014868309260832602,,0.005513423111976826,1,0.016206843270898164,,0.0059653423297361735,1
2025-02-03,8.637968084420262e-05,5.793413235856362e-05,0.00011532837138054557,6,0.006697362913352878,,0.005601737784822446,1,0.009629842374685449,,0.006250629356575432,1
2025-02-04,8.700487693310184e-05,5.311653721334139e-05,0.00011329675261314228,6,-0.0020790020790020236,,0.005471160825992153,1,-0.00175699871153423,,0.006096284880256874,1
2025-02-05,7.573688384162243e-05,3.743296980302555e-05,0.00010321230944817028,6,-0.008750000000000036,,0.005797681555983529,1,-0.012404452192570692,,0.006636218655405554,1
2025-02-06,0.00017551209492198497,9.675664997835181e-05,9.919961081210266e-05,6,-0.0021017234131988083,,0.005806659638982878,1,0.0023762645121867543,,0.006658767680404411,1
2025-02-07,0.000127899908132408,6.74980309339187e-05,9.925582084420741e-05,6,0.0004212299915753448,,0.005809837522027774,1,-0.0005079924139799186,,0.006642768477027747,1
2025-02-10,9.699341170610332e-05,6.778505957696538e-05,9.98437028071201e-05,6,0.005894736842105175,,0.005717096209239006,1,0.0032189204757224754,,0.006149959239179892,1
2025-02-11,0.00010521730370020392,7.651696520736515e-05,9.933462036104542e-05,6,0.0004185851820845965,,0.005716328560681849,1,0.0010132396649553677,,0.006139437212115967,1
2025-02-12,6.604090567656022e-05,3.7289632507459306e-05,9.870213069883793e-05,6,-0.0020920502092049986,,0.005635045667143428,1,8.435117079419463e-05,,0.006060642201130034,1
2025-02-13,0.00020717831077732285,0.00011992018282963518,9.984246647773064e-05,6,-0.0033542976939203717,,0.00567763290019446,1,-0.0037954825323459618,,0.006083097936219349,1
2025-02-14,0.00013668686774156077,7.956871427312286e-05,9.968129697827182e-05,6,-0.0016827934371056452,,0.005517620372057667,1,-0.0018626388512598124,,0.005974253186026578,1
2025-02-17,0.0001525762554098383,5.333461948665663e-05,9.876278426515873e-05,6,-0.002949852507374673,,0.005540630096616809,1,-0.0019509381467783804,,0.00591251172037501,1
2025-02-18,5.1435640928391514e-05,4.336793142374871e-05,9.915398540678517e-05,6,0.005494505494505475,,0.005599811097873928,1,0.002294708572011306,,0.005935733931590236,1
2025-02-19,2.8810239377137967e-06,8.588496537536367e-05,0.00010064112272788557,6,-0.0025220680958385477,,0.00562162593269956,1,-0.0036461689787334883,,0.005966907574870348,1
2025-02-20,0.00022971779232464998,0.00010537374166444489,0.00010294927191041213,6,-0.002949852507374673,,0.005651195552551582,1,-0.00040850368504363743,,0.005964767576415135,1
2025-02-21,0.00016028429976814676,9.93390707059051e-05,0.0001027081504121154,6,-0.0008453085376162184,,0.00556747714063649,1,-0.002554191428133512,,0.005918192450719781,1
2025-02-24,8.959171945386683e-05,9.017013259757475e-05,9.897162275662231e-05,6,-0.004653130287648022,,0.005040879427150216,1,-0.004267886713215097,,0.005718520513325974,1
2025-02-25,8.01436541966553e-05,5.804719274702652e-05,9.990430434363142e-05,6,0.0,,0.005032950495428887,1,0.0025717077854165993,,0.005746386825875669,1
2025-02-26,0.00015393184658888762,7.40452303297459e-05,7.151427477592789e-05,6,0.005524861878453136,,0.005181962935512501,1,0.0011115481300341123,,0.005749311970731687,1
2025-02-27,0.0002638054721278982,9.342245846019497e-05,6.331942439720608e-05,6,0.00591715976331364,,0.005332643874193151,1,0.006986437087902697,,0.005821229801181868,1
2025-02-28,0.00013208336059637263,0.00011674820297752017,6.331285002646024e-05,6,0.01092436974789912,,0.004824508635072727,1,0.014673203168733329,,0.005611376742631698,1
2025-03-04,0.00011812130450276441,8.591806930012812e-05,6.271372760376257e-05,6,0.0008312551953448821,,0.004592025524996157,1,-0.0010030761000401345,,0.0051929690093073765,1
2025-03-05,8.22711939617952e-05,1.84448517321081e-05,6.28759436499358e-05,6,-0.0016611295681062677,,0.004582662926452207,1,-0.0038489858758953277,,0.005251147421459439,1
2025-03-06,0.00017247403540066042,8.847031132525271e-05,6.257411627697794e-05,6,-0.008735440931780358,,0.004581185169520682,1,-0.008315693982461458,,0.004807592056073131,1
2025-03-07,0.00014356905318209842,0.00010559028293402401,6.176019495427532e-05,6,0.0025178346621905767,,0.004581111601374767,1,0.0027951415358031806,,0.004818890729997379,1
2025-03-10,4.9248799324626745e-05,5.891483026879639e-05,6.426345447356305e-05,6,0.0029300962745919534,,0.004618087892935615,1,0.004138793161700072,,0.004897915362328821,1
2025-03-11,0.00010872532450889594,4.9330702644120856e-05,6.405030811827105e-05,6,0.002086811352253859,,0.004457517636159309,1,0.004205851180161924,,0.004933062265868184,1
2025-03-12,7.568262722890129e-05,4.7432447579129564e-05,6.487287357610097e-05,6,-0.0016659725114535062,,0.004477938113811768,1,-0.0056960010721884835,,0.005114736122458569,1
2025-03-13,0.00013858792878670054,0.0001215439955374671,6.34853734617671e-05,6,0.0008343763037130802,,0.004448337330460444,1,0.0022746036292564664,,0.005138326720924522,1
2025-03-14,0.0001743548993845175,9.596308415164094e-05,6.171541051480103e-05,6,-0.0012505210504376585,,0.004381700044864972,1,0.000420266953568893,,0.005052186016584231,1
2025-03-17,8.003144761166887e-05,1.894164784982162e-05,6.248527042173184e-05,6,-0.004590984974958245,,0.004501332324983103,1,-0.0036967955504024763,,0.00511163828054833,1
2025-03-18,4.889564651537152e-05,5.573181855465536e-05,6.417820073045366e-05,6,0.0037735849056603765,,0.00449991153887734,1,0.003204533571705692,,0.005121910645270606,1
2025-03-19,3.6077310666552766e-05,0.00010338828637466012,6.509924131649694e-05,6,0.0025062656641603454,,0.00437669810550456,1,0.0013449673004826135,,0.005109387719903838,1
2025-03-20,0.00023462151278230703,9.25817644054641e-05,6.433289888382303e-05,6,0.002083333333333437,,0.00433311084548086,1,0.004281325028122396,,0.005077021293339986,1
2025-03-21,0.0001063669175294842,6.434672461381459e-05,5.988899820802029e-05,6,0.007900207900207956,,0.004529638183662743,1,0.0027584592751104253,,0.005083089429934719,1
2025-03-24,5.104075654482898e-05,4.279377539384866e-05,6.122299623837667e-05,6,0.0024752475247524774,,0.004510715161535221,1,0.003167669762091263,,0.0050291553729332064,1
2025-03-25,6.636154352505456e-05,8.716488300870609e-05,6.198558232481193e-05,6,-0.0008230452674896638,,0.004317948906456675,1,0.0014957371491250981,,0.004851989054773264,1
2025-03-26,3.521553550089873e-05,4.156558766785588e-05,6.412379600081003e-05,6,-0.0004118616144975773,,0.0043268483138419085,1,-0.0019083652777086568,,0.004909950394038005,1
2025-03-27,0.00024110246027712426,9.966099310057738e-05,6.972891011128235e-05,6,0.00041203131437983487,,0.0042301188647548005,1,-0.0004987862867024129,,0.004928434748325629,1
2025-03-28,0.00011823036954709358,8.869851833219247e-05,6.071576100302289e-05,6,0.0004118616144974663,,0.004090868747241108,1,0.001081242930334625,,0.00474579490885661,1
2025-03-31,9.876221144579829e-05,0.00010705985889529678,6.0553713151790715e-05,6,0.003705228489090162,,0.0034380542321286412,1,0.004469849287981331,,0.0036179278029444687,1
2025-04-01,6.0434792882387477e-05,2.048315592065495e-05,,6,-0.0003308519437551505,,,1,-0.0045118949958983245,,,1
2025-04-02,0.00011229008322614457,4.064024163558454e-05,,6,-0.0037067681615091663,,,1,0.0012360939431397266,,,1
2025-04-03,0.0002203610290365902,9.521251151712007e-05,,6,-8.304820117599476e-05,,,1,-0.0012345679012345512,,,1
2025-04-04,0.00017852911682651276,8.237765317040362e-05,6.435429870524061e-05,6,-0.022424876663178384,,0.010479072815210804,1,-0.021837659662134357,,0.010142510793068212,1
2025-04-07,5.63146315010384e-05,9.728350133865068e-05,6.573409571230504e-05,6,0.02327912864692183,,0.014685963309509033,1,0.018534119629317614,,0.013074566364743518,1
2025-04-08,9.555754155580558e-05,5.6080305980574006e-05,6.077930300284705e-05,6,0.004549907839457967,,0.013506800285991974,1,0.006617038875103454,,0.012250315212164473,1
2025-04-09,7.278996949392862e-05,6.582482513856895e-05,5.844540263696122e-05,6,0.008017191503429943,,0.012761003894317348,1,0.011914543960558799,,0.01205507609731246,1
2025-04-10,0.0002865793982074945,0.0001496255187832834,7.987479408254388e-05,6,-0.018350278779927898,,0.013683969937302608,1,-0.02111246447421844,,0.013620024041261933,1
2025-04-11,9.271169288390298e-05,4.7842374474307907e-05,7.628847789746218e-05,6,-0.0044269223701575156,,0.012960728513266804,1,-0.0037328909166320923,,0.012875836153956462,1
2025-04-14,6.052489673176916e-05,4.707709344200031e-05,7.513262573373074e-05,6,-0.017769648969729546,,0.013306079759366396,1,-0.015403830141548669,,0.012959896078350188,1
2025-04-15,8.021117690755937e-05,5.8923340618836445e-05,7.261387325184752e-05,6,0.0012812409245435141,,0.012732106105641553,1,-0.0021141649048626032,,0.012356960199201702,1
2025-04-16,-5.213196981472083e-06,0.00017471929389803548,7.745779300244561e-05,6,0.000682454104961483,,0.012214899252135064,1,-0.0012711864406779183,,0.011834521484917468,1
2025-04-17,0.0003049820212256786,0.00018439397002251366,9.108843591159715e-05,6,-0.00468867216804203,,0.01175919143654674,1,-0.0038184132371659185,,0.011377993607919646,1
2025-04-18,0.00014406234170235196,0.0003024680141199374,8.795159116204676e-05,6,0.0024838549428713996,,0.011393276478780722,1,0.004258943781942026,,0.011096474796586727,1
2025-04-21,7.820739863536226e-05,0.0002978179509665963,8.573461031084941e-05,6,-0.003588394108198667,,0.011016015746378848,1,-0.0004240882103477839,,0.010726717527060031,1
2025-04-22,8.636036753136474e-05,9.357179050780149e-05,8.343791879659609e-05,6,0.0015434215941829699,,0.010699101181565798,1,-0.002969876962240159,,0.010389812684631499,1
2025-04-23,5.984647403319462e-05,7.096294284927091e-05,8.213976029371376e-05,6,0.0015410431149618375,,0.010407891847108802,1,0.006808510638297793,,0.010286100693987861,1
2025-04-24,0.00017003741960686103,7.282743241002685e-05,8.079159425039692e-05,6,0.00878752649935044,,0.010387866943240783,1,0.0033812341504648735,,0.01005651155698546,1
2025-04-25,0.0001899360351400592,0.00011425673093708406,8.023840144016983e-05,6,0.002457377215876244,,0.010140081966796919,1,0.004633529907329459,,0.009873544995713338,1
2025-04-28,6.480418187767197e-05,3.648493003418325e-05,8.111417756193388e-05,6,0.0030430592889385544,,0.010105914225735951,1,0.0,,0.009817841545686911,1
2025-04-29,0.000132261595721291,6.964997848829485e-05,7.989732524626987e-05,6,-0.0024439163337883762,,0.010110858531104348,1,-0.002935010482180256,,0.009794901665240243,1
2025-04-30,0.00043015742015347264,0.00034489546478753773,0.00010508008053248663,6,-0.010543033825566872,,0.010320881967772817,1,-0.005466778805719108,,0.009829929070476735,1
2025-05-02,0.0002107522753719282,0.0001307381190286653,0.00010471441765695846,6,-0.010843208906799684,,0.01053063727304045,1,-0.0042283298097252064,,0.009851512075352193,1
2025-05-07,-7.833108712039054e-05,0.0003421983433446059,0.00011492566120619384,6,-0.004919985498990087,,0.00939902798682286,1,-0.01146496815286624,,0.008954357322109818,1
2025-05-08,0.00022389822953202318,8.991407987597542e-05,0.00011563638197674841,6,-0.0005204538357447275,,0.007473268099910788,1,-0.0030068728522336663,,0.007695769326528565,1
2025-05-09,0.00011107861257605063,5.716680471498717e-05,0.00011540955735299003,6,0.0014753870721377904,,0.007358165943633302,1,0.005170185264971927,,0.007616731904489107,1
2025-05-12,8.971603749959496e-05,6.686750826591359e-06,0.00011498459299369695,6,0.0017331923670207416,,0.007019018900718334,1,-0.001285897985426443,,0.0068752343292987255,1
2025-05-13,7.923577494051148e-05,5.8375378391400837e-05,0.000109992113494545,6,0.010727200373721768,,0.006595187379734744,1,0.007725321888411907,,0.005753848247639816,1
2025-05-14,8.974009857794692e-05,3.0746865515536764e-05,0.00011004181505408131,6,0.0023109711214202022,,0.006593735470517744,1,0.008091993185689983,,0.0060892432124541995,1
2025-05-15,0.00022647445934916485,9.21093834036813e-05,0.00011108752986323306,6,-0.01690804754747921,,0.006479280515683334,1,-0.022391212505280977,,0.007093882807996305,1
2025-05-16,0.00015471671463222295,7.185257727726913e-05,0.00011042156339947276,6,-0.0033007887147771253,,0.006482100216856222,1,0.0004321521175454368,,0.007096917888132926,1
2025-05-19,7.419026927979466e-05,2.2921760512130908e-05,0.00010634855926195705,6,0.0048804294777939905,,0.006607850671105348,1,0.00647948164146861,,0.007286843216460048,1
2025-05-20,5.094024012797238e-05,3.2345137878174965e-05,0.00010090282191319206,6,-0.0034690904044959447,,0.006576002229009831,1,-0.0042918454935622075,,0.007298777096092491,1
2025-05-21,4.513187914971054e-05,7.627350383989687e-05,0.00010255776794540796,6,-0.0026108751653554085,,0.00654159788502997,1,-0.00387931034482758,,0.007241779713661507,1
2025-05-22,0.00032614950905000367,0.00018892136805118812,0.00011128686040443854,6,-0.0048689400020941465,,0.006574117809420114,1,-0.004759844223280019,,0.007288971106122734,1
2025-05-23,2.6378472198940184e-05,0.00017181550073193646,0.00011350538675411463,6,-0.0036827245146695553,,0.00656752728501075,1,-0.003913043478260825,,0.007304074432619206,1
2025-05-26,5.580094902587115e-05,6.449952992597529e-05,0.00011364773463764064,6,-0.007920722369880173,,0.006687416887332302,1,-0.009166302924487169,,0.0072502911348565945,1
2025-05-27,8.170449339646908e-05,8.488003341146904e-05,0.00011387553466234099,6,0.0032822951226869623,,0.006331161442305868,1,0.004405286343612369,,0.007294103404320275,1
2025-05-28,8.962131279173964e-05,6.092374592920701e-05,0.00011326888122192601,6,0.005835750159156827,,0.006502086491933645,1,0.0030701754385964453,,0.007227429193124128,1
2025-05-29,0.00630465209111486,0.014889680323940559,0.0013858529402779249,6,0.00017581490207119188,,0.006417559725780776,1,0.004372540445999107,,0.007358313860816517,1
2025-05-30,-0.005699584983579993,0.014376659383660957,0.0019513327865525068,6,0.003164111939249148,,0.006522504307573408,1,-0.0008707009142359112,,0.0073568024837618136,1
2025-06-02,0.00013476790882390363,8.679494481404887e-05,0.0019501753848711301,6,-0.005344501296698723,,0.006253803943201209,1,-0.0008714596949891407,,0.007306160812174471,1
2025-06-04,0.000227124194526603,7.357412412005832e-05,0.001950214566302006,6,-0.0018497965223824853,,0.005860650136551026,1,-0.002180549498473572,,0.007280499487805544,1
2025-06-05,0.00015061958180336474,7.798741365620124e-05,0.0019495950420288781,6,-0.007854142398249109,,0.005996702554420614,1,-0.00874125874125875,,0.007106033606502763,1
2025-06-09,9.641870652647248e-05,9.390928037135387e-05,0.0019495219865560077,6,-0.0009784213616067516,,0.005994695466576494,1,-0.001322751322751281,,0.007094469169533366,1
2025-06-10,5.10682396788568e-05,7.209504617723353e-05,0.0019496081261300459,6,0.0062324156843192036,,0.0061998088415696545,1,0.0017660044150109577,,0.006973490024444568,1
2025-06-11,6.769565177833226e-05,8.223570130168694e-05,0.0019496399218183974,6,0.006282296312026592,,0.006386847406172961,1,0.004407227853679974,,0.007092142603106416,1
2025-06-12,0.00021047059807540366,8.328335978875946e-05,0.001949675101188776,6,-0.010199954276067014,,0.006108002166726386,1,-0.005704256252742401,,0.006845868751011971,1
2025-06-13,0.00014222860079193822,7.704970448699312e-05,0.0019496417578785744,6,0.008172982961107245,,0.006448872802939727,1,0.009267431597528741,,0.0069392487883584405,1
2025-06-16,3.525137405295068e-05,2.979902690672957e-05,0.0019496685232665704,6,-0.004405829793983407,,0.005402701525097447,1,-0.00961958898119808,,0.005337112193716281,1
2025-06-17,5.965907353640739e-05,3.200107328295169e-05,0.0019497242143055214,6,-0.001593117731400362,,0.005376575951662292,1,0.004856512141280245,,0.005491502002333503,1
2025-06-18,4.354963634334297e-05,3.861906099173259e-05,0.0019497795303243747,6,0.006382639221317987,,0.005470336152522813,1,0.0008787346221441616,,0.00523572855267194,1
2025-06-19,0.00023234440911949297,0.00012057101828242841,0.001949838901780625,6,0.008086253369272267,,0.005771368809670207,1,0.013169446883230851,,0.006067806396540207,1
2025-06-20,0.00011383247168091544,9.661722569623851e-05,0.0019497345175222911,6,-0.010031106916920107,,0.006160901021254059,1,-0.009098786828422911,,0.00633868637978818,1
2025-06-23,1.2299744426550832e-05,6.5148610609209e-05,0.0019493991340948258,6,0.011809772630984261,,0.006655312049936914,1,0.007870572802798348,,0.006518853218946578,1
2025-06-24,4.319264314023297e-05,4.766317938165743e-05,0.0019493594436829902,6,-0.01551023256625439,,0.007497935124857967,1,-0.016052060737527074,,0.0074180737216439285,1
2025-06-25,0.00011077074739003952,8.112934645949315e-05,0.0019492990017634746,6,0.00150634436804431,,0.007287891830444358,1,0.001322751322751392,,0.007136959363255528,1
2025-06-26,0.00018182523123507396,0.00010978115875296025,0.0019493094837780217,6,-0.004246810468387818,,0.007312438695265728,1,0.0008806693086746975,,0.007066829844823916,1
2025-06-27,0.00011491417991471575,5.331399321190819e-05,0.0019492898466363414,6,0.0007108204645212002,,0.0071776780075263865,1,-0.0004399472063352228,,0.007026643740846973,1
2025-06-30,1.2677699911737653e-05,7.99280527234059e-05,0.0013002773531057775,6,-0.004883419459094651,,0.007242410929091437,1,-0.005281690140845119,,0.007019969385502694,1
2025-07-01,-0.0004424778761061843,,,1,0.00446125843177847,,,1,9.208240003610868e-05,7.059501990889819e-05,,6
2025-07-02,0.008410801239486565,,,1,0.0021318931210916325,,,1,0.00011512987692600489,7.50586923504578e-05,,6
2025-07-03,0.0004389815627743321,,,1,0.00035455963693098447,,,1,0.0001092224760583053,6.645077261397234e-05,,6
2025-07-04,-0.0021939447125932654,,0.005090827813194663,1,0.0011519103990926816,,0.0034525135613082763,1,0.00011978018855873795,9.505096803816865e-05,4.4358491754675356e-05,6
2025-07-07,0.0030782761653473933,,0.004703946268061532,1,0.004425327031667647,,0.003452522231884945,1,3.484315981820233e-05,6.38465468730772e-05,4.557546581518922e-05,6
2025-07-08,0.003507233669443277,,0.004426127252728639,1,0.0016742153217137457,,0.0031553426130207876,1,0.00011057338063339787,4.2186648905727125e-05,4.3117113897052563e-05,6
2025-07-09,0.001747487986020202,,0.004104712285821236,1,0.004486435131426214,,0.0031270772980748728,1,5.121941372134472e-05,7.926974068743058e-05,4.165706000057445e-05,6
2025-07-10,0.0026166593981682418,,0.003870266491195619,1,-0.0026272923125426617,,0.003265159395455591,1,0.00017714495068547423,8.012473311079769e-05,5.0518337255401116e-05,6
2025-07-11,0.00043497172683770735,,0.003659643033602383,1,0.0032488628979856493,,0.003143178244729899,1,0.0001198468914966518,8.262601627899919e-05,4.847072872906629e-05,6
2025-07-14,0.0047826086956521685,,0.00363318071285171,1,0.0034834056854782247,,0.00304472037842888,1,4.898036993531788e-05,4.120070579279141e-05,4.796655912198349e-05,6
2025-07-15,0.0008654262224145892,,0.003469807526999415,1,0.0007849704327804741,,0.002913207809868938,1,5.8384454417378016e-05,4.612772594541406e-05,4.664379588703167e-05,6
2025-07-16,0.006485084306095956,,0.003598634160754812,1,0.004096074740291389,,0.002876664566734894,1,4.95821154545828e-05,4.211768171272158e-05,4.5878989370160136e-05,6
2025-07-17,-0.0017182130584192379,,0.0035887559160491965,1,0.0039057753398024087,,0.002823064948975835,1,0.0001751868490459015,7.067203792805735e-05,5.0293539150825454e-05,6
2025-07-18,0.001721170395869276,,0.0034583033842945396,1,0.0018156038179555356,,0.0027204751633619476,1,0.00014880886629601667,9.71752401284708e-05,5.070696938762791e-05,6
2025-07-21,0.0,,0.0033658025290410976,1,-0.002761620380758445,,0.002875087360294463,1,2.5964224379393386e-05,6.669421223906398e-05,5.19304462652552e-05,6
2025-07-22,-0.0012886597938144284,,0.00332976858849188,1,-0.00043269813247481803,,0.002827500936028739,1,6.528063375551192e-05,2.408398952694747e-05,5.065472260808205e-05,6
2025-07-23,-0.004731182795698952,,0.0035352726167193617,1,-0.005627510735558894,,0.0032153044161385477,1,9.639441338926691e-05,4.938123741924378e-05,4.9172362369338484e-05,6
2025-07-24,-0.009334485738980103,,0.004177453536763989,1,-0.008950493670224824,,0.003882484637946934,1,0.00017665363517079444,6.601460578031456e-05,5.180074064988858e-05,6
2025-07-25,0.005060198918164449,,0.004193098916954245,1,0.007537820884507829,,0.004087941258484345,1,8.759897349778593e-05,7.764477203219457e-05,5.044004142057405e-05,6
2025-07-28,0.0056423611111111605,,0.004081835208493948,1,0.0024414914024624146,,0.003863173346212833,1,7.847529985427482e-05,3.52220260011831e-05,4.689380756354278e-05,6
2025-07-29,0.0038843331894691246,,0.004101795187664251,1,0.0075675863748652095,,0.004055463726521506,1,9.514071960218622e-05,5.959201770163617e-05,4.688171484137603e-05,6
2025-07-30,-0.003009458297506429,,0.003873322129079652,1,-0.005438817618315883,,0.004330987748563321,1,3.9078552697506076e-05,5.216725462076399e-05,4.841109288054561e-05,6
2025-07-31,0.0034497628288054916,,0.003912790978760914,1,0.0029512864136662653,,0.004347718897846693,1,0.0001595712397359413,7.986353303789032e-05,5.053907986361757e-05,6
2025-08-01,0.00687580575848723,,0.004040537247806815,1,0.009952918368759889,,0.004769003464779956,1,0.00015723401235634427,5.625330412352525e-05,5.213814019545321e-05,6
2025-08-04,-0.0059752454118651155,,0.0043501102429377575,1,-0.0113973297684542,,0.005531720294464755,1,4.907096577995892e-05,4.123985370408796e-05,5.132467087534168e-05,6
2025-08-05,-0.0012881064834693312,,0.004339732641740891,1,0.003293921847369985,,0.00555644609163519,1,6.603730151177878e-05,3.750807342167098e-05,5.173818102547212e-05,6
2025-08-06,0.0017196904557179593,,0.004339421378101897,1,0.0008639756704451607,,0.005492627226264672,1,6.42769092815687e-05,4.510152931202947e-05,5.1219390989559575e-05,6
2025-08-07,-0.0051502145922747156,,0.00451325095858226,1,-0.006474223956355107,,0.005680720536638866,1,0.00014338953717596414,0.00017081239180406925,4.894279641622588e-05,6
2025-08-08,0.003451251078516071,,0.004563844268704967,1,0.006168870662241366,,0.005790387874575993,1,0.0001635477237256581,0.00015086619953340782,5.102982894194285e-05,6
2025-08-11,0.0017196904557179593,,0.004465448415484519,1,-0.00034541121204789693,,0.005756332623652116,1,4.181572440013307e-05,3.686246266039111e-05,5.1411590172854095e-05,6
2025-08-12,-0.0008583690987123971,,0.004473006918537916,1,0.0007774437649010757,,0.005756313093996801,1,8.132417378259316e-05,5.659514184363736e-05,5.075468200073843e-05,6
2025-08-13,0.0,,0.0042321139683408025,1,-0.005006301034060079,,0.0058163211130521485,1,0.00021156122031303534,9.938408578608618e-05,5.5304386330993784e-05,6
2025-08-14,-0.0008591065292096189,,0.004218001870577051,1,0.00026024949251346463,,0.005745558690494286,1,0.00017667673496838768,0.00010586104470106304,5.540294616721755e-05,6
2025-08-18,0.0017196904557179593,,0.004217971050013474,1,0.0022549087629224474,,0.005754262233286375,1,1.2710241129106533e-05,0.00014085486577486547,5.8206533529689935e-05,6
2025-08-19,0.0038626609442060644,,0.00430306740977037,1,0.004326606901803309,,0.005800978067876634,1,5.5788837355963405e-05,8.422172233324242e-05,5.6580318007744605e-05,6
2025-08-20,0.0029927319367251126,,0.004329195948601775,1,0.005944995864350711,,0.005935994454164949,1,0.00010784424656444062,9.352646490647105e-05,5.5959937926256766e-05,6
2025-08-21,0.002557544757033181,,0.00417330018255331,1,-0.0005995511931068398,,0.005764360118203766,1,0.00012730402611064542,8.538536343811986e-05,5.618817423229985e-05,6
2025-08-22,-0.0012755102040816757,,0.0034708829085813545,1,-0.003342360563573399,,0.005388929655019412,1,0.00013068739675714536,9.07581637439452e-05,5.398954021547519e-05,6
2025-08-25,-0.005959982971477262,,0.0036974974924864684,1,-0.005761260254183331,,0.005371515723406149,1,6.450001076185874e-05,3.651514448309352e-05,5.4568073536680194e-05,6
2025-08-26,0.00471092077087798,,0.0036370087738632766,1,0.008475748979450692,,0.005653014843117317,1,8.140115959317147e-05,5.649882865103511e-05,5.450754511606442e-05,6
2025-08-27,-0.0004262574595055302,,0.003560832278674221,1,0.00025728105382327726,,0.00541868674346711,1,6.436073824371095e-05,3.626530764059839e-05,5.512602409168682e-05,6
2025-08-28,-0.0051172707889125535,,0.003696079053708552,1,-0.006430371932712564,,0.0054787204959230295,1,0.00011848043777355303,7.583829762829464e-05,5.334495889579892e-05,6
2025-08-29,0.005572224603514808,,0.0038194608395092007,1,0.0022436229332780666,,0.005463017420789091,1,0.00013630684758817827,7.118659852690673e-05,5.231025481789965e-05,6
2025-09-01,0.0004262574595055302,,0.0035044157070950187,1,0.0024969003995041206,,0.005002708292757946,1,3.970470065432311e-05,4.402936394140441e-05,5.2464737539802104e-05,6
2025-09-02,0.0,,0.0032016432954838294,1,-0.0012882834910764585,,0.00425613879466398,1,7.981308427973399e-05,4.473542826089822e-05,5.143173317703309e-05,6
2025-09-03,-0.0012782275244993535,,0.003201371539889556,1,0.0009459598913006406,,0.004204350435235207,1,5.811691730258269e-05,3.572213898947531e-05,5.172351334552379e-05,6
2025-09-04,0.0,,0.0031868504478840738,1,0.0006014055707339594,,0.004202868369340465,1,0.00017485645588351714,4.6438702223823894e-05,5.379967530647574e-05,6
2025-09-05,0.0012798634812287712,,0.002920847856449947,1,-0.0014596785272702473,,0.003919013208062374,1,8.053767527201512e-05,6.139357600277313e-05,5.317966918842457e-05,6
2025-09-08,-0.0015338730293992242,,0.0028794661880174022,1,-0.00034395583607060853,,0.0036893097329745357,1,6.493383038497225e-05,3.703117641371569e-05,5.1560348646415436e-05,6
2025-09-09,-0.0018776137236493629,,0.0029034108602911304,1,-0.001376296729574844,,0.0037045067933832374,1,5.834693377099187e-05,8.105646331379601e-05,5.078215339278895e-05,6
2025-09-10,0.0008550662676356513,,0.0028959072005184075,1,-0.0011197822454218631,,0.003711847160679613,1,8.791684906990967e-05,5.0902813144693846e-05,5.070141405419934e-05,6
2025-09-11,0.0021358393848782686,,0.002924186348224886,1,0.004570383912248621,,0.0036417460025999163,1,0.00018332637473587413,7.480933339104172e-05,4.763188214097093e-05,6
2025-09-12,-0.002557544757033292,,0.0029863497672692153,1,-0.0024893985956357945,,0.0037039486834788493,1,0.00010393514026080242,9.663073969591452e-05,4.369607570483099e-05,6
2025-09-15,-0.00042735042735042583,,0.0029713457721497636,1,0.00043027778733950584,,0.003678116334046216,1,7.917684950268604e-05,3.694446235701348e-05,3.973262069267925e-05,6
2025-09-16,-0.0034202650705429383,,0.0029446126050007965,1,-0.006967502193472863,,0.0038889879804717958,1,5.640070803658581e-05,4.446014832647395e-05,3.970117059695837e-05,6
2025-09-17,-0.0008580008580008069,,0.0028515458977897475,1,0.0012993312775024801,,0.0036288699194718167,1,3.868780596892144e-05,5.0981406701287026e-05,4.148573592962906e-05,6
2025-09-18,0.0025762129669386624,,0.002852553952854054,1,0.005709638908593773,,0.003884346214174468,1,0.00020501191817934306,9.522277532470617e-05,4.8128519233314036e-05,6
2025-09-19,0.006852248394004334,,0.003264317923787395,1,0.004300927279921485,,0.003932271820477493,1,6.499265946417292e-05,6.870676762817957e-05,4.782892034684691e-05,6
2025-09-22,-0.002126754572522316,,0.0029943951741531745,1,-0.000856501704438406,,0.003685838054744793,1,7.277442417967055e-05,2.3832144457235187e-05,4.761345953327623e-05,6
2025-09-23,0.004262574595055524,,0.002960644654391183,1,0.0003428943713887911,,0.003165721513962399,1,5.680301236051418e-05,3.4249153672104986e-05,4.8227731134219056e-05,6
2025-09-24,-0.0012733446519525016,,0.0029763466178754916,1,0.002827908889917241,,0.0032264669836023856,1,0.00011051403459746052,5.8128496729375395e-05,4.797823832363821e-05,6
2025-09-25,0.004674883127921747,,0.002863292179725071,1,0.002649029258955382,,0.0028673898389435437,1,0.00013244891774534992,9.471702207122302e-05,4.845978603275955e-05,6
2025-09-26,0.007360406091370564,,0.003046666111708784,1,0.008761313856171293,,0.0033846496427709753,1,2.8516609437885993e-05,0.00014947229300376125,4.951638410647838e-05,6
2025-09-29,-0.0056269421348786874,,0.00336493086436219,1,-0.009107652793971077,,0.004037531335213678,1,8.616348783670642e-05,7.323693581751711e-05,4.8161171030869956e-05,6
2025-09-30,-0.0008445945945946276,,0.003376167974798664,1,0.0026261041574298094,,0.004047700816623304,1,3.3731300070394266e-05,5.57844629727946e-05,4.980696189572921e-05,6
2025-10-01,0.00037250928065184804,0.0002233742005250812,,7,0.006988817891373733,,,1,0.002453430538543633,0.002507559249484543,,2
2025-10-02,0.0003759003881684502,0.00018618611777130104,,7,-0.0009914733293674427,,,1,-0.0018530364492020945,0.00023975836494719862,,2
2025-10-10,0.00013332730607440446,0.00010017536687145917,,7,-0.024513695911075772,,,1,0.011909606661914318,0.0037260753362331855,,2
2025-10-13,8.73180158437657e-05,6.637309490855509e-05,0.0001600829751838193,7,0.010479194221182153,,0.014154517177976065,1,0.006483323179278133,0.003827311038890988,0.005362914380586598,2
2025-10-14,5.6324527055126185e-05,6.683511994959765e-05,0.00015510253840455882,7,0.006041079339508704,,0.012923886445754174,1,0.0023831025486654722,0.0033702159448485997,0.004840661195895054,2
2025-10-15,6.989731200054575e-05,5.167197097367953e-05,0.00014737041787440483,7,-0.0030024019215372233,,0.011882293624369662,1,-0.007095615455558868,0.0005016437116806216,0.006017520421924182,2
2025-10-16,0.00017284272863874302,6.007591074314018e-05,0.00013648662502117515,7,-0.0035133507327845814,,0.011079123539140522,1,0.0007883060603991465,0.003603143733372205,0.005592436141903558,2
2025-10-17,7.168772184955914e-05,9.265768079136251e-05,0.00013131739639926464,7,0.00997280145058932,,0.010910469702181772,1,0.0015467094296121031,0.0004240188958328901,0.005233378644553026,2
2025-10-20,6.807089055294036e-05,3.475755226945376e-05,0.00012672911316498472,7,-0.00588469978057049,,0.010506367110224096,1,-0.0006264487873673397,0.0002988781734798835,0.005000643775768587,2
2025-10-21,2.9698146919649687e-05,4.727603051677718e-05,0.00012515746024393718,7,0.0,,0.009967398719863022,1,0.004266392661490537,0.003097100409195366,0.004807302951001115,2
2025-10-22,7.630502020267953e-05,5.9193431126081186e-05,0.00012051309185694842,7,0.0,,0.009503687763509131,1,0.0025313874029226913,0.001694807011105831,0.004586953476073173,2
2025-10-23,0.0001514002032823671,7.265551566627319e-05,0.00011553894819818133,7,0.0025082773151399174,,0.009122224148294233,1,0.007160426059840241,0.0003838860427868677,0.004621322627148951,2
2025-10-24,0.00011538737377324106,0.00012665505774709607,0.00011108865043020512,7,-0.005504403522818224,,0.008902794111345634,1,-0.0014014077066248354,0.0008226983405549215,0.004553124852855231,2
2025-10-27,8.25818394709632e-05,6.106989106123225e-05,0.00010775299978704564,7,-0.0034215558015497916,,0.008622465291342947,1,-0.003205517703426475,0.00010728291317096942,0.004596585524529307,2
2025-10-28,5.165889977024448e-05,5.464724513873842e-05,0.00010579286092690169,7,0.009492073109158783,,0.008681931992293373,1,0.0029704194651620774,0.0007089221543764652,0.004451213694934298,2
2025-10-29,6.815211369873683e-05,8.136199020963808e-05,0.00010327380770553475,7,-0.005001500450135032,,0.008504659196551377,1,-0.002180074091409856,0.0013414480288565169,0.004417985022904843,2
2025-10-30,6.41898487726714e-05,0.0001195742796854422,0.0001010249736261744,7,-0.008444757213230125,,0.008487689362433729,1,-0.006017723743438952,0.0036961823658253953,0.004646013765293465,2
2025-10-31,4.382721044851997e-05,0.00013585437168352047,9.956952146292119e-05,7,-0.007502788198316956,,0.008405098666510947,1,0.0011575271469896897,0.003639925687423788,0.004515114305725764,2
2025-11-03,0.00011527877676477592,8.424841497357812e-05,9.69161249421789e-05,7,0.0005107774032075962,,0.008186456093982102,1,0.0011680098780263437,0.0016518154104905997,0.004394689570236077,2
2025-11-04,2.562256682812704e-05,0.00010379816100648811,9.764173477821705e-05,7,0.011639779456810384,,0.008504222342455812,1,0.007827712286296196,2.8686486714205674e-05,0.004638753086026828,2
2025-11-05,4.431666962713608e-05,5.049908198976803e-05,7.684964218591792e-05,7,0.005450141299959688,,0.008439552312274987,1,0.0061755674340768785,0.0017784225532125584,0.004751745129118756,2
2025-11-06,0.00010272898469697113,7.777377696615097e-05,3.9562426503839914e-05,7,-0.0005019072475406228,,0.008439019214455924,1,-8.301711269226297e-05,0.0006941631282986909,0.004698280723351776,2
2025-11-07,0.00014295349041207724,7.248509550769353e-05,4.027782579248811e-05,7,0.008436275986742903,,0.006513072563751146,1,0.006420617376174165,0.0004322630080696459,0.004210950911827218,2
2025-11-10,3.0301196853305917e-05,9.509333361996627e-05,4.186889473594911e-05,7,-0.007369783886067127,,0.006379985218011291,1,-0.0019962519351421903,0.0028231265605916218,0.004109897188244359,2
2025-11-11,6.225954789267669e-05,3.4168782343783454e-05,4.171928284937366e-05,7,0.007424500852814209,,0.006453774094695805,1,0.006198052347535343,0.0030351688701947452,0.0042589225487792625,2
2025-11-12,3.4032216365855105e-05,6.840988135256115e-05,4.290580528926567e-05,7,-0.001991833482720806,,0.006430766452997814,1,0.002830097131243603,0.0011340071247664656,0.003783279343659061,2
2025-11-13,0.00013863453302146285,7.624076039499948e-05,3.945497950225224e-05,7,-0.004390779363336983,,0.006461178851700673,1,0.0013695701495236579,0.0009063471461649758,0.0037775164143085105,2
2025-11-14,7.409885135391457e-05,0.00010247591008889901,3.9444938815190536e-05,7,-0.002004610604390056,,0.006057058011318284,1,-0.00668599063930142,0.0007596070914272242,0.004228812412266141,2
2025-11-17,3.0044207649737587e-05,4.0033391472524794e-05,4.074608231257568e-05,7,0.0015064778547755342,,0.005924194970785102,1,0.0009712208531739153,0.0009130078210247822,0.00420365279541734,2
2025-11-18,0.00010053454143269367,0.00013020864523946796,3.974296823631053e-05,7,0.0005014039310067275,,0.005925069994147744,1,0.005471390423224309,0.00031851506180016645,0.004254116715314722,2
2025-11-19,9.963664747814072e-06,9.405760411678638e-05,4.253717708892497e-05,7,-0.001002305302195028,,0.005929901508375469,1,-0.001443942325727532,0.0024997911816727492,0.004297714625863778,2
2025-11-20,0.000148916058315748,0.00011863773363180543,4.2303485042905144e-05,7,-0.010936089094010226,,0.006377709091505004,1,0.002653611619357843,0.0013732522586163093,0.004089313808372846,2
2025-11-21,9.486504031973122e-05,4.280081267417685e-05,4.149492076578656e-05,7,0.0069993913572732325,,0.00648925285430375,1,0.004228493870568895,0.0008724805144567641,0.004101093432601031,2
2025-11-24,7.339274665655157e-05,5.9769402891456264e-05,4.1436964934255885e-05,7,0.004029414727510838,,0.00649819116897866,1,0.0017600957816635843,0.002034522604517708,0.003955881149686009,2
2025-11-25,0.00011186768351834075,7.035292049863931e-05,4.200431047727374e-05,7,-0.0030099327781679674,,0.006164434242147619,1,-0.0012437277412972736,0.0011952403772376044,0.003993329248120036,2
2025-11-26,2.133326075499336e-05,0.00012071741278427779,4.37224025857836e-05,7,0.0,,0.006063561986192401,1,-0.004439214582895479,7.530640637529843e-05,0.004130391289233008,2
2025-11-27,0.00015221042347907904,9.210989497035285e-05,4.704419876803394e-05,7,-0.0019120458891013214,,0.005754659568224094,1,-0.0007200877203067946,0.0012471024319433105,0.0037912662942895486,2
2025-11-28,0.00011456865455313927,8.35872579918036e-05,4.701017960117028e-05,7,-0.0005041338979633325,,0.005460898423010019,1,0.0023774338828757013,0.0005258302829799263,0.003793907190556905,2
2025-12-01,3.149230029664274e-05,8.29569867386888e-05,4.756189144513002e-05,7,0.007969333198829753,,0.005700747863405736,1,0.0018446335166674155,0.001354262612445165,0.0037924747555760125,2
2025-12-02,5.112574277945013e-05,3.975343324960937e-05,4.643461902983812e-05,7,-0.0020016012810247785,,0.005152551749380926,1,-0.002757761949513826,0.0028746113970961685,0.003623625287874419,2
2025-12-03,5.009617732189474e-05,8.20668568171239e-05,4.622833384164816e-05,7,0.0015042117930204046,,0.00502021009754884,1,0.0008022462896108973,0.0011345475831312248,0.0034248805692754765,2
2025-12-04,0.0001477153680918037,9.976434312981216e-05,4.849431508743607e-05,7,0.004405727445679464,,0.00510651971568936,1,0.0031767702796206,0.0010944412358340453,0.0034541861449346152,2
2025-12-05,0.00015732610020223272,0.00010349631115014715,4.955528556294972e-05,7,0.0019938191606021505,,0.0047634266801304575,1,-0.001366253204153789,0.0024971812269998727,0.003248621712012605,2
2025-12-08,4.352299568147596e-05,6.814714307588877e-05,4.891704957302051e-05,7,-0.005870062680330301,,0.004650773920976785,1,-0.0014432076646430092,0.00021812324378364954,0.00322718072471403,2
2025-12-09,5.7903793744104194e-05,4.312474901045851e-05,4.902102383008025e-05,7,-0.0015012009607686672,,0.004331833834029017,1,0.001613293538759386,0.0022815416026024083,0.002966858615314589,2
2025-12-10,8.960715723202053e-05,5.057060003881399e-05,4.770547421454659e-05,7,-0.005412448631853306,,0.004467115063302961,1,-0.0005608104848436324,0.00033826505631161247,0.0029202042385487554,2
2025-12-11,0.00017821891340205224,0.00012997825124905658,5.077208101620038e-05,7,0.005945782525445864,,0.004587386060687017,1,0.004287464396032226,0.0035609614084408615,0.0030475952566027236,2
2025-12-12,0.00011166917149182545,0.00010757403193691157,5.096661784071886e-05,7,0.00250450811460623,,0.004592668344510604,1,-7.837359623874551e-05,0.00045147455288279645,0.0025542133731241623,2
2025-12-15,0.00011447091667683904,6.796708849410768e-05,4.931185847758409e-05,7,0.0023983211751774647,,0.004609700726716659,1,-0.0018756099252438263,0.0007226983720442369,0.0026201016541356754,2
2025-12-16,0.00012098866950270372,0.00013267331311937842,4.968615623036178e-05,7,0.004486093111354839,,0.004703781898113486,1,0.0044420189610752114,0.00048460860969965863,0.0025281665023965325,2
2025-12-17,5.2561601234076983e-05,9.340344330281695e-05,4.671556090562503e-05,7,0.0,,0.004692210053421324,1,0.0027080188463474153,0.0006598498850100189,0.002525172802737368,2
2025-12-18,0.00020292614947990475,9.682039214829471e-05,5.1263487481774606e-05,7,-0.00545851528384278,,0.004109955133207575,1,-0.0014681572774699614,0.0007208116756291591,0.002531580388101205,2
2025-12-19,0.00014861116570956994,7.796684625202769e-05,5.243651884537891e-05,7,0.0004989522003790992,,0.003844727343200471,1,-0.001550525697639915,0.000609868340475657,0.002418635269710982,2
2025-12-22,1.4240513012179054e-05,0.00013658219294001466,5.56780927585493e-05,7,-0.00787951326550973,,0.004177658925386813,1,0.0030662215877919063,0.0012801238992078546,0.0024777448155090774,2
2025-12-23,0.00020176536152164255,0.00011805320840026168,6.024503686391437e-05,7,0.010958077812405653,,0.00478727617024937,1,0.002822078528325611,7.508227606628276e-05,0.0025075182333490443,2
2025-12-24,0.00023360986095753513,5.4163253242506836e-05,6.367940153952331e-05,7,-0.0191925218774861,,0.006523838949585643,1,-0.022037104491879955,0.00048203755849259467,0.00556802518573014,2
2025-12-26,0.00017083773510912742,0.00011253685117792297,6.440390687602896e-05,7,-0.009936124911284594,,0.006862673998457708,1,-0.008701938742261328,0.003090280124687017,0.005874623935937519,2
2025-12-29,0.0001716725934303958,8.72394857691761e-05,6.565317665015321e-05,7,-0.008192524321556593,,0.007060395666641987,1,-0.005808895660857738,0.0018732541723042084,0.005931271506047202,2
2025-12-30,0.00022254101405001187,5.3286073470086126e-05,6.637248982654602e-05,7,0.00929272070211673,,0.007155807381635046,1,0.007604790204509437,0.0008276232120369362,0.0062170117872752916,2
