date,DXY,UUP
2019-01-02,115.7689,21.670427322387695
2019-01-03,115.4622,21.55210304260254
2019-01-04,114.9821,21.518295288085938
2019-01-07,114.5628,21.425325393676758
2019-01-08,114.7281,21.492938995361328
2019-01-09,114.1406,21.290098190307617
2019-01-10,114.0496,21.416873931884766
2019-01-11,114.0404,21.43377685546875
2019-01-14,114.0404,21.43377685546875
2019-01-15,114.3402,21.509843826293945
2019-01-16,114.137,21.535198211669922
2019-01-17,114.4115,21.535198211669922
2019-01-18,114.558,21.602813720703125
2019-01-21,114.558,21.602813720703125
2019-01-22,114.7541,21.602813720703125
2019-01-23,114.5759,21.55210304260254
2019-01-24,114.617,21.678878784179688
2019-01-25,114.0197,21.501392364501953
2019-01-28,114.0522,21.518295288085938
2019-01-29,114.026,21.526748657226562
2019-01-30,114.0731,21.416873931884766
2019-01-31,113.5504,21.459131240844727
2019-02-01,113.7548,21.459131240844727
2019-02-04,113.8766,21.518295288085938
2019-02-05,114.0431,21.57745933532715
2019-02-06,114.2305,21.66197395324707
2019-02-07,114.4339,21.71268653869629
2019-02-08,114.5003,21.7380428314209
2019-02-11,115.031,21.822561264038086
2019-02-12,114.7297,21.74649429321289
2019-02-13,114.9407,21.864818572998047
2019-02-14,115.1007,21.83946418762207
2019-02-15,114.9923,21.79720687866211
2019-02-18,114.9923,21.79720687866211
2019-02-19,114.57,21.71268653869629
2019-02-20,114.57,21.729591369628906
2019-02-21,114.5091,21.74649429321289
2019-02-22,114.2716,21.7380428314209
2019-02-25,114.1457,21.721139907836914
2019-02-26,114.0687,21.636621475219727
2019-02-27,114.0363,21.653526306152344
2019-02-28,114.1991,21.670427322387695
2019-03-01,114.537,21.754945755004883
2019-03-04,114.6925,21.780302047729492
2019-03-05,114.804,21.83946418762207
2019-03-06,114.9714,21.83946418762207
2019-03-07,115.4919,22.033855438232422
2019-03-08,115.3599,21.96624183654785
2019-03-11,115.2967,21.915529251098633
2019-03-12,114.939,21.873271942138672
2019-03-13,114.7372,21.7718505859375
2019-03-14,114.79,21.83946418762207
2019-03-15,114.5815,21.80565643310547
2019-03-18,114.4375,21.780302047729492
2019-03-19,114.2324,21.754945755004883
2019-03-20,114.1509,21.628170013427734
2019-03-21,114.1684,21.763395309448242
2019-03-22,114.6856,21.80565643310547
2019-03-25,114.4171,21.80565643310547
2019-03-26,114.6414,21.873271942138672
2019-03-27,115.1243,21.89862823486328
2019-03-28,115.2581,21.974693298339844
2019-03-29,115.1371,22.000049591064453
2019-04-01,114.9362,21.983144760131836
2019-04-02,115.1173,22.008502960205078
2019-04-03,114.7211,21.974693298339844
2019-04-04,114.9697,22.000049591064453
2019-04-05,114.9726,22.025402069091797
2019-04-08,114.6893,21.949337005615234
2019-04-09,114.5321,21.957792282104492
2019-04-10,114.4269,21.923982620239258
2019-04-11,114.6303,21.99159812927246
2019-04-12,114.3531,21.940885543823242
2019-04-15,114.495,21.93243408203125
2019-04-16,114.6756,21.983144760131836
2019-04-17,114.5141,21.96624183654785
2019-04-18,114.7073,22.084566116333008
2019-04-19,114.6977,22.084566116333008
2019-04-22,114.7694,22.033855438232422
2019-04-23,115.1578,22.109922409057617
2019-04-24,115.4187,22.219797134399414
2019-04-25,115.7709,22.262056350708008
2019-04-26,115.4767,22.2367000579834
2019-04-29,115.5227,22.185989379882812
2019-04-30,115.3281,22.11837387084961
2019-05-01,115.0022,22.14373016357422
2019-05-02,115.5617,22.194438934326172
2019-05-03,115.2646,22.109922409057617
2019-05-06,115.3811,22.126829147338867
2019-05-07,115.6116,22.14373016357422
2019-05-08,115.5171,22.152179718017578
2019-05-09,115.8421,22.109922409057617
2019-05-10,115.5334,22.101469039916992
2019-05-13,115.915,22.101469039916992
2019-05-14,115.9425,22.152179718017578
2019-05-15,115.8565,22.160634994506836
2019-05-16,116.0346,22.219797134399414
2019-05-17,116.448,22.270505905151367
2019-05-20,116.3119,22.253602981567383
2019-05-21,116.2844,22.287410736083984
2019-05-22,116.2412,22.30431365966797
2019-05-23,116.2368,22.262056350708008
2019-05-24,116.0806,22.185989379882812
2019-05-27,116.0806,22.185989379882812
2019-05-28,116.3174,22.278959274291992
2019-05-29,116.5535,22.329668045043945
2019-05-30,116.3989,22.33812141418457
2019-05-31,116.7273,22.24515151977539
2019-06-03,116.4764,22.126829147338867
2019-06-04,116.091,22.101469039916992
2019-06-05,116.03,22.17753791809082
2019-06-06,115.9771,22.101469039916992
2019-06-07,115.7368,22.008502960205078
2019-06-10,115.5001,22.033855438232422
2019-06-11,115.3794,22.042308807373047
2019-06-12,115.438,22.101469039916992
2019-06-13,115.6275,22.11837387084961
2019-06-14,115.9057,22.2367000579834
2019-06-17,115.9684,22.24515151977539
2019-06-18,115.8797,22.278959274291992
2019-06-19,115.7889,22.17753791809082
2019-06-20,114.8046,22.042308807373047
2019-06-21,114.8377,21.93243408203125
2019-06-24,114.6559,21.89862823486328
2019-06-25,114.6363,21.949337005615234
2019-06-26,114.5608,21.96624183654785
2019-06-27,114.665,21.96624183654785
2019-06-28,114.5821,21.949337005615234
2019-07-01,114.7239,22.109922409057617
2019-07-02,114.8258,22.093017578125
2019-07-03,114.8135,22.093017578125
2019-07-04,114.8135,22.093017578125
2019-07-05,115.1132,22.211345672607422
2019-07-08,115.0254,22.253602981567383
2019-07-09,115.1017,22.270505905151367
2019-07-10,115.0879,22.17753791809082
2019-07-11,114.8361,22.17753791809082
2019-07-12,114.7685,22.135278701782227
2019-07-15,114.6819,22.169084548950195
2019-07-16,115.0111,22.270505905151367
2019-07-17,114.8819,22.228248596191406
2019-07-18,114.8744,22.109922409057617
2019-07-19,114.8695,22.219797134399414
2019-07-22,115.0018,22.262056350708008
2019-07-23,115.2995,22.363475799560547
2019-07-24,115.2436,22.363475799560547
2019-07-25,115.2982,22.405736923217773
2019-07-26,115.5449,22.43954086303711
2019-07-29,115.5885,22.456445693969727
2019-07-30,115.6211,22.456445693969727
2019-07-31,115.4946,22.5916748046875
2019-08-01,116.0499,22.524059295654297
2019-08-02,116.1864,22.473350524902344
2019-08-05,116.5851,22.363475799560547
2019-08-06,116.6904,22.388832092285156
2019-08-07,116.7987,22.371925354003906
2019-08-08,116.474,22.388832092285156
2019-08-09,116.4419,22.363475799560547
2019-08-12,116.7548,22.346572875976562
2019-08-13,116.7267,22.4479923248291
2019-08-14,117.0913,22.49870491027832
2019-08-15,117.2239,22.515607833862305
2019-08-16,117.0786,22.53251075744629
2019-08-19,117.3886,22.583221435546875
2019-08-20,117.3726,22.53251075744629
2019-08-21,117.1764,22.557870864868164
2019-08-22,117.3558,22.54096221923828
2019-08-23,117.3009,22.414186477661133
2019-08-26,117.6658,22.53251075744629
2019-08-27,117.75,22.515607833862305
2019-08-28,117.8767,22.566320419311523
2019-08-29,118.0625,22.6254825592041
2019-08-30,118.1575,22.71000099182129
2019-09-02,118.1575,22.71000099182129
2019-09-03,118.3113,22.760711669921875
2019-09-04,117.6729,22.617029190063477
2019-09-05,117.4776,22.6254825592041
2019-09-06,117.1292,22.633934020996094
2019-09-09,117.0601,22.5916748046875
2019-09-10,117.0887,22.617029190063477
2019-09-11,117.3125,22.684646606445312
2019-09-12,116.8375,22.617029190063477
2019-09-13,116.7677,22.583221435546875
2019-09-16,117.0251,22.684646606445312
2019-09-17,116.9826,22.583221435546875
2019-09-18,116.9766,22.667739868164062
2019-09-19,117.0861,22.617029190063477
2019-09-20,117.1819,22.676193237304688
2019-09-23,117.2986,22.71000099182129
2019-09-24,117.2227,22.6254825592041
2019-09-25,117.6527,22.802967071533203
2019-09-26,117.7267,22.862133026123047
2019-09-27,117.7218,22.828327178955078
2019-09-30,117.9461,22.904394149780273
2019-10-01,117.9595,22.828327178955078
2019-10-02,117.9671,22.811424255371094
2019-10-03,117.6608,22.802967071533203
2019-10-04,117.5288,22.78606605529785
2019-10-07,117.5533,22.828327178955078
2019-10-08,117.7407,22.862133026123047
2019-10-09,117.6835,22.845230102539062
2019-10-10,117.2801,22.75225830078125
2019-10-11,116.8239,22.667739868164062
2019-10-14,116.8239,22.7353572845459
2019-10-15,116.8111,22.667739868164062
2019-10-16,116.6425,22.608579635620117
2019-10-17,116.2615,22.524059295654297
2019-10-18,116.1344,22.43954086303711
2019-10-21,116.0436,22.456445693969727
2019-10-22,115.9851,22.507158279418945
2019-10-23,116.0586,22.49870491027832
2019-10-24,116.1278,22.566320419311523
2019-10-25,116.0774,22.5916748046875
2019-10-28,116.0222,22.574771881103516
2019-10-29,115.9797,22.566320419311523
2019-10-30,116.1636,22.515607833862305
2019-10-31,115.9125,22.473350524902344
2019-11-01,115.7312,22.46489715576172
2019-11-04,115.8624,22.549415588378906
2019-11-05,116.1138,22.633934020996094
2019-11-06,116.1004,22.633934020996094
2019-11-07,116.1172,22.684646606445312
2019-11-08,116.3436,22.7353572845459
2019-11-11,116.3436,22.701547622680664
2019-11-12,116.5837,22.7353572845459
2019-11-13,116.8397,22.726905822753906
2019-11-14,116.8022,22.71000099182129
2019-11-15,116.4401,22.659290313720703
2019-11-18,116.3625,22.617029190063477
2019-11-19,116.5391,22.64238739013672
2019-11-20,116.828,22.64238739013672
2019-11-21,116.7435,22.676193237304688
2019-11-22,116.9137,22.743806838989258
2019-11-25,117.0098,22.760711669921875
2019-11-26,117.0513,22.7353572845459
2019-11-27,117.1273,22.769163131713867
2019-11-28,117.1273,22.769163131713867
2019-11-29,117.1204,22.743806838989258
2019-12-02,116.9647,22.650836944580078
2019-12-03,116.8898,22.6254825592041
2019-12-04,116.692,22.600126266479492
2019-12-05,116.3838,22.549415588378906
2019-12-06,116.5381,22.633934020996094
2019-12-09,116.3283,22.608579635620117
2019-12-10,116.2542,22.583221435546875
2019-12-11,116.1478,22.49870491027832
2019-12-12,115.8741,22.53251075744629
2019-12-13,115.6967,22.53251075744629
2019-12-16,115.555,22.490253448486328
2019-12-17,115.5553,22.53251075744629
2019-12-18,115.6618,22.574771881103516
2019-12-19,115.5988,22.574771881103516
2019-12-20,115.7598,22.650836944580078
2019-12-23,115.8059,22.63876724243164
2019-12-24,115.8059,22.63876724243164
2019-12-25,115.8059,22.63876724243164
2019-12-26,115.634,22.604284286499023
2019-12-27,115.22,22.49220848083496
2019-12-30,114.9631,22.449106216430664
2019-12-31,114.669,22.38875961303711
2020-01-01,114.669,22.38875961303711
2020-01-02,114.9745,22.466346740722656
2020-01-03,114.9867,22.49220848083496
2020-01-06,114.9557,22.44048500061035
2020-01-07,115.1477,22.5180721282959
2020-01-08,115.1328,22.57842254638672
2020-01-09,115.2331,22.621524810791016
2020-01-10,115.0677,22.604284286499023
2020-01-13,115.0342,22.604284286499023
2020-01-14,115.0239,22.612903594970703
2020-01-15,114.9528,22.57842254638672
2020-01-16,115.0006,22.612903594970703
2020-01-17,115.0656,22.690494537353516
2020-01-20,115.0656,22.690494537353516
2020-01-21,115.1876,22.673250198364258
2020-01-22,115.2273,22.656007766723633
2020-01-23,115.5545,22.716358184814453
2020-01-24,115.5556,22.750839233398438
2020-01-27,115.8004,22.785324096679688
2020-01-28,115.7239,22.785324096679688
2020-01-29,115.7003,22.819808959960938
2020-01-30,115.8077,22.750839233398438
2020-01-31,115.7345,22.656007766723633
2020-02-03,116.1172,22.768083572387695
2020-02-04,115.9291,22.802566528320312
2020-02-05,116.009,22.888776779174805
2020-02-06,116.1518,22.931882858276367
2020-02-07,116.5086,22.98360824584961
2020-02-10,116.5711,23.01809310913086
2020-02-11,116.3585,22.992229461669922
2020-02-12,116.2794,23.052576065063477
2020-02-13,116.3999,23.078439712524414
2020-02-14,116.4223,23.0698184967041
2020-02-17,116.4223,23.0698184967041
2020-02-18,116.6039,23.156028747558594
2020-02-19,116.7829,23.199132919311523
2020-02-20,117.2454,23.26810073852539
2020-02-21,117.0473,23.130163192749023
2020-02-24,117.4018,23.138784408569336
2020-02-25,117.2425,23.0698184967041
2020-02-26,117.405,23.087059020996094
2020-02-27,117.3678,22.94912338256836
2020-02-28,117.6568,22.87153434753418
2020-03-02,116.8144,22.750839233398438
2020-03-03,116.4958,22.656007766723633
2020-03-04,116.7802,22.733598709106445
2020-03-05,116.7901,22.56117820739746
2020-03-06,116.7106,22.43186378479004
2020-03-09,117.1871,22.190473556518555
2020-03-10,117.9027,22.5180721282959
2020-03-11,118.2505,22.55255889892578
2020-03-12,120.4883,22.793947219848633
2020-03-13,120.4388,23.656047821044922
2020-03-16,120.9352,22.897396087646484
2020-03-17,122.4816,23.30258560180664
2020-03-18,124.1623,23.656047821044922
2020-03-19,125.0587,24.216411590576172
2020-03-20,124.9362,24.147445678710938
2020-03-23,126.1262,24.112960815429688
2020-03-24,125.5001,23.837087631225586
2020-03-25,124.7916,23.61294174194336
2020-03-26,122.4308,23.233617782592773
2020-03-27,122.4007,23.043954849243164
2020-03-30,123.2883,23.14740753173828
2020-03-31,122.5301,23.130163192749023
2020-04-01,123.7933,23.276721954345703
2020-04-02,123.5916,23.397417068481445
2020-04-03,124.4152,23.526735305786133
2020-04-06,124.16,23.53535270690918
2020-04-07,123.0956,23.319828033447266
2020-04-08,123.2216,23.406038284301758
2020-04-09,122.476,23.233617782592773
2020-04-10,122.1592,23.233617782592773
2020-04-13,122.5203,23.199132919311523
2020-04-14,122.1121,23.0698184967041
2020-04-15,123.0752,23.242237091064453
2020-04-16,123.4615,23.345691680908203
2020-04-17,122.871,23.285343170166016
2020-04-20,123.1033,23.362934112548828
2020-04-21,123.9116,23.397417068481445
2020-04-22,123.9256,23.466386795043945
2020-04-23,123.7542,23.475008010864258
2020-04-24,124.1615,23.423280715942383
2020-04-27,123.8843,23.362934112548828
2020-04-28,123.3693,23.337072372436523
2020-04-29,122.7782,23.242237091064453
2020-04-30,122.327,23.09568214416504
2020-05-01,123.1492,23.121543884277344
2020-05-04,123.2117,23.250858306884766
2020-05-05,122.803,23.26810073852539
2020-05-06,123.609,23.380176544189453
2020-05-07,123.1249,23.311208724975586
2020-05-08,122.5379,23.30258560180664
2020-05-11,123.2333,23.388795852661133
2020-05-12,123.0592,23.345691680908203
2020-05-13,123.5408,23.388795852661133
2020-05-14,123.6429,23.41465950012207
2020-05-15,123.5991,23.431901931762695
2020-05-18,122.7968,23.242237091064453
2020-05-19,122.5655,23.22499656677246
2020-05-20,122.1007,23.14740753173828
2020-05-21,122.0914,23.199132919311523
2020-05-22,122.3211,23.26810073852539
2020-05-25,122.3211,23.26810073852539
2020-05-26,121.3864,23.09568214416504
2020-05-27,121.5677,23.087059020996094
2020-05-28,121.0138,22.96636390686035
2020-05-29,120.9458,22.931882858276367
2020-06-01,120.2686,22.802566528320312
2020-06-02,119.6854,22.776702880859375
2020-06-03,119.2556,22.63876724243164
2020-06-04,119.3014,22.55255889892578
2020-06-05,118.8138,22.595661163330078
2020-06-08,118.6621,22.535316467285156
2020-06-09,118.5893,22.466346740722656
2020-06-10,118.5231,22.354272842407227
2020-06-11,119.2347,22.57842254638672
2020-06-12,119.6645,22.63876724243164
2020-06-15,119.9539,22.543935775756836
2020-06-16,119.567,22.612903594970703
2020-06-17,119.9105,22.63014793395996
2020-06-18,120.2173,22.716358184814453
2020-06-19,120.2186,22.742219924926758
2020-06-22,119.7532,22.621524810791016
2020-06-23,119.3285,22.543935775756836
2020-06-24,119.9744,22.647388458251953
2020-06-25,120.2997,22.68187141418457
2020-06-26,120.533,22.716358184814453
2020-06-29,120.6658,22.724979400634766
2020-06-30,120.4649,22.690494537353516
2020-07-01,120.0808,22.63876724243164
2020-07-02,119.8555,22.656007766723633
2020-07-03,119.8555,22.656007766723633
2020-07-06,119.2852,22.535316467285156
2020-07-07,119.5717,22.5870418548584
2020-07-08,119.5525,22.466346740722656
2020-07-09,119.5129,22.543935775756836
2020-07-10,119.3509,22.50945281982422
2020-07-13,119.1891,22.47496795654297
2020-07-14,119.3901,22.43186378479004
2020-07-15,119.0331,22.371517181396484
2020-07-16,118.9275,22.449106216430664
2020-07-17,119.124,22.354272842407227
2020-07-20,119.0483,22.31978988647461
2020-07-21,118.4042,22.181854248046875
2020-07-22,118.1337,22.12150764465332
2020-07-23,118.0613,22.07840347290039
2020-07-24,118.1329,21.983572006225586
2020-07-27,117.3869,21.819772720336914
2020-07-28,117.3189,21.85425567626953
2020-07-29,117.2126,21.750804901123047
2020-07-30,117.4008,21.664594650268555
2020-07-31,117.2082,21.79391098022461
2020-08-03,117.8074,21.79391098022461
2020-08-04,117.7833,21.716320037841797
2020-08-05,116.8736,21.621488571166992
2020-08-06,117.0422,21.621488571166992
2020-08-07,117.6239,21.750804901123047
2020-08-10,117.5821,21.785287857055664
2020-08-11,117.3781,21.819772720336914
2020-08-12,117.2559,21.750804901123047
2020-08-13,117.1193,21.7421817779541
2020-08-14,116.9395,21.707698822021484
2020-08-17,116.749,21.612869262695312
2020-08-18,116.5593,21.49217414855957
2020-08-19,116.567,21.664594650268555
2020-08-20,116.8126,21.604248046875
2020-08-21,117.0572,21.707698822021484
2020-08-24,116.912,21.7421817779541
2020-08-25,116.8206,21.664594650268555
2020-08-26,116.6243,21.63873291015625
2020-08-27,116.649,21.664594650268555
2020-08-28,115.9374,21.49217414855957
2020-08-31,115.7586,21.466310501098633
2020-09-01,115.5687,21.509416580200195
2020-09-02,116.0304,21.587005615234375
2020-09-03,116.0685,21.595624923706055
2020-09-04,116.0347,21.630111694335938
2020-09-07,116.0347,21.630111694335938
2020-09-08,116.4618,21.7421817779541
2020-09-09,116.1291,21.707698822021484
2020-09-10,115.8806,21.750804901123047
2020-09-11,116.0866,21.707698822021484
2020-09-14,115.6428,21.655973434448242
2020-09-15,115.5908,21.673213958740234
2020-09-16,115.3537,21.699077606201172
2020-09-17,115.4392,21.621488571166992
2020-09-18,115.2395,21.64735221862793
2020-09-21,116.378,21.802532196044922
2020-09-22,116.5438,21.880117416381836
2020-09-23,117.2526,22.000812530517578
2020-09-24,117.5473,21.96632957458496
2020-09-25,117.8679,22.026674270629883
2020-09-28,117.6178,21.95770835876465
2020-09-29,117.526,21.85425567626953
2020-09-30,116.946,21.85425567626953
2020-10-01,116.7227,21.819772720336914
2020-10-02,116.7321,21.871498107910156
2020-10-05,116.1767,21.776668548583984
2020-10-06,116.2681,21.837013244628906
2020-10-07,116.3447,21.81114959716797
2020-10-08,116.1657,21.802532196044922
2020-10-09,115.2757,21.673213958740234
2020-10-12,115.2757,21.64735221862793
2020-10-13,115.9107,21.776668548583984
2020-10-14,115.6872,21.72494125366211
2020-10-15,116.0964,21.828393936157227
2020-10-16,115.7679,21.802532196044922
2020-10-19,115.4031,21.73356056213379
2020-10-20,115.2485,21.664594650268555
2020-10-21,114.9108,21.552520751953125
2020-10-22,115.1158,21.63873291015625
2020-10-23,115.0126,21.587005615234375
2020-10-26,115.2797,21.664594650268555
2020-10-27,115.0131,21.621488571166992
2020-10-28,115.8023,21.759424209594727
2020-10-29,116.3069,21.84563446044922
2020-10-30,116.1354,21.871498107910156
2020-11-02,116.2361,21.897361755371094
2020-11-03,115.4802,21.776668548583984
2020-11-04,115.1677,21.7421817779541
2020-11-05,114.4556,21.5352783203125
2020-11-06,113.9919,21.45768928527832
2020-11-09,114.0895,21.595624923706055
2020-11-10,114.0757,21.595624923706055
2020-11-11,114.0757,21.621488571166992
2020-11-12,114.2843,21.621488571166992
2020-11-13,114.2397,21.578384399414062
2020-11-16,113.8312,21.526657104492188
2020-11-17,113.682,21.49217414855957
2020-11-18,113.46,21.500795364379883
2020-11-19,113.694,21.466310501098633
2020-11-20,113.489,21.49217414855957
2020-11-23,113.7548,21.526657104492188
2020-11-24,113.4316,21.423206329345703
2020-11-25,113.1823,21.388721466064453
2020-11-26,113.1823,21.388721466064453
2020-11-27,113.1823,21.345617294311523
2020-11-30,113.2256,21.397342681884766
2020-12-01,112.8063,21.20768165588379
2020-12-02,112.6115,21.18181800842285
2020-12-03,112.0236,21.069746017456055
2020-12-04,111.7778,21.09560775756836
2020-12-07,111.8385,21.13009262084961
2020-12-08,111.8639,21.155956268310547
2020-12-09,112.0305,21.164575576782227
2020-12-10,111.9788,21.10422706604004
2020-12-11,112.1417,21.155956268310547
2020-12-14,112.1708,21.09560775756836
2020-12-15,111.8601,21.026639938354492
2020-12-16,111.7157,21.000778198242188
2020-12-17,111.2226,20.888702392578125
2020-12-18,111.6071,20.914566040039062
2020-12-21,111.9415,20.957670211791992
2020-12-22,112.1947,21.069746017456055
2020-12-23,111.9807,20.97491455078125
2020-12-24,111.9807,20.992156982421875
2020-12-25,111.9807,20.992156982421875
2020-12-28,111.9752,20.992156982421875
2020-12-29,111.5172,20.923187255859375
2020-12-30,111.3084,20.836978912353516
2020-12-31,111.3169,20.897323608398438
2021-01-01,111.3169,20.897323608398438
2021-01-04,111.2075,20.914566040039062
2021-01-05,110.9574,20.793872833251953
2021-01-06,110.8502,20.768009185791016
2021-01-07,111.3042,20.888702392578125
2021-01-08,111.2847,20.923187255859375
2021-01-11,111.8257,21.052501678466797
2021-01-12,111.5501,20.9404296875
2021-01-13,111.3622,21.0093994140625
2021-01-14,111.1567,20.966293334960938
2021-01-15,111.5106,21.10422706604004
2021-01-18,111.5106,21.10422706604004
2021-01-19,111.4527,21.043882369995117
2021-01-20,111.4527,21.035261154174805
2021-01-21,111.1973,20.9404296875
2021-01-22,111.5516,20.983535766601562
2021-01-25,111.8676,21.0093994140625
2021-01-26,111.6572,20.94904899597168
2021-01-27,112.0782,21.078365325927734
2021-01-28,112.0059,21.026639938354492
2021-01-29,111.9511,21.052501678466797
2021-02-01,112.4189,21.155956268310547
2021-02-02,112.2862,21.18181800842285
2021-02-03,112.2567,21.17319679260254
2021-02-04,112.7469,21.26802635192871
2021-02-05,112.2379,21.147335052490234
2021-02-08,112.0428,21.138713836669922
2021-02-09,111.7675,21.026639938354492
2021-02-10,111.5834,21.01801872253418
2021-02-11,111.5272,21.0093994140625
2021-02-12,111.4889,21.026639938354492
2021-02-15,111.4889,21.026639938354492
2021-02-16,111.7879,21.026639938354492
2021-02-17,112.0204,21.11284828186035
2021-02-18,112.1603,21.043882369995117
2021-02-19,111.7058,20.992156982421875
2021-02-22,111.918,20.93181037902832
2021-02-23,111.8981,20.94904899597168
2021-02-24,111.7212,20.914566040039062
2021-02-25,111.9253,20.983535766601562
2021-02-26,112.8306,21.138713836669922
2021-03-01,112.5263,21.155956268310547
2021-03-02,112.5342,21.078365325927734
2021-03-03,112.7617,21.138713836669922
2021-03-04,112.7037,21.276649475097656
2021-03-05,113.7487,21.354238510131836
2021-03-08,114.2678,21.474933624267578
2021-03-09,113.928,21.354238510131836
2021-03-10,113.5881,21.319753646850586
2021-03-11,112.9214,21.21630096435547
2021-03-12,113.0269,21.2852725982666
2021-03-15,113.1928,21.3283748626709
2021-03-16,112.9839,21.3283748626709
2021-03-17,113.1589,21.224924087524414
2021-03-18,112.7744,21.354238510131836
2021-03-19,112.9756,21.36285972595215
2021-03-22,113.0023,21.319753646850586
2021-03-23,113.2916,21.44906997680664
2021-03-24,113.6565,21.500795364379883
2021-03-25,114.0016,21.561141967773438
2021-03-26,113.7406,21.5352783203125
2021-03-29,113.9314,21.587005615234375
2021-03-30,114.203,21.673213958740234
2021-03-31,113.8234,21.655973434448242
2021-04-01,113.7389,21.561141967773438
2021-04-02,113.7315,21.561141967773438
2021-04-05,113.394,21.49217414855957
2021-04-06,113.1464,21.440448760986328
2021-04-07,113.2436,21.466310501098633
2021-04-08,113.0917,21.37148094177246
2021-04-09,113.2028,21.388721466064453
2021-04-12,113.1815,21.38010025024414
2021-04-13,113.0391,21.30251121520996
2021-04-14,112.7849,21.276649475097656
2021-04-15,112.6181,21.276649475097656
2021-04-16,112.4814,21.25078582763672
2021-04-19,112.1835,21.13009262084961
2021-04-20,112.2354,21.164575576782227
2021-04-21,112.1771,21.138713836669922
2021-04-22,112.2297,21.199060440063477
2021-04-23,112.0889,21.078365325927734
2021-04-26,111.8109,21.078365325927734
2021-04-27,111.9097,21.086984634399414
2021-04-28,111.7909,21.0093994140625
2021-04-29,111.7464,21.01801872253418
2021-04-30,112.0839,21.190439224243164
2021-05-03,112.005,21.09560775756836
2021-05-04,112.2896,21.190439224243164
2021-05-05,112.1514,21.18181800842285
2021-05-06,111.8401,21.078365325927734
2021-05-07,111.0249,20.923187255859375
2021-05-10,110.7905,20.923187255859375
2021-05-11,110.8921,20.905946731567383
2021-05-12,111.5636,21.06112289428711
2021-05-13,111.5955,21.026639938354492
2021-05-14,111.1353,20.9404296875
2021-05-17,111.079,20.914566040039062
2021-05-18,110.8317,20.81973648071289
2021-05-19,110.8807,20.914566040039062
2021-05-20,110.8605,20.811115264892578
2021-05-21,111.0576,20.880083084106445
2021-05-24,110.9118,20.828357696533203
2021-05-25,110.842,20.802492141723633
2021-05-26,110.8677,20.880083084106445
2021-05-27,110.8688,20.86284065246582
2021-05-28,110.7576,20.880083084106445
2021-05-31,110.7576,20.880083084106445
2021-06-01,110.5046,20.845598220825195
2021-06-02,110.5799,20.845598220825195
2021-06-03,111.1782,20.97491455078125
2021-06-04,110.7521,20.897323608398438
2021-06-07,110.5155,20.86284065246582
2021-06-08,110.649,20.888702392578125
2021-06-09,110.5707,20.905946731567383
2021-06-10,110.5456,20.888702392578125
2021-06-11,111.0933,20.992156982421875
2021-06-14,110.9659,20.97491455078125
2021-06-15,111.3507,20.992156982421875
2021-06-16,111.1165,21.164575576782227
2021-06-17,112.5772,21.3283748626709
2021-06-18,113.0408,21.397342681884766
2021-06-21,112.8391,21.29389190673828
2021-06-22,112.9174,21.25940704345703
2021-06-23,112.3819,21.29389190673828
2021-06-24,112.326,21.276649475097656
2021-06-25,111.9655,21.2852725982666
2021-06-28,112.0248,21.29389190673828
2021-06-29,112.2613,21.345617294311523
2021-06-30,112.5533,21.405961990356445
2021-07-01,112.74,21.466310501098633
2021-07-02,112.5425,21.38010025024414
2021-07-05,112.5425,21.38010025024414
2021-07-06,112.9516,21.45768928527832
2021-07-07,113.1048,21.49217414855957
2021-07-08,113.0776,21.405961990356445
2021-07-09,112.8375,21.354238510131836
2021-07-12,112.7611,21.38010025024414
2021-07-13,113.0063,21.509416580200195
2021-07-14,112.8801,21.405961990356445
2021-07-15,113.0041,21.466310501098633
2021-07-16,113.0428,21.49217414855957
2021-07-19,113.5472,21.526657104492188
2021-07-20,113.7502,21.552520751953125
2021-07-21,113.3926,21.500795364379883
2021-07-22,113.4695,21.526657104492188
2021-07-23,113.4398,21.5352783203125
2021-07-26,113.2238,21.466310501098633
2021-07-27,113.2227,21.431825637817383
2021-07-28,113.1807,21.37148094177246
2021-07-29,112.4834,21.29389190673828
2021-07-30,112.6714,21.354238510131836
2021-08-02,112.6691,21.3283748626709
2021-08-03,112.8228,21.33699607849121
2021-08-04,112.8953,21.37148094177246
2021-08-05,112.7674,21.37148094177246
2021-08-06,113.3088,21.49217414855957
2021-08-09,113.4521,21.5352783203125
2021-08-10,113.4973,21.552520751953125
2021-08-11,113.282,21.509416580200195
2021-08-12,113.2691,21.5352783203125
2021-08-13,113.0615,21.431825637817383
2021-08-16,113.1698,21.44906997680664
2021-08-17,113.6174,21.578384399414062
2021-08-18,113.6959,21.578384399414062
2021-08-19,114.1106,21.681835174560547
2021-08-20,114.5009,21.655973434448242
2021-08-23,113.9418,21.526657104492188
2021-08-24,113.6795,21.509416580200195
2021-08-25,113.6322,21.49217414855957
2021-08-26,113.7883,21.552520751953125
2021-08-27,113.3404,21.45768928527832
2021-08-30,113.246,21.45768928527832
2021-08-31,113.1076,21.45768928527832
2021-09-01,112.8732,21.41458511352539
2021-09-02,112.7863,21.36285972595215
2021-09-03,112.5476,21.319753646850586
2021-09-06,112.5476,21.319753646850586
2021-09-07,112.9795,21.423206329345703
2021-09-08,113.2319,21.45768928527832
2021-09-09,113.043,21.405961990356445
2021-09-10,112.9425,21.440448760986328
2021-09-13,113.0341,21.440448760986328
2021-09-14,113.0061,21.440448760986328
2021-09-15,112.9773,21.397342681884766
2021-09-16,113.3036,21.49217414855957
2021-09-17,113.5989,21.56976318359375
2021-09-20,113.9422,21.578384399414062
2021-09-21,113.8179,21.561141967773438
2021-09-22,113.6223,21.621488571166992
2021-09-23,113.513,21.5352783203125
2021-09-24,113.7597,21.595624923706055
2021-09-27,113.7432,21.621488571166992
2021-09-28,114.2469,21.699077606201172
2021-09-29,114.7092,21.85425567626953
2021-09-30,114.6403,21.819772720336914
2021-10-01,114.3798,21.776668548583984
2021-10-04,114.2739,21.707698822021484
2021-10-05,114.3654,21.750804901123047
2021-10-06,114.7185,21.81114959716797
2021-10-07,114.5044,21.802532196044922
2021-10-08,114.5986,21.785287857055664
2021-10-11,114.5986,21.84563446044922
2021-10-12,114.7542,21.871498107910156
2021-10-13,114.4705,21.750804901123047
2021-10-14,114.2053,21.750804901123047
2021-10-15,114.0905,21.72494125366211
2021-10-18,113.9899,21.73356056213379
2021-10-19,113.647,21.681835174560547
2021-10-20,113.5083,21.64735221862793
2021-10-21,113.6188,21.699077606201172
2021-10-22,113.67,21.655973434448242
2021-10-25,113.605,21.69045639038086
2021-10-26,113.674,21.73356056213379
2021-10-27,113.6218,21.72494125366211
2021-10-28,113.4389,21.595624923706055
2021-10-29,114.1349,21.768047332763672
2021-11-01,114.2067,21.699077606201172
2021-11-02,114.2847,21.750804901123047
2021-11-03,114.3593,21.699077606201172
2021-11-04,114.3558,21.81114959716797
2021-11-05,114.0732,21.79391098022461
2021-11-08,113.8256,21.750804901123047
2021-11-09,113.762,21.72494125366211
2021-11-10,114.1484,21.95770835876465
2021-11-11,114.1484,22.009435653686523
2021-11-12,114.5144,21.983572006225586
2021-11-15,114.5876,22.104265213012695
2021-11-16,115.136,22.190473556518555
2021-11-17,115.0263,22.147371292114258
2021-11-18,115.0678,22.087024688720703
2021-11-19,115.2187,22.1990966796875
2021-11-22,115.6481,22.311168670654297
2021-11-23,116.0118,22.302547454833984
2021-11-24,116.2711,22.38875961303711
2021-11-25,116.2711,22.38875961303711
2021-11-26,116.5103,22.216339111328125
2021-11-29,116.581,22.259443283081055
2021-11-30,116.2071,22.15599250793457
2021-12-01,115.889,22.216339111328125
2021-12-02,116.018,22.22496223449707
2021-12-03,116.2377,22.216339111328125
2021-12-06,116.1538,22.250823974609375
2021-12-07,115.8555,22.259443283081055
2021-12-08,115.4418,22.15599250793457
2021-12-09,115.7784,22.23358154296875
2021-12-10,115.5732,22.1990966796875
2021-12-13,115.842,22.268064498901367
2021-12-14,116.2397,22.311168670654297
2021-12-15,116.4219,22.27668571472168
2021-12-16,115.7146,22.181854248046875
2021-12-17,115.791,22.337032318115234
2021-12-20,116.0092,22.311168670654297
2021-12-21,116.1089,22.285306930541992
2021-12-22,115.7485,22.1990966796875
2021-12-23,115.5337,22.181854248046875
2021-12-24,115.5337,22.181854248046875
2021-12-27,115.4684,22.190473556518555
2021-12-28,115.4192,22.216339111328125
2021-12-29,115.3678,22.15599250793457
2021-12-30,115.283,22.190473556518555
2021-12-31,115.283,22.095643997192383
2022-01-03,115.4101,22.23358154296875
2022-01-04,115.3103,22.250823974609375
2022-01-05,115.137,22.22496223449707
2022-01-06,115.4046,22.24220085144043
2022-01-07,115.0451,22.12150764465332
2022-01-10,115.2216,22.173233032226562
2022-01-11,114.8332,22.07840347290039
2022-01-12,114.355,21.931846618652344
2022-01-13,114.177,21.92322540283203
2022-01-14,114.3825,21.983572006225586
2022-01-17,114.3825,21.983572006225586
2022-01-18,114.7373,22.12150764465332
2022-01-19,114.6109,22.069782257080078
2022-01-20,114.4642,22.138748168945312
2022-01-21,114.6125,22.07840347290039
2022-01-24,115.2034,22.147371292114258
2022-01-25,115.1654,22.15599250793457
2022-01-26,115.0922,22.27668571472168
2022-01-27,115.978,22.466346740722656
2022-01-28,116.0393,22.457725524902344
2022-01-31,115.566,22.302547454833984
2022-02-01,115.3685,22.24220085144043
2022-02-02,115.1538,22.15599250793457
2022-02-03,114.9065,22.043916702270508
2022-02-04,115.1362,22.026674270629883
2022-02-07,115.0098,22.035297393798828
2022-02-08,115.0892,22.069782257080078
2022-02-09,114.8232,22.043916702270508
2022-02-10,114.5527,22.07840347290039
2022-02-11,114.8413,22.173233032226562
2022-02-14,115.1946,22.23358154296875
2022-02-15,114.93,22.147371292114258
2022-02-16,114.6886,22.104265213012695
2022-02-17,114.6755,22.112886428833008
2022-02-18,114.7982,22.173233032226562
2022-02-21,114.7982,22.173233032226562
2022-02-22,114.7002,22.181854248046875
2022-02-23,114.6668,22.20771598815918
2022-02-24,115.9419,22.38875961303711
2022-02-25,115.2577,22.27668571472168
2022-02-28,115.2224,22.311168670654297
2022-03-01,115.7962,22.48358917236328
2022-03-02,115.7623,22.466346740722656
2022-03-03,115.9495,22.55255889892578
2022-03-04,116.6503,22.724979400634766
2022-03-07,117.3278,22.888776779174805
2022-03-08,117.6176,22.845672607421875
2022-03-09,116.5961,22.621524810791016
2022-03-10,116.7401,22.733598709106445
2022-03-11,117.0192,22.854293823242188
2022-03-14,117.1506,22.845672607421875
2022-03-15,117.246,22.819808959960938
2022-03-16,116.8073,22.656007766723633
2022-03-17,116.0467,22.604284286499023
2022-03-18,116.1378,22.63014793395996
2022-03-21,115.9398,22.716358184814453
2022-03-22,116.0824,22.707735061645508
2022-03-23,116.005,22.733598709106445
2022-03-24,115.9599,22.75946044921875
2022-03-25,115.7921,22.768083572387695
2022-03-28,116.1911,22.837051391601562
2022-03-29,115.5679,22.699115753173828
2022-03-30,115.0818,22.57842254638672
2022-03-31,115.2218,22.673250198364258
2022-04-01,115.4814,22.707735061645508
2022-04-04,115.4112,22.811185836791992
2022-04-05,115.73,22.931882858276367
2022-04-06,115.9995,22.94912338256836
2022-04-07,116.3512,22.992229461669922
2022-04-08,116.4176,22.992229461669922
2022-04-11,116.5401,23.043954849243164
2022-04-12,116.3866,23.121543884277344
2022-04-13,116.2796,23.02671241760254
2022-04-14,116.7558,23.130163192749023
2022-04-15,116.7017,23.130163192749023
2022-04-18,116.8441,23.22499656677246
2022-04-19,117.1324,23.276721954345703
2022-04-20,116.7306,23.1129207611084
2022-04-21,117.1432,23.1818904876709
2022-04-22,118.0186,23.319828033447266
2022-04-25,118.6271,23.431901931762695
2022-04-26,118.9624,23.578458786010742
2022-04-27,119.4708,23.72501564025879
2022-04-28,120.0675,23.862951278686523
2022-04-29,119.4933,23.76811981201172
2022-05-02,119.8825,23.888813018798828
2022-05-03,119.7043,23.84571075439453
2022-05-04,119.5592,23.64742660522461
2022-05-05,120.0068,23.84571075439453
2022-05-06,119.8577,23.888813018798828
2022-05-09,120.4972,23.89743423461914
2022-05-10,120.7742,23.94916343688965
2022-05-11,120.3925,23.975025177001953
2022-05-12,121.2796,24.181928634643555
2022-05-13,120.8442,24.112960815429688
2022-05-16,120.6881,24.018131256103516
2022-05-17,119.8871,23.819847106933594
2022-05-18,120.0274,23.940542221069336
2022-05-19,119.4278,23.690532684326172
2022-05-20,119.3677,23.742258071899414
2022-05-23,118.7169,23.526735305786133
2022-05-24,118.6245,23.457763671875
2022-05-25,118.9598,23.543973922729492
2022-05-26,118.7687,23.466386795043945
2022-05-27,118.2834,23.41465950012207
2022-05-30,118.2834,23.41465950012207
2022-05-31,118.0704,23.457763671875
2022-06-01,118.6954,23.63880729675293
2022-06-02,118.0658,23.431901931762695
2022-06-03,118.2153,23.53535270690918
2022-06-06,118.3081,23.587080001831055
2022-06-07,118.4414,23.561216354370117
2022-06-08,118.3951,23.630186080932617
2022-06-09,118.9226,23.8026065826416
2022-06-10,119.9981,23.992267608642578
2022-06-13,121.1523,24.225034713745117
2022-06-14,121.6669,24.27676010131836
2022-06-15,121.6403,24.087099075317383
2022-06-16,120.6714,23.854331970214844
2022-06-17,121.2369,24.095720291137695
2022-06-20,121.2369,24.095720291137695
2022-06-21,120.6427,24.009510040283203
2022-06-22,120.5197,23.975025177001953
2022-06-23,120.7622,24.000886917114258
2022-06-24,120.4853,23.94916343688965
2022-06-27,120.1736,23.906055450439453
2022-06-28,120.62,24.04399299621582
2022-06-29,120.9616,24.181928634643555
2022-06-30,120.9652,24.104339599609375
2022-07-01,121.5058,24.181928634643555
2022-07-04,121.5058,24.181928634643555
2022-07-05,122.6203,24.526769638061523
2022-07-06,123.0073,24.63884162902832
2022-07-07,122.7257,24.647462844848633
2022-07-08,122.4662,24.63022232055664
2022-07-11,123.2974,24.914714813232422
2022-07-12,123.4524,24.90609359741211
2022-07-13,123.2834,24.854366302490234
2022-07-14,124.0622,25.02678871154785
2022-07-15,123.4765,24.880231857299805
2022-07-18,122.7727,24.74229621887207
2022-07-19,122.4819,24.58711814880371
2022-07-20,122.5997,24.656085968017578
2022-07-21,122.9032,24.58711814880371
2022-07-22,122.451,24.55263328552246
2022-07-25,122.4594,24.51814842224121
2022-07-26,122.7581,24.707809448242188
2022-07-27,122.8169,24.500905990600586
2022-07-28,122.1161,24.48366355895996
2022-07-29,121.7678,24.38883399963379
2022-08-01,121.4109,24.294002532958984
2022-08-02,121.9486,24.449180603027344
2022-08-03,122.3888,24.51814842224121
2022-08-04,121.8333,24.36297035217285
2022-08-05,122.321,24.569873809814453
2022-08-08,121.8783,24.535388946533203
2022-08-09,121.8614,24.5095272064209
2022-08-10,120.7543,24.242277145385742
2022-08-11,120.7163,24.259517669677734
2022-08-12,121.018,24.354347229003906
2022-08-15,121.4315,24.569873809814453
2022-08-16,121.6807,24.561254501342773
2022-08-17,122.0711,24.59573745727539
2022-08-18,122.3627,24.785398483276367
2022-08-19,123.0501,24.94057846069336
2022-08-22,123.605,25.14748191833496
2022-08-23,123.0547,25.044029235839844
2022-08-24,123.109,25.06127166748047
2022-08-25,123.0586,25.018165588378906
2022-08-26,123.0656,25.112995147705078
2022-08-29,123.4686,25.121618270874023
2022-08-30,123.6848,25.112995147705078
2022-08-31,123.535,25.09575653076172
2022-09-01,124.4006,25.319902420043945
2022-09-02,123.7743,25.328521728515625
2022-09-05,123.7743,25.328521728515625
2022-09-06,124.767,25.475078582763672
2022-09-07,124.8408,25.294038772583008
2022-09-08,124.578,25.34576416015625
2022-09-09,123.7874,25.164722442626953
2022-09-12,123.3332,25.035411834716797
2022-09-13,124.4242,25.3802490234375
2022-09-14,124.4509,25.328521728515625
2022-09-15,124.8843,25.34576416015625
2022-09-16,124.8794,25.34576416015625
2022-09-19,125.0104,25.328521728515625
2022-09-20,125.1248,25.449216842651367
2022-09-21,125.7399,25.6992244720459
2022-09-22,126.1667,25.73370933532715
2022-09-23,127.2853,26.138896942138672
2022-09-26,128.4539,26.432010650634766
2022-09-27,128.4386,26.44063377380371
2022-09-28,128.0884,26.095792770385742
2022-09-29,127.5437,25.992340087890625
2022-09-30,127.5148,25.992340087890625
2022-10-03,127.0813,25.871644973754883
2022-10-04,126.1819,25.518184661865234
2022-10-05,126.8616,25.759571075439453
2022-10-06,127.2493,26.018203735351562
2022-10-07,127.3111,26.12165641784668
2022-10-10,127.3111,26.233728408813477
2022-10-11,127.6641,26.2509708404541
2022-10-12,128.1481,26.2509708404541
2022-10-13,127.7286,26.078548431396484
2022-10-14,128.3325,26.25959014892578
2022-10-17,127.6448,25.992340087890625
2022-10-18,127.9153,25.97509765625
2022-10-19,128.3968,26.16476058959961
2022-10-20,128.0052,26.182003021240234
2022-10-21,127.6735,25.957857131958008
2022-10-24,128.0304,25.983718872070312
2022-10-25,127.3771,25.6992244720459
2022-10-26,126.4723,25.431974411010742
2022-10-27,126.7028,25.63025665283203
2022-10-28,127.2135,25.673364639282227
2022-10-31,127.6219,25.888887405395508
2022-11-01,127.3987,25.880268096923828
2022-11-02,127.3115,25.992340087890625
2022-11-03,128.1743,26.20786476135254
2022-11-04,127.1468,25.716468811035156
2022-11-07,126.3062,25.569910049438477
2022-11-08,125.633,25.45783805847168
2022-11-09,125.9861,25.64750099182129
2022-11-10,124.7044,25.06127166748047
2022-11-11,124.7044,24.699188232421875
2022-11-14,123.4277,24.811262130737305
2022-11-15,123.039,24.725053787231445
2022-11-16,123.2817,24.67332649230957
2022-11-17,123.977,24.768157958984375
2022-11-18,123.8524,24.83712387084961
2022-11-21,124.7009,25.052650451660156
2022-11-22,124.2365,24.897470474243164
2022-11-23,123.7574,24.63884162902832
2022-11-24,123.7574,24.63884162902832
2022-11-25,123.3386,24.63884162902832
2022-11-28,123.6032,24.81988525390625
2022-11-29,123.6615,24.86298942565918
2022-11-30,123.5175,24.664705276489258
2022-12-01,122.0045,24.36297035217285
2022-12-02,122.0102,24.337106704711914
2022-12-05,122.6384,24.535388946533203
2022-12-06,123.0191,24.55263328552246
2022-12-07,122.7608,24.47504234313965
2022-12-08,122.4152,24.3974552154541
2022-12-09,122.4201,24.449180603027344
2022-12-12,122.7714,24.46642303466797
2022-12-13,121.8493,24.250898361206055
2022-12-14,121.8226,24.138824462890625
2022-12-15,122.5519,24.36297035217285
2022-12-16,122.6505,24.40607452392578
2022-12-19,122.5275,24.41216278076172
2022-12-20,122.1357,24.24692153930664
2022-12-21,122.2828,24.30780029296875
2022-12-22,122.2419,24.342586517333984
2022-12-23,121.9743,24.333890914916992
2022-12-26,121.9743,24.333890914916992
2022-12-27,121.7539,24.325193405151367
2022-12-28,122.0075,24.41216278076172
2022-12-29,121.6577,24.264314651489258
2022-12-30,121.4256,24.1860408782959
2023-01-02,121.4256,24.1860408782959
2023-01-03,122.0905,24.446949005126953
2023-01-04,121.5008,24.359981536865234
2023-01-05,122.1017,24.586101531982422
2023-01-06,121.0852,24.264314651489258
2023-01-09,120.1508,24.11646842956543
2023-01-10,120.2483,24.133859634399414
2023-01-11,120.1614,24.133859634399414
2023-01-12,119.4218,23.899045944213867
2023-01-13,119.1673,23.890348434448242
2023-01-16,119.1673,23.890348434448242
2023-01-17,119.2121,23.959922790527344
2023-01-18,119.0755,23.959922790527344
2023-01-19,119.6107,23.899045944213867
2023-01-20,119.3486,23.8642578125
2023-01-23,119.1434,23.899045944213867
2023-01-24,119.0958,23.872955322265625
2023-01-25,118.9686,23.79468536376953
2023-01-26,119.021,23.855562210083008
2023-01-27,118.9223,23.890348434448242
2023-01-30,118.8953,23.977317810058594
2023-01-31,118.9802,23.92513656616211
2023-02-01,118.6259,23.699016571044922
2023-02-02,118.3421,23.855562210083008
2023-02-03,119.5095,24.168651580810547
2023-02-06,120.541,24.30780029296875
2023-02-07,120.3475,24.264314651489258
2023-02-08,120.1436,24.2904052734375
2023-02-09,119.9781,24.255617141723633
2023-02-10,120.1419,24.333890914916992
2023-02-13,119.9828,24.264314651489258
2023-02-14,119.9229,24.24692153930664
2023-02-15,120.4557,24.41216278076172
2023-02-16,120.4651,24.446949005126953
2023-02-17,120.5526,24.429555892944336
2023-02-20,120.5526,24.429555892944336
2023-02-21,120.6256,24.507827758789062
2023-02-22,120.8389,24.586101531982422
2023-02-23,121.0896,24.594797134399414
2023-02-24,121.5681,24.77743148803711
2023-02-27,121.3941,24.6469783782959
2023-02-28,121.3341,24.716554641723633
2023-03-01,120.6347,24.586101531982422
2023-03-02,121.1302,24.716554641723633
2023-03-03,120.7742,24.620885848999023
2023-03-06,120.485,24.586101531982422
2023-03-07,121.4623,24.890491485595703
2023-03-08,121.4511,24.881793975830078
2023-03-09,121.4458,24.812219619750977
2023-03-10,121.2421,24.655675888061523
2023-03-13,120.8897,24.429555892944336
2023-03-14,121.0141,24.429555892944336
2023-03-15,122.1079,24.690462112426758
2023-03-16,121.7221,24.664371490478516
2023-03-17,121.5643,24.525222778320312
2023-03-20,121.0141,24.386072158813477
2023-03-21,120.8958,24.37737464904785
2023-03-22,120.6217,24.194740295410156
2023-03-23,119.7587,24.22952651977539
2023-03-24,120.4598,24.37737464904785
2023-03-27,120.2541,24.299102783203125
2023-03-28,119.7138,24.212133407592773
2023-03-29,119.7258,24.273012161254883
2023-03-30,119.4078,24.15995216369629
2023-03-31,119.3602,24.24692153930664
2023-04-03,119.3204,24.133859634399414
2023-04-04,119.142,24.03819465637207
2023-04-05,119.2953,24.107770919799805
2023-04-06,119.3072,24.125164031982422
2023-04-07,119.3547,24.125164031982422
2023-04-10,119.7948,24.264314651489258
2023-04-11,119.5248,24.177345275878906
2023-04-12,119.003,24.046892166137695
2023-04-13,118.3915,23.933834075927734
2023-04-14,118.8567,24.07298469543457
2023-04-17,119.2787,24.194740295410156
2023-04-18,119.1049,24.107770919799805
2023-04-19,119.303,24.15995216369629
2023-04-20,119.1199,24.15995216369629
2023-04-21,119.3117,24.133859634399414
2023-04-24,119.2039,24.05558967590332
2023-04-25,119.613,24.168651580810547
2023-04-26,119.3228,24.090377807617188
2023-04-27,119.4298,24.09907341003418
2023-04-28,119.2248,24.133859634399414
2023-05-01,119.4435,24.255617141723633
2023-05-02,119.6105,24.194740295410156
2023-05-03,119.1233,24.064287185668945
2023-05-04,119.0465,24.090377807617188
2023-05-05,118.5548,24.05558967590332
2023-05-08,118.5759,24.090377807617188
2023-05-09,118.8239,24.168651580810547
2023-05-10,118.5864,24.125164031982422
2023-05-11,119.0303,24.281709671020508
2023-05-12,119.3671,24.43825340270996
2023-05-15,119.1608,24.36867904663086
2023-05-16,119.1743,24.429555892944336
2023-05-17,119.607,24.473039627075195
2023-05-18,120.0886,24.655675888061523
2023-05-19,119.7751,24.586101531982422
2023-05-22,120.0875,24.60349464416504
2023-05-23,120.3204,24.673070907592773
2023-05-24,120.4752,24.76003646850586
2023-05-25,120.8413,24.873098373413086
2023-05-26,120.6304,24.86440086364746
2023-05-29,120.6304,24.86440086364746
2023-05-30,120.5546,24.838308334350586
2023-05-31,120.9662,24.881793975830078
2023-06-01,120.0491,24.586101531982422
2023-06-02,120.0049,24.847007751464844
2023-06-05,120.0048,24.803524017333984
2023-06-06,119.9718,24.881793975830078
2023-06-07,119.859,24.890491485595703
2023-06-08,119.5712,24.690462112426758
2023-06-09,119.4322,24.768735885620117
2023-06-12,119.6376,24.77743148803711
2023-06-13,119.1899,24.69915771484375
2023-06-14,118.776,24.577404022216797
2023-06-15,118.5521,24.43825340270996
2023-06-16,118.4184,24.481735229492188
2023-06-19,118.4184,24.481735229492188
2023-06-20,118.938,24.551313400268555
2023-06-21,118.727,24.43825340270996
2023-06-22,118.7552,24.525222778320312
2023-06-23,119.152,24.655675888061523
2023-06-26,119.0761,24.62958526611328
2023-06-27,118.8949,24.56870460510254
2023-06-28,119.3382,24.681766510009766
2023-06-29,119.527,24.7861270904541
2023-06-30,119.3606,24.681766510009766
2023-07-03,119.2119,24.707855224609375
2023-07-04,119.2119,24.707855224609375
2023-07-05,119.3483,24.8209171295166
2023-07-06,119.8193,24.76003646850586
2023-07-07,119.0761,24.551313400268555
2023-07-10,118.9548,24.490432739257812
2023-07-11,118.7344,24.429555892944336
2023-07-12,117.6385,24.142559051513672
2023-07-13,117.1831,23.977317810058594
2023-07-14,117.0463,24.020803451538086
2023-07-17,117.1267,23.99471092224121
2023-07-18,117.0264,24.01210594177246
2023-07-19,117.3462,24.107770919799805
2023-07-20,117.5947,24.24692153930664
2023-07-21,117.9418,24.31649398803711
2023-07-24,117.8124,24.40346336364746
2023-07-25,117.8565,24.37737464904785
2023-07-26,117.76,24.30780029296875
2023-07-27,117.8938,24.533916473388672
2023-07-28,117.788,24.49913215637207
2023-07-31,117.8241,24.542613983154297
2023-08-01,118.5738,24.655675888061523
2023-08-02,119.1268,24.742645263671875
2023-08-03,119.3963,24.725250244140625
2023-08-04,118.821,24.60349464416504
2023-08-07,119.0809,24.620885848999023
2023-08-08,119.6407,24.733945846557617
2023-08-09,119.476,24.751338958740234
2023-08-10,119.1581,24.794824600219727
2023-08-11,119.6268,24.847007751464844
2023-08-14,120.0725,24.933977127075195
2023-08-15,120.2127,24.942672729492188
2023-08-16,120.3551,25.01224708557129
2023-08-17,120.5242,25.003549575805664
2023-08-18,120.4321,25.020946502685547
2023-08-21,120.4627,24.994853973388672
2023-08-22,120.3554,25.081823348999023
2023-08-23,120.0307,24.994853973388672
2023-08-24,120.2354,25.194881439208984
2023-08-25,120.5137,25.22966957092285
2023-08-28,120.3155,25.18618392944336
2023-08-29,120.2669,25.047033309936523
2023-08-30,119.7937,25.003549575805664
2023-08-31,120.225,25.125307083129883
2023-09-01,120.759,25.281850814819336
2023-09-04,120.759,25.281850814819336
2023-09-05,121.4345,25.412303924560547
2023-09-06,121.8671,25.421001434326172
2023-09-07,121.9528,25.48187828063965
2023-09-08,121.9475,25.507970809936523
2023-09-11,121.3386,25.386213302612305
2023-09-12,121.2913,25.429698944091797
2023-09-13,121.0549,25.447092056274414
2023-09-14,121.2395,25.603635787963867
2023-09-15,121.199,25.58624267578125
2023-09-18,121.1938,25.542757034301758
2023-09-19,121.1645,25.560152053833008
2023-09-20,120.9648,25.603635787963867
2023-09-21,121.5528,25.621028900146484
2023-09-22,121.5306,25.681909561157227
2023-09-25,122.1143,25.77757453918457
2023-09-26,122.4742,25.855846405029297
2023-09-27,122.9895,25.977602005004883
2023-09-28,122.5342,25.838451385498047
2023-09-29,122.3077,25.855846405029297
2023-10-02,123.0545,26.055871963500977
2023-10-03,123.7848,26.08196449279785
2023-10-04,123.5946,26.003692626953125
2023-10-05,123.8993,25.916723251342773
2023-10-06,123.3563,25.86454200744629
2023-10-09,123.3563,25.855846405029297
2023-10-10,122.9282,25.794965744018555
2023-10-11,122.7697,25.794965744018555
2023-10-12,123.2101,26.012388229370117
2023-10-13,123.5954,26.02978515625
2023-10-16,123.3185,25.916723251342773
2023-10-17,123.1202,25.925418853759766
2023-10-18,123.8148,26.021085739135742
2023-10-19,123.798,25.94281578063965
2023-10-20,123.612,25.95151138305664
2023-10-23,123.2846,25.82105827331543
2023-10-24,123.6416,25.96890640258789
2023-10-25,123.7871,26.038480758666992
2023-10-26,124.0064,26.09935760498047
2023-10-27,123.62,26.0645694732666
2023-10-30,123.4076,25.960206985473633
2023-10-31,123.8364,26.11675262451172
2023-11-01,123.7922,26.125450134277344
2023-11-02,122.8818,25.9949951171875
2023-11-03,121.7564,25.751483917236328
2023-11-06,121.6484,25.77757453918457
2023-11-07,122.0777,25.86454200744629
2023-11-08,122.0926,25.855846405029297
2023-11-09,122.1281,25.96890640258789
2023-11-10,122.1281,25.95151138305664
2023-11-13,122.4264,25.916723251342773
2023-11-14,121.35,25.507970809936523
2023-11-15,121.0749,25.603635787963867
2023-11-16,121.1754,25.621028900146484
2023-11-17,120.8477,25.48187828063965
2023-11-20,120.2533,25.403606414794922
2023-11-21,120.2241,25.429698944091797
2023-11-22,120.6802,25.516666412353516
2023-11-23,120.6802,25.516666412353516
2023-11-24,120.2105,25.403606414794922
2023-11-27,120.173,25.351425170898438
2023-11-28,119.5904,25.264455795288086
2023-11-29,119.8159,25.29054832458496
2023-11-30,120.2434,25.47318458557129
2023-12-01,119.9424,25.39491081237793
2023-12-04,120.4727,25.507970809936523
2023-12-05,120.7913,25.603635787963867
2023-12-06,120.5334,25.664514541625977
2023-12-07,120.6013,25.52536392211914
2023-12-08,120.7607,25.621028900146484
2023-12-11,120.9279,25.65581703186035
2023-12-12,120.6817,25.58624267578125
2023-12-13,121.1571,25.368820190429688
2023-12-14,119.5683,25.134002685546875
2023-12-15,119.7382,25.299243927001953
2023-12-18,119.9102,25.295543670654297
2023-12-19,119.4632,25.18451690673828
2023-12-20,119.5435,25.295543670654297
2023-12-21,119.3168,25.129003524780273
2023-12-22,119.0625,25.1197509765625
2023-12-25,119.0625,25.1197509765625
2023-12-26,118.8875,25.064237594604492
2023-12-27,118.4729,24.934709548950195
2023-12-28,118.4104,25.01797866821289
2023-12-29,118.4208,25.064237594604492
2024-01-01,118.4208,25.064237594604492
2024-01-02,119.2686,25.27703857421875
2024-01-03,119.6958,25.360309600830078
2024-01-04,119.6208,25.360309600830078
2024-01-05,119.388,25.360309600830078
2024-01-08,119.2506,25.314048767089844
2024-01-09,119.6666,25.39731788635254
2024-01-10,119.7614,25.351057052612305
2024-01-11,119.8916,25.36956024169922
2024-01-12,119.534,25.39731788635254
2024-01-15,119.534,25.39731788635254
2024-01-16,120.5759,25.61937141418457
2024-01-17,121.0402,25.637874603271484
2024-01-18,120.8895,25.665632247924805
2024-01-19,120.6442,25.628623962402344
2024-01-22,120.6178,25.637874603271484
2024-01-23,121.1001,25.702640533447266
2024-01-24,120.4916,25.628623962402344
2024-01-25,120.8311,25.702640533447266
2024-01-26,120.6173,25.702640533447266
2024-01-29,120.8538,25.702640533447266
2024-01-30,120.6025,25.68413734436035
2024-01-31,120.4331,25.7489013671875
2024-02-01,120.3335,25.61937141418457
2024-02-02,120.902,25.850677490234375
2024-02-05,121.349,25.989459991455078
2024-02-06,120.9588,25.915441513061523
2024-02-07,120.9049,25.887685775756836
2024-02-08,121.0798,25.915441513061523
2024-02-09,121.039,25.896936416625977
2024-02-12,120.9378,25.924694061279297
2024-02-13,121.5202,26.12824249267578
2024-02-14,121.4002,26.081981658935547
2024-02-15,121.2121,25.980207443237305
2024-02-16,121.1505,25.989459991455078
2024-02-19,121.1505,25.989459991455078
2024-02-20,121.0199,25.952449798583984
2024-02-21,121.0379,25.924694061279297
2024-02-22,121.102,25.924694061279297
2024-02-23,121.0369,25.943199157714844
2024-02-26,121.0592,25.896936416625977
2024-02-27,120.9647,25.915441513061523
2024-02-28,121.128,25.933948516845703
2024-02-29,121.1824,25.989459991455078
2024-03-01,121.0111,25.943199157714844
2024-03-04,120.872,25.943199157714844
2024-03-05,120.8846,25.915441513061523
2024-03-06,120.4649,25.822919845581055
2024-03-07,120.1909,25.693389892578125
2024-03-08,119.975,25.702640533447266
2024-03-11,120.0394,25.730396270751953
2024-03-12,120.1668,25.7489013671875
2024-03-13,119.9642,25.721145629882812
2024-03-14,120.241,25.85993003845215
2024-03-15,120.4003,25.887685775756836
2024-03-18,120.5752,25.943199157714844
2024-03-19,120.9332,26.007963180541992
2024-03-20,120.9289,25.887685775756836
2024-03-21,120.8086,26.0634765625
2024-03-22,121.1842,26.202259063720703
2024-03-25,121.0295,26.137495040893555
2024-03-26,121.0742,26.1560001373291
2024-03-27,121.0089,26.174503326416016
2024-03-28,121.0635,26.24852180480957
2024-03-29,121.0191,26.24852180480957
2024-04-01,121.5151,26.350296020507812
2024-04-02,121.3035,26.31328773498535
2024-04-03,121.0198,26.193008422851562
2024-04-04,120.7613,26.193008422851562
2024-04-05,120.9646,26.220766067504883
2024-04-08,120.7359,26.18375587463379
2024-04-09,120.7048,26.174503326416016
2024-04-10,121.5727,26.452070236206055
2024-04-11,121.6081,26.4705753326416
2024-04-12,122.2885,26.68337631225586
2024-04-15,122.425,26.72963523864746
2024-04-16,123.1234,26.766645431518555
2024-04-17,123.0207,26.68337631225586
2024-04-18,123.0017,26.738889694213867
2024-04-19,123.1075,26.738889694213867
2024-04-22,123.0609,26.748140335083008
2024-04-23,122.7227,26.637115478515625
2024-04-24,122.89,26.664871215820312
2024-04-25,122.8384,26.609357833862305
2024-04-26,122.9471,26.72963523864746
2024-04-29,122.5449,26.646366119384766
2024-04-30,122.9853,26.81290626525879
2024-05-01,123.0168,26.7851505279541
2024-05-02,122.4384,26.581600189208984
2024-05-03,122.1375,26.50758171081543
2024-05-06,121.8913,26.53533935546875
2024-05-07,122.093,26.609357833862305
2024-05-08,122.1926,26.646366119384766
2024-05-09,122.1634,26.553844451904297
2024-05-10,122.014,26.590852737426758
2024-05-13,122.0261,26.581600189208984
2024-05-14,121.9256,26.52608871459961
2024-05-15,121.3543,26.359548568725586
2024-05-16,121.2236,26.424312591552734
2024-05-17,121.2354,26.424312591552734
2024-05-20,121.2289,26.461322784423828
2024-05-21,121.3793,26.461322784423828
2024-05-22,121.5462,26.544593811035156
2024-05-23,121.7477,26.600107192993164
2024-05-24,121.6172,26.516836166381836
2024-05-27,121.6172,26.516836166381836
2024-05-28,121.43,26.479827880859375
2024-05-29,122.1641,26.62786293029785
2024-05-30,121.9601,26.544593811035156
2024-05-31,122.098,26.52608871459961
2024-06-03,122.3509,26.387304306030273
2024-06-04,122.7256,26.396556854248047
2024-06-05,122.5339,26.43356704711914
2024-06-06,122.3713,26.396556854248047
2024-06-07,123.549,26.618610382080078
2024-06-10,123.9125,26.68337631225586
2024-06-11,124.0349,26.72038459777832
2024-06-12,123.8295,26.600107192993164
2024-06-13,124.0235,26.701879501342773
2024-06-14,124.1694,26.822158813476562
2024-06-17,124.239,26.75739288330078
2024-06-18,123.9776,26.748140335083008
2024-06-19,123.9776,26.748140335083008
2024-06-20,124.192,26.859169006347656
2024-06-21,124.1086,26.923933029174805
2024-06-24,123.7125,26.831411361694336
2024-06-25,123.9417,26.859169006347656
2024-06-26,124.26,26.988697052001953
2024-06-27,124.3379,26.951688766479492
2024-06-28,124.2103,26.951688766479492
2024-07-01,124.4667,26.960941314697266
2024-07-02,124.2917,26.923933029174805
2024-07-03,123.7768,26.81290626525879
2024-07-04,123.7768,26.81290626525879
2024-07-05,123.4762,26.72038459777832
2024-07-08,123.3576,26.766645431518555
2024-07-09,123.4071,26.803653717041016
2024-07-10,123.1895,26.775897979736328
2024-07-11,122.769,26.637115478515625
2024-07-12,122.4404,26.544593811035156
2024-07-15,122.6347,26.590852737426758
2024-07-16,122.7264,26.590852737426758
2024-07-17,122.518,26.4705753326416
2024-07-18,122.7909,26.590852737426758
2024-07-19,123.147,26.664871215820312
2024-07-22,123.2172,26.646366119384766
2024-07-23,123.3843,26.692628860473633
2024-07-24,123.5575,26.68337631225586
2024-07-25,123.5286,26.68337631225586
2024-07-26,123.672,26.664871215820312
2024-07-29,124.1392,26.738889694213867
2024-07-30,124.2855,26.75739288330078
2024-07-31,123.6373,26.609357833862305
2024-08-01,123.8693,26.701879501342773
2024-08-02,123.4681,26.43356704711914
2024-08-05,123.5787,26.28553009033203
2024-08-06,123.6532,26.368799209594727
2024-08-07,123.5698,26.424312591552734
2024-08-08,123.4466,26.461322784423828
2024-08-09,122.9276,26.43356704711914
2024-08-12,123.2204,26.43356704711914
2024-08-13,123.0146,26.294782638549805
2024-08-14,122.4297,26.322540283203125
2024-08-15,122.5844,26.41506004333496
2024-08-16,122.3972,26.28553009033203
2024-08-19,121.8788,26.146747589111328
2024-08-20,121.7728,26.05422592163086
2024-08-21,121.8535,25.97095489501953
2024-08-22,122.3626,26.09123420715332
2024-08-23,121.4597,25.869178771972656
2024-08-26,121.6943,25.924694061279297
2024-08-27,121.8672,25.84142303466797
2024-08-28,121.8943,25.989459991455078
2024-08-29,122.2333,26.081981658935547
2024-08-30,122.3262,26.1560001373291
2024-09-02,122.3262,26.1560001373291
2024-09-03,122.7811,26.202259063720703
2024-09-04,122.5144,26.072731018066406
2024-09-05,122.4533,26.03571891784668
2024-09-06,122.4991,26.072731018066406
2024-09-09,122.7156,26.18375587463379
2024-09-10,123.0071,26.193008422851562
2024-09-11,122.7754,26.220766067504883
2024-09-12,122.4423,26.109737396240234
2024-09-13,121.6551,26.072731018066406
2024-09-16,121.4976,25.989459991455078
2024-09-17,121.6031,26.072731018066406
2024-09-18,121.5618,26.100486755371094
2024-09-19,121.3059,25.989459991455078
2024-09-20,121.4052,26.03571891784668
2024-09-23,121.4303,26.072731018066406
2024-09-24,121.1291,25.924694061279297
2024-09-25,121.4447,26.100486755371094
2024-09-26,121.0785,25.980207443237305
2024-09-27,121.1111,25.97095489501953
2024-09-30,121.2864,26.072731018066406
2024-10-01,121.6881,26.18375587463379
2024-10-02,121.5724,26.294782638549805
2024-10-03,122.1197,26.378053665161133
2024-10-04,122.2197,26.52608871459961
2024-10-07,122.4241,26.544593811035156
2024-10-08,122.6625,26.544593811035156
2024-10-09,122.8821,26.664871215820312
2024-10-10,123.0951,26.65561866760254
2024-10-11,122.9805,26.674121856689453
2024-10-14,122.9805,26.75739288330078
2024-10-15,123.5124,26.775897979736328
2024-10-16,123.9235,26.84991455078125
2024-10-17,124.1122,26.933185577392578
2024-10-18,123.9185,26.859169006347656
2024-10-21,124.4757,26.979446411132812
2024-10-22,124.4107,27.0072021484375
2024-10-23,124.6931,27.09972381591797
2024-10-24,124.5127,26.99795150756836
2024-10-25,124.6105,27.090473175048828
2024-10-28,124.8076,27.090473175048828
2024-10-29,124.8612,27.09972381591797
2024-10-30,124.8153,27.034957885742188
2024-10-31,124.7988,27.016454696655273
2024-11-01,124.8076,27.127479553222656
2024-11-04,124.5903,27.025707244873047
2024-11-05,124.5532,26.91468048095703
2024-11-06,125.7035,27.349533081054688
2024-11-07,124.775,27.127479553222656
2024-11-08,125.5811,27.31252670288086
2024-11-11,125.5811,27.46981430053711
2024-11-12,126.7762,27.590091705322266
2024-11-13,126.9572,27.747379302978516
2024-11-14,127.0015,27.858407974243164
2024-11-15,126.8848,27.830650329589844
2024-11-18,126.6045,27.69186782836914
2024-11-19,126.3994,27.682613372802734
2024-11-20,126.88,27.821395874023438
2024-11-21,127.1047,27.91391944885254
2024-11-22,127.4712,28.061954498291016
2024-11-25,126.9948,27.867658615112305
2024-11-26,127.4301,27.904666900634766
2024-11-27,126.8205,27.66411018371582
2024-11-28,126.8205,27.66411018371582
2024-11-29,126.5798,27.617849349975586
2024-12-02,127.1272,27.78438949584961
2024-12-03,126.9565,27.775136947631836
2024-12-04,126.7574,27.76588249206543
2024-12-05,126.4286,27.617849349975586
2024-12-06,126.688,27.69186782836914
2024-12-09,126.5981,27.738126754760742
2024-12-10,126.957,27.802892684936523
2024-12-11,126.8483,27.895414352416992
2024-12-12,126.9556,27.98793601989746
2024-12-13,127.3096,27.997190475463867
2024-12-16,127.2687,27.950927734375
2024-12-17,127.5043,27.97868537902832
2024-12-18,127.6418,28.302513122558594
2024-12-19,128.6366,28.3580265045166
2024-12-20,127.893,28.219242095947266
2024-12-23,128.3021,28.322710037231445
2024-12-24,128.3377,28.400068283081055
2024-12-25,128.3377,28.400068283081055
2024-12-26,128.3329,28.34204864501953
2024-12-27,128.45,28.293699264526367
2024-12-30,128.8205,28.322710037231445
2024-12-31,129.2775,28.448415756225586
2025-01-01,129.2775,28.448415756225586
2025-01-02,129.4598,28.690160751342773
2025-01-03,129.4535,28.603132247924805
2025-01-06,128.538,28.41940689086914
2025-01-07,128.613,28.525774002075195
2025-01-08,129.0785,28.63214111328125
2025-01-09,129.2827,28.63214111328125
2025-01-10,129.8664,28.77718734741211
2025-01-13,130.0413,28.864215850830078
2025-01-14,129.3812,28.680490493774414
2025-01-15,129.2092,28.63214111328125
2025-01-16,129.436,28.63214111328125
2025-01-17,129.4859,28.738508224487305
2025-01-20,129.4859,28.738508224487305
2025-01-21,128.4151,28.371057510375977
2025-01-22,128.3402,28.41940689086914
2025-01-23,128.2162,28.40973663330078
2025-01-24,127.4611,28.235681533813477
2025-01-27,128.0912,28.245349884033203
2025-01-28,128.2817,28.361387252807617
2025-01-29,128.3418,28.41940689086914
2025-01-30,128.1004,28.41940689086914
2025-01-31,128.4828,28.535444259643555
2025-02-03,129.109,28.661149978637695
2025-02-04,128.1083,28.400068283081055
2025-02-05,127.9751,28.35171890258789
2025-02-06,128.2017,28.332378387451172
2025-02-07,128.4292,28.458086013793945
2025-02-10,128.6382,28.545114517211914
2025-02-11,128.4322,28.448415756225586
2025-02-12,128.3288,28.467756271362305
2025-02-13,127.8931,28.235681533813477
2025-02-14,127.1491,28.158323287963867
2025-02-17,127.1491,28.158323287963867
2025-02-18,127.2906,28.21634292602539
2025-02-19,127.7317,28.245349884033203
2025-02-20,127.1126,28.022947311401367
2025-02-21,127.1408,28.119644165039062
2025-02-24,127.1921,28.13898468017578
2025-02-25,127.3752,28.032615661621094
2025-02-26,127.2822,28.090635299682617
2025-02-27,127.9704,28.293699264526367
2025-02-28,128.2805,28.41940689086914
2025-03-03,127.75,28.14865493774414
2025-03-04,127.9966,27.897239685058594
2025-03-05,126.504,27.55879783630371
2025-03-06,126.1099,27.539459228515625
2025-03-07,125.9814,27.452430725097656
2025-03-10,126.268,27.471771240234375
2025-03-11,126.0457,27.317054748535156
2025-03-12,125.8664,27.384742736816406
2025-03-13,126.0031,27.481441497802734
2025-03-14,125.6942,27.452430725097656
2025-03-17,125.3688,27.346065521240234
2025-03-18,125.488,27.326725006103516
2025-03-19,125.8006,27.394412994384766
2025-03-20,125.985,27.471771240234375
2025-03-21,126.2679,27.55879783630371
2025-03-24,126.1956,27.607147216796875
2025-03-25,126.0535,27.57813835144043
2025-03-26,126.2364,27.70384407043457
2025-03-27,126.3626,27.616817474365234
2025-03-28,126.4187,27.56846809387207
2025-03-31,126.7075,27.59747886657715
2025-04-01,126.4338,27.62648582458496
2025-04-02,126.3811,27.51045036315918
2025-04-03,124.7316,27.026962280273438
2025-04-04,125.8129,27.326725006103516
2025-04-07,126.8282,27.442760467529297
2025-04-08,126.8668,27.317054748535156
2025-04-09,126.628,27.35573387145996
2025-04-10,125.089,26.785219192504883
2025-04-11,124.0163,26.543476104736328
2025-04-14,123.6598,26.45644760131836
2025-04-15,123.776,26.60149383544922
2025-04-16,123.2724,26.37908935546875
2025-04-17,123.1298,26.398427963256836
2025-04-18,122.9865,26.398427963256836
2025-04-21,122.3145,26.147014617919922
2025-04-22,122.4175,26.29206085205078
2025-04-23,123.0252,26.53380584716797
2025-04-24,122.9251,26.417766571044922
2025-04-25,122.8858,26.485454559326172
2025-04-28,122.7176,26.321069717407227
2025-04-29,122.5944,26.408098220825195
2025-04-30,122.5921,26.50479507446289
2025-05-01,123.1405,26.65951156616211
2025-05-02,122.4962,26.620832443237305
2025-05-05,122.2613,26.57248306274414
2025-05-06,122.0417,26.408098220825195
2025-05-07,122.117,26.60149383544922
2025-05-08,122.7568,26.823896408081055
2025-05-09,122.5191,26.746540069580078
2025-05-12,123.4863,27.123659133911133
2025-05-13,122.9583,26.891584396362305
2025-05-14,122.6746,26.949604034423828
2025-05-15,122.8174,26.881916046142578
2025-05-16,123.0737,26.959272384643555
2025-05-19,122.4186,26.775548934936523
2025-05-20,122.3199,26.698190689086914
2025-05-21,121.7496,26.5821533203125
2025-05-22,122.0429,26.65951156616211
2025-05-23,121.3837,26.46611785888672
2025-05-26,121.3837,26.46611785888672
2025-05-27,121.6099,26.611164093017578
2025-05-28,121.9888,26.698190689086914
2025-05-29,121.5617,26.553142547607422
2025-05-30,121.7674,26.543476104736328
2025-06-02,121.1881,26.35974884033203
2025-06-03,121.4592,26.53380584716797
2025-06-04,121.0539,26.417766571044922
2025-06-05,120.9596,26.398427963256836
2025-06-06,121.161,26.53380584716797
2025-06-09,120.9103,26.46611785888672
2025-06-10,121.0485,26.49512481689453
2025-06-11,120.587,26.398427963256836
2025-06-12,120.1723,26.205034255981445
2025-06-13,120.3245,26.272722244262695
2025-06-16,120.1565,26.30173110961914
2025-06-17,120.5048,26.475786209106445
2025-06-18,120.7305,26.52413558959961
2025-06-19,120.7305,26.52413558959961
2025-06-20,121.0408,26.49512481689453
2025-06-23,121.1694,26.38875961303711
2025-06-24,120.3645,26.253381729125977
2025-06-25,120.3336,26.185693740844727
2025-06-26,119.6451,26.07932472229004
2025-06-27,119.659,26.127676010131836
2025-06-30,119.4088,25.992298126220703
2025-07-01,119.3436,25.982629776000977
2025-07-02,119.3037,25.963289260864258
2025-07-03,119.2382,26.0889949798584
2025-07-04,119.2382,26.0889949798584
2025-07-07,119.6201,26.176023483276367
2025-07-08,119.8371,26.195363998413086
2025-07-09,119.7311,26.195363998413086
2025-07-10,119.8343,26.243711471557617
2025-07-11,119.9214,26.321069717407227
2025-07-14,120.2209,26.38875961303711
2025-07-15,120.5105,26.53380584716797
2025-07-16,120.4175,26.43710708618164
2025-07-17,120.6384,26.553142547607422
2025-07-18,120.356,26.51446533203125
2025-07-21,119.9961,26.340410232543945
2025-07-22,119.681,26.205034255981445
2025-07-23,119.5697,26.166353225708008
2025-07-24,119.5664,26.234041213989258
2025-07-25,119.9857,26.29206085205078
2025-07-28,120.6149,26.59182357788086
2025-07-29,120.9674,26.65951156616211
2025-07-30,121.4042,26.920595169067383
2025-07-31,121.721,26.978612899780273
2025-08-01,121.2122,26.65951156616211
2025-08-04,120.9859,26.64984130859375
2025-08-05,120.9082,26.64984130859375
2025-08-06,120.5082,26.49512481689453
2025-08-07,120.5043,26.475786209106445
2025-08-08,120.3329,26.52413558959961
2025-08-11,120.6892,26.630502700805664
2025-08-12,120.2736,26.49512481689453
2025-08-13,120.13,26.42743682861328
2025-08-14,120.6446,26.52413558959961
2025-08-15,120.3377,26.43710708618164
2025-08-18,120.5622,26.50479507446289
2025-08-19,120.7224,26.57248306274414
2025-08-20,120.7757,26.553142547607422
2025-08-21,121.0843,26.688520431518555
2025-08-22,120.2774,26.42743682861328
2025-08-25,120.4214,26.64017105102539
2025-08-26,120.5274,26.57248306274414
2025-08-27,120.7274,26.5821533203125
2025-08-28,120.2595,26.485454559326172
2025-08-29,120.2082,26.46611785888672
2025-09-01,120.2082,26.46611785888672
2025-09-02,120.6837,26.64017105102539
2025-09-03,120.5052,26.59182357788086
2025-09-04,120.7629,26.630502700805664
2025-09-05,120.1282,26.49512481689453
2025-09-08,120.0971,26.408098220825195
2025-09-09,120.1569,26.51446533203125
2025-09-10,120.1223,26.53380584716797
2025-09-11,119.9534,26.44677734375
2025-09-12,120.0611,26.485454559326172
2025-09-15,119.5644,26.398427963256836
2025-09-16,119.1348,26.234041213989258
2025-09-17,119.1582,26.321069717407227
2025-09-18,119.6616,26.44677734375
2025-09-19,119.7858,26.52413558959961
2025-09-22,119.8152,26.42743682861328
2025-09-23,119.6202,26.408098220825195
2025-09-24,120.1707,26.60149383544922
2025-09-25,120.5419,26.785219192504883
2025-09-26,120.4349,26.688520431518555
2025-09-29,120.115,26.630502700805664
2025-09-30,120.1368,26.60149383544922
2025-10-01,120.1502,26.59182357788086
2025-10-02,120.4296,26.630502700805664
2025-10-03,120.0881,26.5821533203125
2025-10-06,120.2722,26.707860946655273
2025-10-07,120.4884,26.862577438354492
2025-10-08,120.7766,26.920595169067383
2025-10-09,121.0902,27.104320526123047
2025-10-10,121.1163,26.968942642211914
2025-10-13,121.1163,27.065641403198242
2025-10-14,121.1822,26.988283157348633
2025-10-15,120.8642,26.910924911499023
2025-10-16,120.6698,26.80455780029297
2025-10-17,120.7028,26.833566665649414
2025-10-20,120.6209,26.901254653930664
2025-10-21,120.8895,27.00762367248535
2025-10-22,120.8958,26.978612899780273
2025-10-23,120.9531,26.988283157348633
2025-10-24,120.9345,26.988283157348633
2025-10-27,120.7988,26.959272384643555
2025-10-28,120.6361,26.9399356842041
2025-10-29,120.5312,27.094650268554688
2025-10-30,121.2832,27.201017379760742
2025-10-31,121.3859,27.27837562561035
2025-11-03,121.4512,27.297714233398438
2025-11-04,121.8271,27.384742736816406
2025-11-05,121.8482,27.394412994384766
2025-11-06,121.6948,27.249366760253906
2025-11-07,121.388,27.230026245117188
2025-11-10,121.2984,27.249366760253906
2025-11-11,121.2984,27.2106876373291
2025-11-12,121.0458,27.220355987548828
2025-11-13,120.7725,27.14299964904785
2025-11-14,120.9666,27.181678771972656
2025-11-17,121.1146,27.249366760253906
2025-11-18,121.2127,27.27837562561035
2025-11-19,121.4978,27.452430725097656
2025-11-20,121.6889,27.471771240234375
2025-11-21,121.8653,27.452430725097656
2025-11-24,121.9171,27.452430725097656
2025-11-25,121.6335,27.375072479248047
2025-11-26,121.2437,27.297714233398438
2025-11-27,121.2437,27.297714233398438
2025-11-28,121.0527,27.27837562561035
2025-12-01,120.9862,27.268707275390625
2025-12-02,121.1467,27.259037017822266
2025-12-03,120.7336,27.123659133911133
2025-12-04,120.6766,27.181678771972656
2025-12-05,120.6863,27.152667999267578
2025-12-08,120.776,27.191349029541016
2025-12-09,120.6832,27.230026245117188
2025-12-10,120.6752,27.084980010986328
2025-12-11,119.98,26.988283157348633
2025-12-12,120.1442,27.026962280273438
2025-12-15,119.9561,27.00762367248535
2025-12-16,119.8902,26.978612899780273
2025-12-17,120.155,27.036630630493164
2025-12-18,120.0528,27.055971145629883
2025-12-19,120.1652,27.14299964904785
2025-12-22,119.9912,27.030000686645508
2025-12-23,119.7057,26.940000534057617
2025-12-24,119.4372,26.950000762939453
2025-12-25,119.4372,26.950000762939453
2025-12-26,119.4723,26.969999313354492
2025-12-29,119.5899,26.979999542236328
2025-12-30,119.4939,27.049999237060547
2025-12-31,119.7456,27.049999237060547
